date,state,state_abb,cat_tax,cat_str,rev,year,quarter
Q1-2010,Alabama,AL,T01,T01 Property Taxes,169,2010,1
Q1-2010,Alabama,AL,T09,T09 General Sales and Gross Receipts Taxes,506,2010,1
Q1-2010,Alabama,AL,T10,T10 Alcoholic Beverages Sales Tax,40,2010,1
Q1-2010,Alabama,AL,T11,T11 Amusements Sales Tax,0,2010,1
Q1-2010,Alabama,AL,T12,T12 Insurance Premiums Sales Tax,40,2010,1
Q1-2010,Alabama,AL,T13,T13 Motor Fuels Sales Tax,154,2010,1
Q1-2010,Alabama,AL,T14,T14 Pari-Mutuels Sales Tax,0,2010,1
Q1-2010,Alabama,AL,T15,T15 Public Utilities Sales Tax,200,2010,1
Q1-2010,Alabama,AL,T16,T16 Tobacco Products Sales Tax,36,2010,1
Q1-2010,Alabama,AL,T19,T19 Other Selective Sales and Gross Receipts Taxes,45,2010,1
Q1-2010,Alabama,AL,T20,T20 Alcoholic Beverages License,0,2010,1
Q1-2010,Alabama,AL,T21,T21 Amusements License,0,2010,1
Q1-2010,Alabama,AL,T22,T22 Corporations In General License,66,2010,1
Q1-2010,Alabama,AL,T23,T23 Hunting and Fishing License,3,2010,1
Q1-2010,Alabama,AL,T24,T24 Motor Vehicles License,43,2010,1
Q1-2010,Alabama,AL,T25,T25 Motor Vehicle Operators License,5,2010,1
Q1-2010,Alabama,AL,T27,T27 Public Utilities License,3,2010,1
Q1-2010,Alabama,AL,T28,"T28 Occupation and Business License, Not Elsewhere Classified",30,2010,1
Q1-2010,Alabama,AL,T29,T29 Other License Taxes,0,2010,1
Q1-2010,Alabama,AL,T40,T40 Individual Income Taxes,640,2010,1
Q1-2010,Alabama,AL,T41,T41 Corporation Net Income Taxes,82,2010,1
Q1-2010,Alabama,AL,T50,T50 Death and Gift Taxes,0,2010,1
Q1-2010,Alabama,AL,T51,T51 Documentary and Stock Transfer Taxes,7,2010,1
Q1-2010,Alabama,AL,T53,T53 Severance Taxes,23,2010,1
Q1-2010,Alabama,AL,T99,"T99 Taxes, Not Elsewhere Classified",0,2010,1
Q1-2010,Alabama,AL,TOTAL,Total Taxes,2092,2010,1
Q2-2010,Alabama,AL,T01,T01 Property Taxes,18,2010,2
Q2-2010,Alabama,AL,T09,T09 General Sales and Gross Receipts Taxes,543,2010,2
Q2-2010,Alabama,AL,T10,T10 Alcoholic Beverages Sales Tax,41,2010,2
Q2-2010,Alabama,AL,T11,T11 Amusements Sales Tax,0,2010,2
Q2-2010,Alabama,AL,T12,T12 Insurance Premiums Sales Tax,51,2010,2
Q2-2010,Alabama,AL,T13,T13 Motor Fuels Sales Tax,134,2010,2
Q2-2010,Alabama,AL,T14,T14 Pari-Mutuels Sales Tax,1,2010,2
Q2-2010,Alabama,AL,T15,T15 Public Utilities Sales Tax,186,2010,2
Q2-2010,Alabama,AL,T16,T16 Tobacco Products Sales Tax,31,2010,2
Q2-2010,Alabama,AL,T19,T19 Other Selective Sales and Gross Receipts Taxes,50,2010,2
Q2-2010,Alabama,AL,T20,T20 Alcoholic Beverages License,0,2010,2
Q2-2010,Alabama,AL,T21,T21 Amusements License,0,2010,2
Q2-2010,Alabama,AL,T22,T22 Corporations In General License,23,2010,2
Q2-2010,Alabama,AL,T23,T23 Hunting and Fishing License,3,2010,2
Q2-2010,Alabama,AL,T24,T24 Motor Vehicles License,51,2010,2
Q2-2010,Alabama,AL,T25,T25 Motor Vehicle Operators License,5,2010,2
Q2-2010,Alabama,AL,T27,T27 Public Utilities License,3,2010,2
Q2-2010,Alabama,AL,T28,"T28 Occupation and Business License, Not Elsewhere Classified",30,2010,2
Q2-2010,Alabama,AL,T29,T29 Other License Taxes,0,2010,2
Q2-2010,Alabama,AL,T40,T40 Individual Income Taxes,609,2010,2
Q2-2010,Alabama,AL,T41,T41 Corporation Net Income Taxes,129,2010,2
Q2-2010,Alabama,AL,T50,T50 Death and Gift Taxes,0,2010,2
Q2-2010,Alabama,AL,T51,T51 Documentary and Stock Transfer Taxes,8,2010,2
Q2-2010,Alabama,AL,T53,T53 Severance Taxes,22,2010,2
Q2-2010,Alabama,AL,T99,"T99 Taxes, Not Elsewhere Classified",0,2010,2
Q2-2010,Alabama,AL,TOTAL,Total Taxes,1937,2010,2
Q3-2010,Alabama,AL,T01,T01 Property Taxes,10,2010,3
Q3-2010,Alabama,AL,T09,T09 General Sales and Gross Receipts Taxes,540,2010,3
Q3-2010,Alabama,AL,T10,T10 Alcoholic Beverages Sales Tax,42,2010,3
Q3-2010,Alabama,AL,T11,T11 Amusements Sales Tax,0,2010,3
Q3-2010,Alabama,AL,T12,T12 Insurance Premiums Sales Tax,105,2010,3
Q3-2010,Alabama,AL,T13,T13 Motor Fuels Sales Tax,165,2010,3
Q3-2010,Alabama,AL,T14,T14 Pari-Mutuels Sales Tax,1,2010,3
Q3-2010,Alabama,AL,T15,T15 Public Utilities Sales Tax,214,2010,3
Q3-2010,Alabama,AL,T16,T16 Tobacco Products Sales Tax,35,2010,3
Q3-2010,Alabama,AL,T19,T19 Other Selective Sales and Gross Receipts Taxes,56,2010,3
Q3-2010,Alabama,AL,T20,T20 Alcoholic Beverages License,0,2010,3
Q3-2010,Alabama,AL,T21,T21 Amusements License,0,2010,3
Q3-2010,Alabama,AL,T22,T22 Corporations In General License,9,2010,3
Q3-2010,Alabama,AL,T23,T23 Hunting and Fishing License,5,2010,3
Q3-2010,Alabama,AL,T24,T24 Motor Vehicles License,52,2010,3
Q3-2010,Alabama,AL,T25,T25 Motor Vehicle Operators License,5,2010,3
Q3-2010,Alabama,AL,T27,T27 Public Utilities License,3,2010,3
Q3-2010,Alabama,AL,T28,"T28 Occupation and Business License, Not Elsewhere Classified",31,2010,3
Q3-2010,Alabama,AL,T29,T29 Other License Taxes,0,2010,3
Q3-2010,Alabama,AL,T40,T40 Individual Income Taxes,682,2010,3
Q3-2010,Alabama,AL,T41,T41 Corporation Net Income Taxes,157,2010,3
Q3-2010,Alabama,AL,T50,T50 Death and Gift Taxes,0,2010,3
Q3-2010,Alabama,AL,T51,T51 Documentary and Stock Transfer Taxes,8,2010,3
Q3-2010,Alabama,AL,T53,T53 Severance Taxes,22,2010,3
Q3-2010,Alabama,AL,T99,"T99 Taxes, Not Elsewhere Classified",0,2010,3
Q3-2010,Alabama,AL,TOTAL,Total Taxes,2140,2010,3
Q4-2010,Alabama,AL,T01,T01 Property Taxes,131,2010,4
Q4-2010,Alabama,AL,T09,T09 General Sales and Gross Receipts Taxes,539,2010,4
Q4-2010,Alabama,AL,T10,T10 Alcoholic Beverages Sales Tax,45,2010,4
Q4-2010,Alabama,AL,T11,T11 Amusements Sales Tax,0,2010,4
Q4-2010,Alabama,AL,T12,T12 Insurance Premiums Sales Tax,69,2010,4
Q4-2010,Alabama,AL,T13,T13 Motor Fuels Sales Tax,137,2010,4
Q4-2010,Alabama,AL,T14,T14 Pari-Mutuels Sales Tax,0,2010,4
Q4-2010,Alabama,AL,T15,T15 Public Utilities Sales Tax,197,2010,4
Q4-2010,Alabama,AL,T16,T16 Tobacco Products Sales Tax,34,2010,4
Q4-2010,Alabama,AL,T19,T19 Other Selective Sales and Gross Receipts Taxes,59,2010,4
Q4-2010,Alabama,AL,T20,T20 Alcoholic Beverages License,4,2010,4
Q4-2010,Alabama,AL,T21,T21 Amusements License,0,2010,4
Q4-2010,Alabama,AL,T22,T22 Corporations In General License,11,2010,4
Q4-2010,Alabama,AL,T23,T23 Hunting and Fishing License,9,2010,4
Q4-2010,Alabama,AL,T24,T24 Motor Vehicles License,57,2010,4
Q4-2010,Alabama,AL,T25,T25 Motor Vehicle Operators License,4,2010,4
Q4-2010,Alabama,AL,T27,T27 Public Utilities License,2,2010,4
Q4-2010,Alabama,AL,T28,"T28 Occupation and Business License, Not Elsewhere Classified",38,2010,4
Q4-2010,Alabama,AL,T29,T29 Other License Taxes,0,2010,4
Q4-2010,Alabama,AL,T40,T40 Individual Income Taxes,682,2010,4
Q4-2010,Alabama,AL,T41,T41 Corporation Net Income Taxes,73,2010,4
Q4-2010,Alabama,AL,T50,T50 Death and Gift Taxes,0,2010,4
Q4-2010,Alabama,AL,T51,T51 Documentary and Stock Transfer Taxes,8,2010,4
Q4-2010,Alabama,AL,T53,T53 Severance Taxes,29,2010,4
Q4-2010,Alabama,AL,T99,"T99 Taxes, Not Elsewhere Classified",0,2010,4
Q4-2010,Alabama,AL,TOTAL,Total Taxes,2127,2010,4
Q1-2011,Alabama,AL,T01,T01 Property Taxes,160,2011,1
Q1-2011,Alabama,AL,T09,T09 General Sales and Gross Receipts Taxes,527,2011,1
Q1-2011,Alabama,AL,T10,T10 Alcoholic Beverages Sales Tax,38,2011,1
Q1-2011,Alabama,AL,T11,T11 Amusements Sales Tax,0,2011,1
Q1-2011,Alabama,AL,T12,T12 Insurance Premiums Sales Tax,46,2011,1
Q1-2011,Alabama,AL,T13,T13 Motor Fuels Sales Tax,130,2011,1
Q1-2011,Alabama,AL,T14,T14 Pari-Mutuels Sales Tax,1,2011,1
Q1-2011,Alabama,AL,T15,T15 Public Utilities Sales Tax,183,2011,1
Q1-2011,Alabama,AL,T16,T16 Tobacco Products Sales Tax,31,2011,1
Q1-2011,Alabama,AL,T19,T19 Other Selective Sales and Gross Receipts Taxes,51,2011,1
Q1-2011,Alabama,AL,T20,T20 Alcoholic Beverages License,0,2011,1
Q1-2011,Alabama,AL,T22,T22 Corporations In General License,66,2011,1
Q1-2011,Alabama,AL,T23,T23 Hunting and Fishing License,4,2011,1
Q1-2011,Alabama,AL,T24,T24 Motor Vehicles License,48,2011,1
Q1-2011,Alabama,AL,T25,T25 Motor Vehicle Operators License,5,2011,1
Q1-2011,Alabama,AL,T27,T27 Public Utilities License,3,2011,1
Q1-2011,Alabama,AL,T28,"T28 Occupation and Business License, Not Elsewhere Classified",31,2011,1
Q1-2011,Alabama,AL,T29,T29 Other License Taxes,0,2011,1
Q1-2011,Alabama,AL,T40,T40 Individual Income Taxes,679,2011,1
Q1-2011,Alabama,AL,T41,T41 Corporation Net Income Taxes,53,2011,1
Q1-2011,Alabama,AL,T50,T50 Death and Gift Taxes,0,2011,1
Q1-2011,Alabama,AL,T51,T51 Documentary and Stock Transfer Taxes,9,2011,1
Q1-2011,Alabama,AL,T53,T53 Severance Taxes,26,2011,1
Q1-2011,Alabama,AL,TOTAL,Total Taxes,2092,2011,1
Q2-2011,Alabama,AL,T01,T01 Property Taxes,18,2011,2
Q2-2011,Alabama,AL,T09,T09 General Sales and Gross Receipts Taxes,558,2011,2
Q2-2011,Alabama,AL,T10,T10 Alcoholic Beverages Sales Tax,42,2011,2
Q2-2011,Alabama,AL,T11,T11 Amusements Sales Tax,0,2011,2
Q2-2011,Alabama,AL,T12,T12 Insurance Premiums Sales Tax,51,2011,2
Q2-2011,Alabama,AL,T13,T13 Motor Fuels Sales Tax,131,2011,2
Q2-2011,Alabama,AL,T14,T14 Pari-Mutuels Sales Tax,1,2011,2
Q2-2011,Alabama,AL,T15,T15 Public Utilities Sales Tax,195,2011,2
Q2-2011,Alabama,AL,T16,T16 Tobacco Products Sales Tax,35,2011,2
Q2-2011,Alabama,AL,T19,T19 Other Selective Sales and Gross Receipts Taxes,60,2011,2
Q2-2011,Alabama,AL,T20,T20 Alcoholic Beverages License,0,2011,2
Q2-2011,Alabama,AL,T22,T22 Corporations In General License,23,2011,2
Q2-2011,Alabama,AL,T23,T23 Hunting and Fishing License,3,2011,2
Q2-2011,Alabama,AL,T24,T24 Motor Vehicles License,51,2011,2
Q2-2011,Alabama,AL,T25,T25 Motor Vehicle Operators License,5,2011,2
Q2-2011,Alabama,AL,T27,T27 Public Utilities License,3,2011,2
Q2-2011,Alabama,AL,T28,"T28 Occupation and Business License, Not Elsewhere Classified",30,2011,2
Q2-2011,Alabama,AL,T29,T29 Other License Taxes,0,2011,2
Q2-2011,Alabama,AL,T40,T40 Individual Income Taxes,720,2011,2
Q2-2011,Alabama,AL,T41,T41 Corporation Net Income Taxes,129,2011,2
Q2-2011,Alabama,AL,T50,T50 Death and Gift Taxes,0,2011,2
Q2-2011,Alabama,AL,T51,T51 Documentary and Stock Transfer Taxes,7,2011,2
Q2-2011,Alabama,AL,T53,T53 Severance Taxes,30,2011,2
Q2-2011,Alabama,AL,TOTAL,Total Taxes,2091,2011,2
Q3-2011,Alabama,AL,T01,T01 Property Taxes,11,2011,3
Q3-2011,Alabama,AL,T09,T09 General Sales and Gross Receipts Taxes,551,2011,3
Q3-2011,Alabama,AL,T10,T10 Alcoholic Beverages Sales Tax,43,2011,3
Q3-2011,Alabama,AL,T11,T11 Amusements Sales Tax,0,2011,3
Q3-2011,Alabama,AL,T12,T12 Insurance Premiums Sales Tax,106,2011,3
Q3-2011,Alabama,AL,T13,T13 Motor Fuels Sales Tax,150,2011,3
Q3-2011,Alabama,AL,T14,T14 Pari-Mutuels Sales Tax,0,2011,3
Q3-2011,Alabama,AL,T15,T15 Public Utilities Sales Tax,196,2011,3
Q3-2011,Alabama,AL,T16,T16 Tobacco Products Sales Tax,37,2011,3
Q3-2011,Alabama,AL,T19,T19 Other Selective Sales and Gross Receipts Taxes,66,2011,3
Q3-2011,Alabama,AL,T20,T20 Alcoholic Beverages License,0,2011,3
Q3-2011,Alabama,AL,T22,T22 Corporations In General License,10,2011,3
Q3-2011,Alabama,AL,T23,T23 Hunting and Fishing License,6,2011,3
Q3-2011,Alabama,AL,T24,T24 Motor Vehicles License,44,2011,3
Q3-2011,Alabama,AL,T25,T25 Motor Vehicle Operators License,6,2011,3
Q3-2011,Alabama,AL,T27,T27 Public Utilities License,4,2011,3
Q3-2011,Alabama,AL,T28,"T28 Occupation and Business License, Not Elsewhere Classified",30,2011,3
Q3-2011,Alabama,AL,T29,T29 Other License Taxes,0,2011,3
Q3-2011,Alabama,AL,T40,T40 Individual Income Taxes,715,2011,3
Q3-2011,Alabama,AL,T41,T41 Corporation Net Income Taxes,47,2011,3
Q3-2011,Alabama,AL,T50,T50 Death and Gift Taxes,0,2011,3
Q3-2011,Alabama,AL,T51,T51 Documentary and Stock Transfer Taxes,8,2011,3
Q3-2011,Alabama,AL,T53,T53 Severance Taxes,31,2011,3
Q3-2011,Alabama,AL,TOTAL,Total Taxes,2059,2011,3
Q4-2011,Alabama,AL,T01,T01 Property Taxes,136,2011,4
Q4-2011,Alabama,AL,T09,T09 General Sales and Gross Receipts Taxes,560,2011,4
Q4-2011,Alabama,AL,T10,T10 Alcoholic Beverages Sales Tax,46,2011,4
Q4-2011,Alabama,AL,T11,T11 Amusements Sales Tax,0,2011,4
Q4-2011,Alabama,AL,T12,T12 Insurance Premiums Sales Tax,59,2011,4
Q4-2011,Alabama,AL,T13,T13 Motor Fuels Sales Tax,131,2011,4
Q4-2011,Alabama,AL,T14,T14 Pari-Mutuels Sales Tax,0,2011,4
Q4-2011,Alabama,AL,T15,T15 Public Utilities Sales Tax,189,2011,4
Q4-2011,Alabama,AL,T16,T16 Tobacco Products Sales Tax,30,2011,4
Q4-2011,Alabama,AL,T19,T19 Other Selective Sales and Gross Receipts Taxes,63,2011,4
Q4-2011,Alabama,AL,T20,T20 Alcoholic Beverages License,4,2011,4
Q4-2011,Alabama,AL,T22,T22 Corporations In General License,12,2011,4
Q4-2011,Alabama,AL,T23,T23 Hunting and Fishing License,8,2011,4
Q4-2011,Alabama,AL,T24,T24 Motor Vehicles License,57,2011,4
Q4-2011,Alabama,AL,T25,T25 Motor Vehicle Operators License,5,2011,4
Q4-2011,Alabama,AL,T27,T27 Public Utilities License,4,2011,4
Q4-2011,Alabama,AL,T28,"T28 Occupation and Business License, Not Elsewhere Classified",38,2011,4
Q4-2011,Alabama,AL,T29,T29 Other License Taxes,0,2011,4
Q4-2011,Alabama,AL,T40,T40 Individual Income Taxes,701,2011,4
Q4-2011,Alabama,AL,T41,T41 Corporation Net Income Taxes,99,2011,4
Q4-2011,Alabama,AL,T50,T50 Death and Gift Taxes,0,2011,4
Q4-2011,Alabama,AL,T51,T51 Documentary and Stock Transfer Taxes,9,2011,4
Q4-2011,Alabama,AL,T53,T53 Severance Taxes,31,2011,4
Q4-2011,Alabama,AL,TOTAL,Total Taxes,2182,2011,4
Q1-2012,Alabama,AL,T01,T01 Property Taxes,158,2012,1
Q1-2012,Alabama,AL,T09,T09 General Sales and Gross Receipts Taxes,563,2012,1
Q1-2012,Alabama,AL,T10,T10 Alcoholic Beverages Sales Tax,41,2012,1
Q1-2012,Alabama,AL,T11,T11 Amusements Sales Tax,0,2012,1
Q1-2012,Alabama,AL,T12,T12 Insurance Premiums Sales Tax,53,2012,1
Q1-2012,Alabama,AL,T13,T13 Motor Fuels Sales Tax,133,2012,1
Q1-2012,Alabama,AL,T14,T14 Pari-Mutuels Sales Tax,0,2012,1
Q1-2012,Alabama,AL,T15,T15 Public Utilities Sales Tax,178,2012,1
Q1-2012,Alabama,AL,T16,T16 Tobacco Products Sales Tax,31,2012,1
Q1-2012,Alabama,AL,T19,T19 Other Selective Sales and Gross Receipts Taxes,57,2012,1
Q1-2012,Alabama,AL,T20,T20 Alcoholic Beverages License,0,2012,1
Q1-2012,Alabama,AL,T22,T22 Corporations In General License,83,2012,1
Q1-2012,Alabama,AL,T23,T23 Hunting and Fishing License,4,2012,1
Q1-2012,Alabama,AL,T24,T24 Motor Vehicles License,44,2012,1
Q1-2012,Alabama,AL,T25,T25 Motor Vehicle Operators License,5,2012,1
Q1-2012,Alabama,AL,T27,T27 Public Utilities License,3,2012,1
Q1-2012,Alabama,AL,T28,"T28 Occupation and Business License, Not Elsewhere Classified",30,2012,1
Q1-2012,Alabama,AL,T29,T29 Other License Taxes,0,2012,1
Q1-2012,Alabama,AL,T40,T40 Individual Income Taxes,696,2012,1
Q1-2012,Alabama,AL,T41,T41 Corporation Net Income Taxes,99,2012,1
Q1-2012,Alabama,AL,T50,T50 Death and Gift Taxes,0,2012,1
Q1-2012,Alabama,AL,T51,T51 Documentary and Stock Transfer Taxes,8,2012,1
Q1-2012,Alabama,AL,T53,T53 Severance Taxes,31,2012,1
Q1-2012,Alabama,AL,TOTAL,Total Taxes,2218,2012,1
Q2-2012,Alabama,AL,T01,T01 Property Taxes,18,2012,2
Q2-2012,Alabama,AL,T09,T09 General Sales and Gross Receipts Taxes,590,2012,2
Q2-2012,Alabama,AL,T10,T10 Alcoholic Beverages Sales Tax,42,2012,2
Q2-2012,Alabama,AL,T11,T11 Amusements Sales Tax,0,2012,2
Q2-2012,Alabama,AL,T12,T12 Insurance Premiums Sales Tax,58,2012,2
Q2-2012,Alabama,AL,T13,T13 Motor Fuels Sales Tax,132,2012,2
Q2-2012,Alabama,AL,T14,T14 Pari-Mutuels Sales Tax,0,2012,2
Q2-2012,Alabama,AL,T15,T15 Public Utilities Sales Tax,177,2012,2
Q2-2012,Alabama,AL,T16,T16 Tobacco Products Sales Tax,31,2012,2
Q2-2012,Alabama,AL,T19,T19 Other Selective Sales and Gross Receipts Taxes,69,2012,2
Q2-2012,Alabama,AL,T20,T20 Alcoholic Beverages License,0,2012,2
Q2-2012,Alabama,AL,T22,T22 Corporations In General License,26,2012,2
Q2-2012,Alabama,AL,T23,T23 Hunting and Fishing License,3,2012,2
Q2-2012,Alabama,AL,T24,T24 Motor Vehicles License,54,2012,2
Q2-2012,Alabama,AL,T25,T25 Motor Vehicle Operators License,5,2012,2
Q2-2012,Alabama,AL,T27,T27 Public Utilities License,4,2012,2
Q2-2012,Alabama,AL,T28,"T28 Occupation and Business License, Not Elsewhere Classified",29,2012,2
Q2-2012,Alabama,AL,T29,T29 Other License Taxes,0,2012,2
Q2-2012,Alabama,AL,T40,T40 Individual Income Taxes,877,2012,2
Q2-2012,Alabama,AL,T41,T41 Corporation Net Income Taxes,139,2012,2
Q2-2012,Alabama,AL,T50,T50 Death and Gift Taxes,0,2012,2
Q2-2012,Alabama,AL,T51,T51 Documentary and Stock Transfer Taxes,9,2012,2
Q2-2012,Alabama,AL,T53,T53 Severance Taxes,29,2012,2
Q2-2012,Alabama,AL,TOTAL,Total Taxes,2293,2012,2
Q3-2012,Alabama,AL,T01,T01 Property Taxes,12,2012,3
Q3-2012,Alabama,AL,T09,T09 General Sales and Gross Receipts Taxes,562,2012,3
Q3-2012,Alabama,AL,T10,T10 Alcoholic Beverages Sales Tax,44,2012,3
Q3-2012,Alabama,AL,T11,T11 Amusements Sales Tax,0,2012,3
Q3-2012,Alabama,AL,T12,T12 Insurance Premiums Sales Tax,108,2012,3
Q3-2012,Alabama,AL,T13,T13 Motor Fuels Sales Tax,146,2012,3
Q3-2012,Alabama,AL,T14,T14 Pari-Mutuels Sales Tax,0,2012,3
Q3-2012,Alabama,AL,T15,T15 Public Utilities Sales Tax,194,2012,3
Q3-2012,Alabama,AL,T16,T16 Tobacco Products Sales Tax,34,2012,3
Q3-2012,Alabama,AL,T19,T19 Other Selective Sales and Gross Receipts Taxes,79,2012,3
Q3-2012,Alabama,AL,T20,T20 Alcoholic Beverages License,0,2012,3
Q3-2012,Alabama,AL,T22,T22 Corporations In General License,10,2012,3
Q3-2012,Alabama,AL,T23,T23 Hunting and Fishing License,5,2012,3
Q3-2012,Alabama,AL,T24,T24 Motor Vehicles License,47,2012,3
Q3-2012,Alabama,AL,T25,T25 Motor Vehicle Operators License,6,2012,3
Q3-2012,Alabama,AL,T27,T27 Public Utilities License,3,2012,3
Q3-2012,Alabama,AL,T28,"T28 Occupation and Business License, Not Elsewhere Classified",27,2012,3
Q3-2012,Alabama,AL,T29,T29 Other License Taxes,0,2012,3
Q3-2012,Alabama,AL,T40,T40 Individual Income Taxes,743,2012,3
Q3-2012,Alabama,AL,T41,T41 Corporation Net Income Taxes,76,2012,3
Q3-2012,Alabama,AL,T50,T50 Death and Gift Taxes,0,2012,3
Q3-2012,Alabama,AL,T51,T51 Documentary and Stock Transfer Taxes,10,2012,3
Q3-2012,Alabama,AL,T53,T53 Severance Taxes,26,2012,3
Q3-2012,Alabama,AL,TOTAL,Total Taxes,2134,2012,3
Q4-2012,Alabama,AL,T01,T01 Property Taxes,121,2012,4
Q4-2012,Alabama,AL,T09,T09 General Sales and Gross Receipts Taxes,581,2012,4
Q4-2012,Alabama,AL,T10,T10 Alcoholic Beverages Sales Tax,46,2012,4
Q4-2012,Alabama,AL,T11,T11 Amusements Sales Tax,0,2012,4
Q4-2012,Alabama,AL,T12,T12 Insurance Premiums Sales Tax,61,2012,4
Q4-2012,Alabama,AL,T13,T13 Motor Fuels Sales Tax,133,2012,4
Q4-2012,Alabama,AL,T14,T14 Pari-Mutuels Sales Tax,0,2012,4
Q4-2012,Alabama,AL,T15,T15 Public Utilities Sales Tax,184,2012,4
Q4-2012,Alabama,AL,T16,T16 Tobacco Products Sales Tax,29,2012,4
Q4-2012,Alabama,AL,T19,T19 Other Selective Sales and Gross Receipts Taxes,67,2012,4
Q4-2012,Alabama,AL,T20,T20 Alcoholic Beverages License,4,2012,4
Q4-2012,Alabama,AL,T22,T22 Corporations In General License,19,2012,4
Q4-2012,Alabama,AL,T23,T23 Hunting and Fishing License,8,2012,4
Q4-2012,Alabama,AL,T24,T24 Motor Vehicles License,50,2012,4
Q4-2012,Alabama,AL,T25,T25 Motor Vehicle Operators License,5,2012,4
Q4-2012,Alabama,AL,T27,T27 Public Utilities License,4,2012,4
Q4-2012,Alabama,AL,T28,"T28 Occupation and Business License, Not Elsewhere Classified",36,2012,4
Q4-2012,Alabama,AL,T29,T29 Other License Taxes,0,2012,4
Q4-2012,Alabama,AL,T40,T40 Individual Income Taxes,723,2012,4
Q4-2012,Alabama,AL,T41,T41 Corporation Net Income Taxes,68,2012,4
Q4-2012,Alabama,AL,T50,T50 Death and Gift Taxes,0,2012,4
Q4-2012,Alabama,AL,T51,T51 Documentary and Stock Transfer Taxes,8,2012,4
Q4-2012,Alabama,AL,T53,T53 Severance Taxes,28,2012,4
Q4-2012,Alabama,AL,TOTAL,Total Taxes,2178,2012,4
Q1-2013,Alabama,AL,T01,T01 Property Taxes,174,2013,1
Q1-2013,Alabama,AL,T09,T09 General Sales and Gross Receipts Taxes,564,2013,1
Q1-2013,Alabama,AL,T10,T10 Alcoholic Beverages Sales Tax,42,2013,1
Q1-2013,Alabama,AL,T11,T11 Amusements Sales Tax,0,2013,1
Q1-2013,Alabama,AL,T12,T12 Insurance Premiums Sales Tax,53,2013,1
Q1-2013,Alabama,AL,T13,T13 Motor Fuels Sales Tax,128,2013,1
Q1-2013,Alabama,AL,T14,T14 Pari-Mutuels Sales Tax,0,2013,1
Q1-2013,Alabama,AL,T15,T15 Public Utilities Sales Tax,185,2013,1
Q1-2013,Alabama,AL,T16,T16 Tobacco Products Sales Tax,29,2013,1
Q1-2013,Alabama,AL,T19,T19 Other Selective Sales and Gross Receipts Taxes,61,2013,1
Q1-2013,Alabama,AL,T20,T20 Alcoholic Beverages License,0,2013,1
Q1-2013,Alabama,AL,T22,T22 Corporations In General License,68,2013,1
Q1-2013,Alabama,AL,T23,T23 Hunting and Fishing License,4,2013,1
Q1-2013,Alabama,AL,T24,T24 Motor Vehicles License,56,2013,1
Q1-2013,Alabama,AL,T25,T25 Motor Vehicle Operators License,5,2013,1
Q1-2013,Alabama,AL,T27,T27 Public Utilities License,3,2013,1
Q1-2013,Alabama,AL,T28,"T28 Occupation and Business License, Not Elsewhere Classified",30,2013,1
Q1-2013,Alabama,AL,T29,T29 Other License Taxes,0,2013,1
Q1-2013,Alabama,AL,T40,T40 Individual Income Taxes,740,2013,1
Q1-2013,Alabama,AL,T41,T41 Corporation Net Income Taxes,107,2013,1
Q1-2013,Alabama,AL,T50,T50 Death and Gift Taxes,0,2013,1
Q1-2013,Alabama,AL,T51,T51 Documentary and Stock Transfer Taxes,12,2013,1
Q1-2013,Alabama,AL,T53,T53 Severance Taxes,30,2013,1
Q1-2013,Alabama,AL,TOTAL,Total Taxes,2293,2013,1
Q2-2013,Alabama,AL,T01,T01 Property Taxes,17,2013,2
Q2-2013,Alabama,AL,T09,T09 General Sales and Gross Receipts Taxes,603,2013,2
Q2-2013,Alabama,AL,T10,T10 Alcoholic Beverages Sales Tax,43,2013,2
Q2-2013,Alabama,AL,T11,T11 Amusements Sales Tax,0,2013,2
Q2-2013,Alabama,AL,T12,T12 Insurance Premiums Sales Tax,71,2013,2
Q2-2013,Alabama,AL,T13,T13 Motor Fuels Sales Tax,140,2013,2
Q2-2013,Alabama,AL,T14,T14 Pari-Mutuels Sales Tax,0,2013,2
Q2-2013,Alabama,AL,T15,T15 Public Utilities Sales Tax,181,2013,2
Q2-2013,Alabama,AL,T16,T16 Tobacco Products Sales Tax,31,2013,2
Q2-2013,Alabama,AL,T19,T19 Other Selective Sales and Gross Receipts Taxes,70,2013,2
Q2-2013,Alabama,AL,T20,T20 Alcoholic Beverages License,0,2013,2
Q2-2013,Alabama,AL,T21,T21 Amusements License,0,2013,2
Q2-2013,Alabama,AL,T22,T22 Corporations In General License,38,2013,2
Q2-2013,Alabama,AL,T23,T23 Hunting and Fishing License,4,2013,2
Q2-2013,Alabama,AL,T24,T24 Motor Vehicles License,51,2013,2
Q2-2013,Alabama,AL,T25,T25 Motor Vehicle Operators License,5,2013,2
Q2-2013,Alabama,AL,T27,T27 Public Utilities License,4,2013,2
Q2-2013,Alabama,AL,T28,"T28 Occupation and Business License, Not Elsewhere Classified",11,2013,2
Q2-2013,Alabama,AL,T29,T29 Other License Taxes,0,2013,2
Q2-2013,Alabama,AL,T40,T40 Individual Income Taxes,956,2013,2
Q2-2013,Alabama,AL,T41,T41 Corporation Net Income Taxes,146,2013,2
Q2-2013,Alabama,AL,T50,T50 Death and Gift Taxes,0,2013,2
Q2-2013,Alabama,AL,T51,T51 Documentary and Stock Transfer Taxes,10,2013,2
Q2-2013,Alabama,AL,T53,T53 Severance Taxes,31,2013,2
Q2-2013,Alabama,AL,T99,"T99 Taxes, Not Elsewhere Classified",0,2013,2
Q2-2013,Alabama,AL,TOTAL,Total Taxes,2412,2013,2
Q3-2013,Alabama,AL,T01,T01 Property Taxes,13,2013,3
Q3-2013,Alabama,AL,T09,T09 General Sales and Gross Receipts Taxes,584,2013,3
Q3-2013,Alabama,AL,T10,T10 Alcoholic Beverages Sales Tax,44,2013,3
Q3-2013,Alabama,AL,T11,T11 Amusements Sales Tax,0,2013,3
Q3-2013,Alabama,AL,T12,T12 Insurance Premiums Sales Tax,112,2013,3
Q3-2013,Alabama,AL,T13,T13 Motor Fuels Sales Tax,129,2013,3
Q3-2013,Alabama,AL,T14,T14 Pari-Mutuels Sales Tax,0,2013,3
Q3-2013,Alabama,AL,T15,T15 Public Utilities Sales Tax,188,2013,3
Q3-2013,Alabama,AL,T16,T16 Tobacco Products Sales Tax,31,2013,3
Q3-2013,Alabama,AL,T19,T19 Other Selective Sales and Gross Receipts Taxes,75,2013,3
Q3-2013,Alabama,AL,T20,T20 Alcoholic Beverages License,0,2013,3
Q3-2013,Alabama,AL,T21,T21 Amusements License,0,2013,3
Q3-2013,Alabama,AL,T22,T22 Corporations In General License,12,2013,3
Q3-2013,Alabama,AL,T23,T23 Hunting and Fishing License,5,2013,3
Q3-2013,Alabama,AL,T24,T24 Motor Vehicles License,48,2013,3
Q3-2013,Alabama,AL,T25,T25 Motor Vehicle Operators License,6,2013,3
Q3-2013,Alabama,AL,T27,T27 Public Utilities License,3,2013,3
Q3-2013,Alabama,AL,T28,"T28 Occupation and Business License, Not Elsewhere Classified",11,2013,3
Q3-2013,Alabama,AL,T29,T29 Other License Taxes,0,2013,3
Q3-2013,Alabama,AL,T40,T40 Individual Income Taxes,783,2013,3
Q3-2013,Alabama,AL,T41,T41 Corporation Net Income Taxes,60,2013,3
Q3-2013,Alabama,AL,T50,T50 Death and Gift Taxes,0,2013,3
Q3-2013,Alabama,AL,T51,T51 Documentary and Stock Transfer Taxes,12,2013,3
Q3-2013,Alabama,AL,T53,T53 Severance Taxes,31,2013,3
Q3-2013,Alabama,AL,T99,"T99 Taxes, Not Elsewhere Classified",0,2013,3
Q3-2013,Alabama,AL,TOTAL,Total Taxes,2147,2013,3
Q4-2013,Alabama,AL,T01,T01 Property Taxes,137,2013,4
Q4-2013,Alabama,AL,T09,T09 General Sales and Gross Receipts Taxes,594,2013,4
Q4-2013,Alabama,AL,T10,T10 Alcoholic Beverages Sales Tax,49,2013,4
Q4-2013,Alabama,AL,T11,T11 Amusements Sales Tax,0,2013,4
Q4-2013,Alabama,AL,T12,T12 Insurance Premiums Sales Tax,76,2013,4
Q4-2013,Alabama,AL,T13,T13 Motor Fuels Sales Tax,133,2013,4
Q4-2013,Alabama,AL,T14,T14 Pari-Mutuels Sales Tax,0,2013,4
Q4-2013,Alabama,AL,T15,T15 Public Utilities Sales Tax,177,2013,4
Q4-2013,Alabama,AL,T16,T16 Tobacco Products Sales Tax,30,2013,4
Q4-2013,Alabama,AL,T19,T19 Other Selective Sales and Gross Receipts Taxes,69,2013,4
Q4-2013,Alabama,AL,T20,T20 Alcoholic Beverages License,4,2013,4
Q4-2013,Alabama,AL,T21,T21 Amusements License,0,2013,4
Q4-2013,Alabama,AL,T22,T22 Corporations In General License,10,2013,4
Q4-2013,Alabama,AL,T23,T23 Hunting and Fishing License,8,2013,4
Q4-2013,Alabama,AL,T24,T24 Motor Vehicles License,57,2013,4
Q4-2013,Alabama,AL,T25,T25 Motor Vehicle Operators License,4,2013,4
Q4-2013,Alabama,AL,T27,T27 Public Utilities License,4,2013,4
Q4-2013,Alabama,AL,T28,"T28 Occupation and Business License, Not Elsewhere Classified",22,2013,4
Q4-2013,Alabama,AL,T29,T29 Other License Taxes,0,2013,4
Q4-2013,Alabama,AL,T40,T40 Individual Income Taxes,748,2013,4
Q4-2013,Alabama,AL,T41,T41 Corporation Net Income Taxes,74,2013,4
Q4-2013,Alabama,AL,T50,T50 Death and Gift Taxes,0,2013,4
Q4-2013,Alabama,AL,T51,T51 Documentary and Stock Transfer Taxes,10,2013,4
Q4-2013,Alabama,AL,T53,T53 Severance Taxes,29,2013,4
Q4-2013,Alabama,AL,T99,"T99 Taxes, Not Elsewhere Classified",0,2013,4
Q4-2013,Alabama,AL,TOTAL,Total Taxes,2237,2013,4
Q1-2014,Alabama,AL,T01,T01 Property Taxes,166,2014,1
Q1-2014,Alabama,AL,T09,T09 General Sales and Gross Receipts Taxes,569,2014,1
Q1-2014,Alabama,AL,T10,T10 Alcoholic Beverages Sales Tax,42,2014,1
Q1-2014,Alabama,AL,T11,T11 Amusements Sales Tax,0,2014,1
Q1-2014,Alabama,AL,T12,T12 Insurance Premiums Sales Tax,53,2014,1
Q1-2014,Alabama,AL,T13,T13 Motor Fuels Sales Tax,129,2014,1
Q1-2014,Alabama,AL,T14,T14 Pari-Mutuels Sales Tax,0,2014,1
Q1-2014,Alabama,AL,T15,T15 Public Utilities Sales Tax,199,2014,1
Q1-2014,Alabama,AL,T16,T16 Tobacco Products Sales Tax,28,2014,1
Q1-2014,Alabama,AL,T19,T19 Other Selective Sales and Gross Receipts Taxes,68,2014,1
Q1-2014,Alabama,AL,T20,T20 Alcoholic Beverages License,0,2014,1
Q1-2014,Alabama,AL,T22,T22 Corporations In General License,7,2014,1
Q1-2014,Alabama,AL,T23,T23 Hunting and Fishing License,4,2014,1
Q1-2014,Alabama,AL,T24,T24 Motor Vehicles License,39,2014,1
Q1-2014,Alabama,AL,T25,T25 Motor Vehicle Operators License,5,2014,1
Q1-2014,Alabama,AL,T27,T27 Public Utilities License,3,2014,1
Q1-2014,Alabama,AL,T28,"T28 Occupation and Business License, Not Elsewhere Classified",11,2014,1
Q1-2014,Alabama,AL,T29,T29 Other License Taxes,0,2014,1
Q1-2014,Alabama,AL,T40,T40 Individual Income Taxes,773,2014,1
Q1-2014,Alabama,AL,T41,T41 Corporation Net Income Taxes,74,2014,1
Q1-2014,Alabama,AL,T50,T50 Death and Gift Taxes,0,2014,1
Q1-2014,Alabama,AL,T51,T51 Documentary and Stock Transfer Taxes,8,2014,1
Q1-2014,Alabama,AL,T53,T53 Severance Taxes,28,2014,1
Q1-2014,Alabama,AL,T99,"T99 Taxes, Not Elsewhere Classified",0,2014,1
Q1-2014,Alabama,AL,TOTAL,Total Taxes,2206,2014,1
Q2-2014,Alabama,AL,T01,T01 Property Taxes,17,2014,2
Q2-2014,Alabama,AL,T09,T09 General Sales and Gross Receipts Taxes,618,2014,2
Q2-2014,Alabama,AL,T10,T10 Alcoholic Beverages Sales Tax,46,2014,2
Q2-2014,Alabama,AL,T11,T11 Amusements Sales Tax,0,2014,2
Q2-2014,Alabama,AL,T12,T12 Insurance Premiums Sales Tax,57,2014,2
Q2-2014,Alabama,AL,T13,T13 Motor Fuels Sales Tax,140,2014,2
Q2-2014,Alabama,AL,T14,T14 Pari-Mutuels Sales Tax,0,2014,2
Q2-2014,Alabama,AL,T15,T15 Public Utilities Sales Tax,172,2014,2
Q2-2014,Alabama,AL,T16,T16 Tobacco Products Sales Tax,29,2014,2
Q2-2014,Alabama,AL,T19,T19 Other Selective Sales and Gross Receipts Taxes,69,2014,2
Q2-2014,Alabama,AL,T20,T20 Alcoholic Beverages License,0,2014,2
Q2-2014,Alabama,AL,T22,T22 Corporations In General License,32,2014,2
Q2-2014,Alabama,AL,T23,T23 Hunting and Fishing License,4,2014,2
Q2-2014,Alabama,AL,T24,T24 Motor Vehicles License,47,2014,2
Q2-2014,Alabama,AL,T25,T25 Motor Vehicle Operators License,6,2014,2
Q2-2014,Alabama,AL,T27,T27 Public Utilities License,4,2014,2
Q2-2014,Alabama,AL,T28,"T28 Occupation and Business License, Not Elsewhere Classified",15,2014,2
Q2-2014,Alabama,AL,T29,T29 Other License Taxes,0,2014,2
Q2-2014,Alabama,AL,T40,T40 Individual Income Taxes,907,2014,2
Q2-2014,Alabama,AL,T41,T41 Corporation Net Income Taxes,158,2014,2
Q2-2014,Alabama,AL,T50,T50 Death and Gift Taxes,0,2014,2
Q2-2014,Alabama,AL,T51,T51 Documentary and Stock Transfer Taxes,9,2014,2
Q2-2014,Alabama,AL,T53,T53 Severance Taxes,28,2014,2
Q2-2014,Alabama,AL,TOTAL,Total Taxes,2357,2014,2
Q3-2014,Alabama,AL,T01,T01 Property Taxes,14,2014,3
Q3-2014,Alabama,AL,T09,T09 General Sales and Gross Receipts Taxes,612,2014,3
Q3-2014,Alabama,AL,T10,T10 Alcoholic Beverages Sales Tax,44,2014,3
Q3-2014,Alabama,AL,T11,T11 Amusements Sales Tax,0,2014,3
Q3-2014,Alabama,AL,T12,T12 Insurance Premiums Sales Tax,119,2014,3
Q3-2014,Alabama,AL,T13,T13 Motor Fuels Sales Tax,133,2014,3
Q3-2014,Alabama,AL,T14,T14 Pari-Mutuels Sales Tax,0,2014,3
Q3-2014,Alabama,AL,T15,T15 Public Utilities Sales Tax,186,2014,3
Q3-2014,Alabama,AL,T16,T16 Tobacco Products Sales Tax,30,2014,3
Q3-2014,Alabama,AL,T19,T19 Other Selective Sales and Gross Receipts Taxes,79,2014,3
Q3-2014,Alabama,AL,T20,T20 Alcoholic Beverages License,0,2014,3
Q3-2014,Alabama,AL,T22,T22 Corporations In General License,29,2014,3
Q3-2014,Alabama,AL,T23,T23 Hunting and Fishing License,5,2014,3
Q3-2014,Alabama,AL,T24,T24 Motor Vehicles License,46,2014,3
Q3-2014,Alabama,AL,T25,T25 Motor Vehicle Operators License,6,2014,3
Q3-2014,Alabama,AL,T27,T27 Public Utilities License,3,2014,3
Q3-2014,Alabama,AL,T28,"T28 Occupation and Business License, Not Elsewhere Classified",11,2014,3
Q3-2014,Alabama,AL,T29,T29 Other License Taxes,0,2014,3
Q3-2014,Alabama,AL,T40,T40 Individual Income Taxes,779,2014,3
Q3-2014,Alabama,AL,T41,T41 Corporation Net Income Taxes,99,2014,3
Q3-2014,Alabama,AL,T50,T50 Death and Gift Taxes,0,2014,3
Q3-2014,Alabama,AL,T51,T51 Documentary and Stock Transfer Taxes,10,2014,3
Q3-2014,Alabama,AL,T53,T53 Severance Taxes,30,2014,3
Q3-2014,Alabama,AL,TOTAL,Total Taxes,2235,2014,3
Q4-2014,Alabama,AL,T01,T01 Property Taxes,142,2014,4
Q4-2014,Alabama,AL,T09,T09 General Sales and Gross Receipts Taxes,610,2014,4
Q4-2014,Alabama,AL,T10,T10 Alcoholic Beverages Sales Tax,52,2014,4
Q4-2014,Alabama,AL,T11,T11 Amusements Sales Tax,0,2014,4
Q4-2014,Alabama,AL,T12,T12 Insurance Premiums Sales Tax,67,2014,4
Q4-2014,Alabama,AL,T13,T13 Motor Fuels Sales Tax,136,2014,4
Q4-2014,Alabama,AL,T14,T14 Pari-Mutuels Sales Tax,0,2014,4
Q4-2014,Alabama,AL,T15,T15 Public Utilities Sales Tax,181,2014,4
Q4-2014,Alabama,AL,T16,T16 Tobacco Products Sales Tax,29,2014,4
Q4-2014,Alabama,AL,T19,T19 Other Selective Sales and Gross Receipts Taxes,71,2014,4
Q4-2014,Alabama,AL,T20,T20 Alcoholic Beverages License,4,2014,4
Q4-2014,Alabama,AL,T22,T22 Corporations In General License,10,2014,4
Q4-2014,Alabama,AL,T23,T23 Hunting and Fishing License,9,2014,4
Q4-2014,Alabama,AL,T24,T24 Motor Vehicles License,63,2014,4
Q4-2014,Alabama,AL,T25,T25 Motor Vehicle Operators License,5,2014,4
Q4-2014,Alabama,AL,T27,T27 Public Utilities License,5,2014,4
Q4-2014,Alabama,AL,T28,"T28 Occupation and Business License, Not Elsewhere Classified",23,2014,4
Q4-2014,Alabama,AL,T29,T29 Other License Taxes,0,2014,4
Q4-2014,Alabama,AL,T40,T40 Individual Income Taxes,757,2014,4
Q4-2014,Alabama,AL,T41,T41 Corporation Net Income Taxes,167,2014,4
Q4-2014,Alabama,AL,T50,T50 Death and Gift Taxes,0,2014,4
Q4-2014,Alabama,AL,T51,T51 Documentary and Stock Transfer Taxes,9,2014,4
Q4-2014,Alabama,AL,T53,T53 Severance Taxes,24,2014,4
Q4-2014,Alabama,AL,TOTAL,Total Taxes,2364,2014,4
Q1-2015,Alabama,AL,T01,T01 Property Taxes,172,2015,1
Q1-2015,Alabama,AL,T09,T09 General Sales and Gross Receipts Taxes,587,2015,1
Q1-2015,Alabama,AL,T10,T10 Alcoholic Beverages Sales Tax,45,2015,1
Q1-2015,Alabama,AL,T11,T11 Amusements Sales Tax,0,2015,1
Q1-2015,Alabama,AL,T12,T12 Insurance Premiums Sales Tax,57,2015,1
Q1-2015,Alabama,AL,T13,T13 Motor Fuels Sales Tax,133,2015,1
Q1-2015,Alabama,AL,T14,T14 Pari-Mutuels Sales Tax,0,2015,1
Q1-2015,Alabama,AL,T15,T15 Public Utilities Sales Tax,189,2015,1
Q1-2015,Alabama,AL,T16,T16 Tobacco Products Sales Tax,27,2015,1
Q1-2015,Alabama,AL,T19,T19 Other Selective Sales and Gross Receipts Taxes,71,2015,1
Q1-2015,Alabama,AL,T20,T20 Alcoholic Beverages License,0,2015,1
Q1-2015,Alabama,AL,T22,T22 Corporations In General License,85,2015,1
Q1-2015,Alabama,AL,T23,T23 Hunting and Fishing License,4,2015,1
Q1-2015,Alabama,AL,T24,T24 Motor Vehicles License,56,2015,1
Q1-2015,Alabama,AL,T25,T25 Motor Vehicle Operators License,7,2015,1
Q1-2015,Alabama,AL,T27,T27 Public Utilities License,3,2015,1
Q1-2015,Alabama,AL,T28,"T28 Occupation and Business License, Not Elsewhere Classified",13,2015,1
Q1-2015,Alabama,AL,T29,T29 Other License Taxes,0,2015,1
Q1-2015,Alabama,AL,T40,T40 Individual Income Taxes,808,2015,1
Q1-2015,Alabama,AL,T41,T41 Corporation Net Income Taxes,102,2015,1
Q1-2015,Alabama,AL,T50,T50 Death and Gift Taxes,0,2015,1
Q1-2015,Alabama,AL,T51,T51 Documentary and Stock Transfer Taxes,12,2015,1
Q1-2015,Alabama,AL,T53,T53 Severance Taxes,20,2015,1
Q1-2015,Alabama,AL,TOTAL,Total Taxes,2392,2015,1
Q2-2015,Alabama,AL,T01,T01 Property Taxes,10,2015,2
Q2-2015,Alabama,AL,T09,T09 General Sales and Gross Receipts Taxes,637,2015,2
Q2-2015,Alabama,AL,T10,T10 Alcoholic Beverages Sales Tax,47,2015,2
Q2-2015,Alabama,AL,T11,T11 Amusements Sales Tax,0,2015,2
Q2-2015,Alabama,AL,T12,T12 Insurance Premiums Sales Tax,64,2015,2
Q2-2015,Alabama,AL,T13,T13 Motor Fuels Sales Tax,143,2015,2
Q2-2015,Alabama,AL,T14,T14 Pari-Mutuels Sales Tax,0,2015,2
Q2-2015,Alabama,AL,T15,T15 Public Utilities Sales Tax,172,2015,2
Q2-2015,Alabama,AL,T16,T16 Tobacco Products Sales Tax,30,2015,2
Q2-2015,Alabama,AL,T19,T19 Other Selective Sales and Gross Receipts Taxes,70,2015,2
Q2-2015,Alabama,AL,T20,T20 Alcoholic Beverages License,0,2015,2
Q2-2015,Alabama,AL,T22,T22 Corporations In General License,42,2015,2
Q2-2015,Alabama,AL,T23,T23 Hunting and Fishing License,4,2015,2
Q2-2015,Alabama,AL,T24,T24 Motor Vehicles License,42,2015,2
Q2-2015,Alabama,AL,T25,T25 Motor Vehicle Operators License,9,2015,2
Q2-2015,Alabama,AL,T27,T27 Public Utilities License,4,2015,2
Q2-2015,Alabama,AL,T28,"T28 Occupation and Business License, Not Elsewhere Classified",11,2015,2
Q2-2015,Alabama,AL,T29,T29 Other License Taxes,0,2015,2
Q2-2015,Alabama,AL,T40,T40 Individual Income Taxes,958,2015,2
Q2-2015,Alabama,AL,T41,T41 Corporation Net Income Taxes,137,2015,2
Q2-2015,Alabama,AL,T50,T50 Death and Gift Taxes,0,2015,2
Q2-2015,Alabama,AL,T51,T51 Documentary and Stock Transfer Taxes,7,2015,2
Q2-2015,Alabama,AL,T53,T53 Severance Taxes,18,2015,2
Q2-2015,Alabama,AL,TOTAL,Total Taxes,2403,2015,2
Q3-2015,Alabama,AL,T01,T01 Property Taxes,12,2015,3
Q3-2015,Alabama,AL,T09,T09 General Sales and Gross Receipts Taxes,630,2015,3
Q3-2015,Alabama,AL,T10,T10 Alcoholic Beverages Sales Tax,49,2015,3
Q3-2015,Alabama,AL,T11,T11 Amusements Sales Tax,0,2015,3
Q3-2015,Alabama,AL,T12,T12 Insurance Premiums Sales Tax,125,2015,3
Q3-2015,Alabama,AL,T13,T13 Motor Fuels Sales Tax,148,2015,3
Q3-2015,Alabama,AL,T14,T14 Pari-Mutuels Sales Tax,0,2015,3
Q3-2015,Alabama,AL,T15,T15 Public Utilities Sales Tax,193,2015,3
Q3-2015,Alabama,AL,T16,T16 Tobacco Products Sales Tax,30,2015,3
Q3-2015,Alabama,AL,T19,T19 Other Selective Sales and Gross Receipts Taxes,84,2015,3
Q3-2015,Alabama,AL,T20,T20 Alcoholic Beverages License,0,2015,3
Q3-2015,Alabama,AL,T22,T22 Corporations In General License,20,2015,3
Q3-2015,Alabama,AL,T23,T23 Hunting and Fishing License,6,2015,3
Q3-2015,Alabama,AL,T24,T24 Motor Vehicles License,51,2015,3
Q3-2015,Alabama,AL,T25,T25 Motor Vehicle Operators License,10,2015,3
Q3-2015,Alabama,AL,T27,T27 Public Utilities License,3,2015,3
Q3-2015,Alabama,AL,T28,"T28 Occupation and Business License, Not Elsewhere Classified",12,2015,3
Q3-2015,Alabama,AL,T29,T29 Other License Taxes,0,2015,3
Q3-2015,Alabama,AL,T40,T40 Individual Income Taxes,814,2015,3
Q3-2015,Alabama,AL,T41,T41 Corporation Net Income Taxes,127,2015,3
Q3-2015,Alabama,AL,T50,T50 Death and Gift Taxes,0,2015,3
Q3-2015,Alabama,AL,T51,T51 Documentary and Stock Transfer Taxes,11,2015,3
Q3-2015,Alabama,AL,T53,T53 Severance Taxes,18,2015,3
Q3-2015,Alabama,AL,TOTAL,Total Taxes,2344,2015,3
Q4-2015,Alabama,AL,T01,T01 Property Taxes,150,2015,4
Q4-2015,Alabama,AL,T09,T09 General Sales and Gross Receipts Taxes,641,2015,4
Q4-2015,Alabama,AL,T10,T10 Alcoholic Beverages Sales Tax,57,2015,4
Q4-2015,Alabama,AL,T11,T11 Amusements Sales Tax,0,2015,4
Q4-2015,Alabama,AL,T12,T12 Insurance Premiums Sales Tax,70,2015,4
Q4-2015,Alabama,AL,T13,T13 Motor Fuels Sales Tax,140,2015,4
Q4-2015,Alabama,AL,T14,T14 Pari-Mutuels Sales Tax,0,2015,4
Q4-2015,Alabama,AL,T15,T15 Public Utilities Sales Tax,171,2015,4
Q4-2015,Alabama,AL,T16,T16 Tobacco Products Sales Tax,42,2015,4
Q4-2015,Alabama,AL,T19,T19 Other Selective Sales and Gross Receipts Taxes,77,2015,4
Q4-2015,Alabama,AL,T20,T20 Alcoholic Beverages License,4,2015,4
Q4-2015,Alabama,AL,T22,T22 Corporations In General License,16,2015,4
Q4-2015,Alabama,AL,T23,T23 Hunting and Fishing License,9,2015,4
Q4-2015,Alabama,AL,T24,T24 Motor Vehicles License,62,2015,4
Q4-2015,Alabama,AL,T25,T25 Motor Vehicle Operators License,6,2015,4
Q4-2015,Alabama,AL,T27,T27 Public Utilities License,5,2015,4
Q4-2015,Alabama,AL,T28,"T28 Occupation and Business License, Not Elsewhere Classified",22,2015,4
Q4-2015,Alabama,AL,T29,T29 Other License Taxes,0,2015,4
Q4-2015,Alabama,AL,T40,T40 Individual Income Taxes,828,2015,4
Q4-2015,Alabama,AL,T41,T41 Corporation Net Income Taxes,92,2015,4
Q4-2015,Alabama,AL,T50,T50 Death and Gift Taxes,0,2015,4
Q4-2015,Alabama,AL,T51,T51 Documentary and Stock Transfer Taxes,11,2015,4
Q4-2015,Alabama,AL,T53,T53 Severance Taxes,13,2015,4
Q4-2015,Alabama,AL,TOTAL,Total Taxes,2417,2015,4
Q1-2016,Alabama,AL,T01,T01 Property Taxes,166,2016,1
Q1-2016,Alabama,AL,T09,T09 General Sales and Gross Receipts Taxes,638,2016,1
Q1-2016,Alabama,AL,T10,T10 Alcoholic Beverages Sales Tax,49,2016,1
Q1-2016,Alabama,AL,T11,T11 Amusements Sales Tax,0,2016,1
Q1-2016,Alabama,AL,T12,T12 Insurance Premiums Sales Tax,53,2016,1
Q1-2016,Alabama,AL,T13,T13 Motor Fuels Sales Tax,139,2016,1
Q1-2016,Alabama,AL,T14,T14 Pari-Mutuels Sales Tax,0,2016,1
Q1-2016,Alabama,AL,T15,T15 Public Utilities Sales Tax,178,2016,1
Q1-2016,Alabama,AL,T16,T16 Tobacco Products Sales Tax,44,2016,1
Q1-2016,Alabama,AL,T19,T19 Other Selective Sales and Gross Receipts Taxes,75,2016,1
Q1-2016,Alabama,AL,T20,T20 Alcoholic Beverages License,0,2016,1
Q1-2016,Alabama,AL,T22,T22 Corporations In General License,88,2016,1
Q1-2016,Alabama,AL,T23,T23 Hunting and Fishing License,5,2016,1
Q1-2016,Alabama,AL,T24,T24 Motor Vehicles License,45,2016,1
Q1-2016,Alabama,AL,T25,T25 Motor Vehicle Operators License,9,2016,1
Q1-2016,Alabama,AL,T27,T27 Public Utilities License,3,2016,1
Q1-2016,Alabama,AL,T28,"T28 Occupation and Business License, Not Elsewhere Classified",11,2016,1
Q1-2016,Alabama,AL,T29,T29 Other License Taxes,0,2016,1
Q1-2016,Alabama,AL,T40,T40 Individual Income Taxes,799,2016,1
Q1-2016,Alabama,AL,T41,T41 Corporation Net Income Taxes,97,2016,1
Q1-2016,Alabama,AL,T50,T50 Death and Gift Taxes,0,2016,1
Q1-2016,Alabama,AL,T51,T51 Documentary and Stock Transfer Taxes,10,2016,1
Q1-2016,Alabama,AL,T53,T53 Severance Taxes,11,2016,1
Q1-2016,Alabama,AL,TOTAL,Total Taxes,2421,2016,1
Q2-2016,Alabama,AL,T01,T01 Property Taxes,17,2016,2
Q2-2016,Alabama,AL,T09,T09 General Sales and Gross Receipts Taxes,669,2016,2
Q2-2016,Alabama,AL,T10,T10 Alcoholic Beverages Sales Tax,52,2016,2
Q2-2016,Alabama,AL,T11,T11 Amusements Sales Tax,0,2016,2
Q2-2016,Alabama,AL,T12,T12 Insurance Premiums Sales Tax,65,2016,2
Q2-2016,Alabama,AL,T13,T13 Motor Fuels Sales Tax,150,2016,2
Q2-2016,Alabama,AL,T14,T14 Pari-Mutuels Sales Tax,0,2016,2
Q2-2016,Alabama,AL,T15,T15 Public Utilities Sales Tax,160,2016,2
Q2-2016,Alabama,AL,T16,T16 Tobacco Products Sales Tax,47,2016,2
Q2-2016,Alabama,AL,T19,T19 Other Selective Sales and Gross Receipts Taxes,79,2016,2
Q2-2016,Alabama,AL,T20,T20 Alcoholic Beverages License,0,2016,2
Q2-2016,Alabama,AL,T22,T22 Corporations In General License,38,2016,2
Q2-2016,Alabama,AL,T23,T23 Hunting and Fishing License,4,2016,2
Q2-2016,Alabama,AL,T24,T24 Motor Vehicles License,56,2016,2
Q2-2016,Alabama,AL,T25,T25 Motor Vehicle Operators License,9,2016,2
Q2-2016,Alabama,AL,T27,T27 Public Utilities License,4,2016,2
Q2-2016,Alabama,AL,T28,"T28 Occupation and Business License, Not Elsewhere Classified",11,2016,2
Q2-2016,Alabama,AL,T29,T29 Other License Taxes,0,2016,2
Q2-2016,Alabama,AL,T40,T40 Individual Income Taxes,1035,2016,2
Q2-2016,Alabama,AL,T41,T41 Corporation Net Income Taxes,137,2016,2
Q2-2016,Alabama,AL,T50,T50 Death and Gift Taxes,0,2016,2
Q2-2016,Alabama,AL,T51,T51 Documentary and Stock Transfer Taxes,12,2016,2
Q2-2016,Alabama,AL,T53,T53 Severance Taxes,10,2016,2
Q2-2016,Alabama,AL,TOTAL,Total Taxes,2553,2016,2
Q3-2016,Alabama,AL,T01,T01 Property Taxes,13,2016,3
Q3-2016,Alabama,AL,T09,T09 General Sales and Gross Receipts Taxes,648,2016,3
Q3-2016,Alabama,AL,T10,T10 Alcoholic Beverages Sales Tax,52,2016,3
Q3-2016,Alabama,AL,T11,T11 Amusements Sales Tax,0,2016,3
Q3-2016,Alabama,AL,T12,T12 Insurance Premiums Sales Tax,129,2016,3
Q3-2016,Alabama,AL,T13,T13 Motor Fuels Sales Tax,98,2016,3
Q3-2016,Alabama,AL,T14,T14 Pari-Mutuels Sales Tax,0,2016,3
Q3-2016,Alabama,AL,T15,T15 Public Utilities Sales Tax,186,2016,3
Q3-2016,Alabama,AL,T16,T16 Tobacco Products Sales Tax,47,2016,3
Q3-2016,Alabama,AL,T19,T19 Other Selective Sales and Gross Receipts Taxes,88,2016,3
Q3-2016,Alabama,AL,T20,T20 Alcoholic Beverages License,0,2016,3
Q3-2016,Alabama,AL,T22,T22 Corporations In General License,21,2016,3
Q3-2016,Alabama,AL,T23,T23 Hunting and Fishing License,6,2016,3
Q3-2016,Alabama,AL,T24,T24 Motor Vehicles License,51,2016,3
Q3-2016,Alabama,AL,T25,T25 Motor Vehicle Operators License,10,2016,3
Q3-2016,Alabama,AL,T27,T27 Public Utilities License,3,2016,3
Q3-2016,Alabama,AL,T28,"T28 Occupation and Business License, Not Elsewhere Classified",12,2016,3
Q3-2016,Alabama,AL,T29,T29 Other License Taxes,0,2016,3
Q3-2016,Alabama,AL,T40,T40 Individual Income Taxes,831,2016,3
Q3-2016,Alabama,AL,T41,T41 Corporation Net Income Taxes,50,2016,3
Q3-2016,Alabama,AL,T50,T50 Death and Gift Taxes,0,2016,3
Q3-2016,Alabama,AL,T51,T51 Documentary and Stock Transfer Taxes,12,2016,3
Q3-2016,Alabama,AL,T53,T53 Severance Taxes,12,2016,3
Q3-2016,Alabama,AL,TOTAL,Total Taxes,2269,2016,3
Q4-2016,Alabama,AL,T01,T01 Property Taxes,157,2016,4
Q4-2016,Alabama,AL,T09,T09 General Sales and Gross Receipts Taxes,662,2016,4
Q4-2016,Alabama,AL,T10,T10 Alcoholic Beverages Sales Tax,58,2016,4
Q4-2016,Alabama,AL,T11,T11 Amusements Sales Tax,0,2016,4
Q4-2016,Alabama,AL,T12,T12 Insurance Premiums Sales Tax,73,2016,4
Q4-2016,Alabama,AL,T13,T13 Motor Fuels Sales Tax,197,2016,4
Q4-2016,Alabama,AL,T14,T14 Pari-Mutuels Sales Tax,0,2016,4
Q4-2016,Alabama,AL,T15,T15 Public Utilities Sales Tax,168,2016,4
Q4-2016,Alabama,AL,T16,T16 Tobacco Products Sales Tax,46,2016,4
Q4-2016,Alabama,AL,T19,T19 Other Selective Sales and Gross Receipts Taxes,74,2016,4
Q4-2016,Alabama,AL,T20,T20 Alcoholic Beverages License,4,2016,4
Q4-2016,Alabama,AL,T22,T22 Corporations In General License,19,2016,4
Q4-2016,Alabama,AL,T23,T23 Hunting and Fishing License,9,2016,4
Q4-2016,Alabama,AL,T24,T24 Motor Vehicles License,69,2016,4
Q4-2016,Alabama,AL,T25,T25 Motor Vehicle Operators License,8,2016,4
Q4-2016,Alabama,AL,T27,T27 Public Utilities License,4,2016,4
Q4-2016,Alabama,AL,T28,"T28 Occupation and Business License, Not Elsewhere Classified",23,2016,4
Q4-2016,Alabama,AL,T29,T29 Other License Taxes,0,2016,4
Q4-2016,Alabama,AL,T40,T40 Individual Income Taxes,857,2016,4
Q4-2016,Alabama,AL,T41,T41 Corporation Net Income Taxes,76,2016,4
Q4-2016,Alabama,AL,T50,T50 Death and Gift Taxes,0,2016,4
Q4-2016,Alabama,AL,T51,T51 Documentary and Stock Transfer Taxes,11,2016,4
Q4-2016,Alabama,AL,T53,T53 Severance Taxes,13,2016,4
Q4-2016,Alabama,AL,TOTAL,Total Taxes,2529,2016,4
Q1-2017,Alabama,AL,T01,T01 Property Taxes,165,2017,1
Q1-2017,Alabama,AL,T09,T09 General Sales and Gross Receipts Taxes,643,2017,1
Q1-2017,Alabama,AL,T10,T10 Alcoholic Beverages Sales Tax,50,2017,1
Q1-2017,Alabama,AL,T11,T11 Amusements Sales Tax,0,2017,1
Q1-2017,Alabama,AL,T12,T12 Insurance Premiums Sales Tax,55,2017,1
Q1-2017,Alabama,AL,T13,T13 Motor Fuels Sales Tax,133,2017,1
Q1-2017,Alabama,AL,T14,T14 Pari-Mutuels Sales Tax,0,2017,1
Q1-2017,Alabama,AL,T15,T15 Public Utilities Sales Tax,172,2017,1
Q1-2017,Alabama,AL,T16,T16 Tobacco Products Sales Tax,42,2017,1
Q1-2017,Alabama,AL,T19,T19 Other Selective Sales and Gross Receipts Taxes,68,2017,1
Q1-2017,Alabama,AL,T20,T20 Alcoholic Beverages License,0,2017,1
Q1-2017,Alabama,AL,T22,T22 Corporations In General License,144,2017,1
Q1-2017,Alabama,AL,T23,T23 Hunting and Fishing License,4,2017,1
Q1-2017,Alabama,AL,T24,T24 Motor Vehicles License,44,2017,1
Q1-2017,Alabama,AL,T25,T25 Motor Vehicle Operators License,9,2017,1
Q1-2017,Alabama,AL,T27,T27 Public Utilities License,3,2017,1
Q1-2017,Alabama,AL,T28,"T28 Occupation and Business License, Not Elsewhere Classified",11,2017,1
Q1-2017,Alabama,AL,T29,T29 Other License Taxes,0,2017,1
Q1-2017,Alabama,AL,T40,T40 Individual Income Taxes,970,2017,1
Q1-2017,Alabama,AL,T41,T41 Corporation Net Income Taxes,78,2017,1
Q1-2017,Alabama,AL,T50,T50 Death and Gift Taxes,0,2017,1
Q1-2017,Alabama,AL,T51,T51 Documentary and Stock Transfer Taxes,11,2017,1
Q1-2017,Alabama,AL,T53,T53 Severance Taxes,15,2017,1
Q1-2017,Alabama,AL,TOTAL,Total Taxes,2618,2017,1
Q2-2017,Alabama,AL,T01,T01 Property Taxes,16,2017,2
Q2-2017,Alabama,AL,T09,T09 General Sales and Gross Receipts Taxes,684,2017,2
Q2-2017,Alabama,AL,T10,T10 Alcoholic Beverages Sales Tax,54,2017,2
Q2-2017,Alabama,AL,T11,T11 Amusements Sales Tax,0,2017,2
Q2-2017,Alabama,AL,T12,T12 Insurance Premiums Sales Tax,71,2017,2
Q2-2017,Alabama,AL,T13,T13 Motor Fuels Sales Tax,154,2017,2
Q2-2017,Alabama,AL,T14,T14 Pari-Mutuels Sales Tax,0,2017,2
Q2-2017,Alabama,AL,T15,T15 Public Utilities Sales Tax,165,2017,2
Q2-2017,Alabama,AL,T16,T16 Tobacco Products Sales Tax,45,2017,2
Q2-2017,Alabama,AL,T19,T19 Other Selective Sales and Gross Receipts Taxes,75,2017,2
Q2-2017,Alabama,AL,T20,T20 Alcoholic Beverages License,0,2017,2
Q2-2017,Alabama,AL,T22,T22 Corporations In General License,45,2017,2
Q2-2017,Alabama,AL,T23,T23 Hunting and Fishing License,2,2017,2
Q2-2017,Alabama,AL,T24,T24 Motor Vehicles License,55,2017,2
Q2-2017,Alabama,AL,T25,T25 Motor Vehicle Operators License,8,2017,2
Q2-2017,Alabama,AL,T27,T27 Public Utilities License,4,2017,2
Q2-2017,Alabama,AL,T28,"T28 Occupation and Business License, Not Elsewhere Classified",12,2017,2
Q2-2017,Alabama,AL,T29,T29 Other License Taxes,0,2017,2
Q2-2017,Alabama,AL,T40,T40 Individual Income Taxes,904,2017,2
Q2-2017,Alabama,AL,T41,T41 Corporation Net Income Taxes,193,2017,2
Q2-2017,Alabama,AL,T50,T50 Death and Gift Taxes,0,2017,2
Q2-2017,Alabama,AL,T51,T51 Documentary and Stock Transfer Taxes,12,2017,2
Q2-2017,Alabama,AL,T53,T53 Severance Taxes,14,2017,2
Q2-2017,Alabama,AL,TOTAL,Total Taxes,2511,2017,2
Q3-2017,Alabama,AL,T01,T01 Property Taxes,15,2017,3
Q3-2017,Alabama,AL,T09,T09 General Sales and Gross Receipts Taxes,659,2017,3
Q3-2017,Alabama,AL,T10,T10 Alcoholic Beverages Sales Tax,56,2017,3
Q3-2017,Alabama,AL,T11,T11 Amusements Sales Tax,0,2017,3
Q3-2017,Alabama,AL,T12,T12 Insurance Premiums Sales Tax,142,2017,3
Q3-2017,Alabama,AL,T13,T13 Motor Fuels Sales Tax,96,2017,3
Q3-2017,Alabama,AL,T14,T14 Pari-Mutuels Sales Tax,0,2017,3
Q3-2017,Alabama,AL,T15,T15 Public Utilities Sales Tax,183,2017,3
Q3-2017,Alabama,AL,T16,T16 Tobacco Products Sales Tax,46,2017,3
Q3-2017,Alabama,AL,T19,T19 Other Selective Sales and Gross Receipts Taxes,84,2017,3
Q3-2017,Alabama,AL,T20,T20 Alcoholic Beverages License,0,2017,3
Q3-2017,Alabama,AL,T22,T22 Corporations In General License,18,2017,3
Q3-2017,Alabama,AL,T23,T23 Hunting and Fishing License,6,2017,3
Q3-2017,Alabama,AL,T24,T24 Motor Vehicles License,51,2017,3
Q3-2017,Alabama,AL,T25,T25 Motor Vehicle Operators License,9,2017,3
Q3-2017,Alabama,AL,T27,T27 Public Utilities License,3,2017,3
Q3-2017,Alabama,AL,T28,"T28 Occupation and Business License, Not Elsewhere Classified",11,2017,3
Q3-2017,Alabama,AL,T29,T29 Other License Taxes,0,2017,3
Q3-2017,Alabama,AL,T40,T40 Individual Income Taxes,893,2017,3
Q3-2017,Alabama,AL,T41,T41 Corporation Net Income Taxes,81,2017,3
Q3-2017,Alabama,AL,T50,T50 Death and Gift Taxes,0,2017,3
Q3-2017,Alabama,AL,T51,T51 Documentary and Stock Transfer Taxes,12,2017,3
Q3-2017,Alabama,AL,T53,T53 Severance Taxes,17,2017,3
Q3-2017,Alabama,AL,TOTAL,Total Taxes,2383,2017,3
Q4-2017,Alabama,AL,T01,T01 Property Taxes,151,2017,4
Q4-2017,Alabama,AL,T09,T09 General Sales and Gross Receipts Taxes,684,2017,4
Q4-2017,Alabama,AL,T10,T10 Alcoholic Beverages Sales Tax,62,2017,4
Q4-2017,Alabama,AL,T11,T11 Amusements Sales Tax,0,2017,4
Q4-2017,Alabama,AL,T12,T12 Insurance Premiums Sales Tax,72,2017,4
Q4-2017,Alabama,AL,T13,T13 Motor Fuels Sales Tax,218,2017,4
Q4-2017,Alabama,AL,T14,T14 Pari-Mutuels Sales Tax,0,2017,4
Q4-2017,Alabama,AL,T15,T15 Public Utilities Sales Tax,160,2017,4
Q4-2017,Alabama,AL,T16,T16 Tobacco Products Sales Tax,47,2017,4
Q4-2017,Alabama,AL,T19,T19 Other Selective Sales and Gross Receipts Taxes,84,2017,4
Q4-2017,Alabama,AL,T20,T20 Alcoholic Beverages License,4,2017,4
Q4-2017,Alabama,AL,T22,T22 Corporations In General License,23,2017,4
Q4-2017,Alabama,AL,T23,T23 Hunting and Fishing License,9,2017,4
Q4-2017,Alabama,AL,T24,T24 Motor Vehicles License,71,2017,4
Q4-2017,Alabama,AL,T25,T25 Motor Vehicle Operators License,7,2017,4
Q4-2017,Alabama,AL,T27,T27 Public Utilities License,4,2017,4
Q4-2017,Alabama,AL,T28,"T28 Occupation and Business License, Not Elsewhere Classified",24,2017,4
Q4-2017,Alabama,AL,T29,T29 Other License Taxes,0,2017,4
Q4-2017,Alabama,AL,T40,T40 Individual Income Taxes,894,2017,4
Q4-2017,Alabama,AL,T41,T41 Corporation Net Income Taxes,81,2017,4
Q4-2017,Alabama,AL,T50,T50 Death and Gift Taxes,0,2017,4
Q4-2017,Alabama,AL,T51,T51 Documentary and Stock Transfer Taxes,11,2017,4
Q4-2017,Alabama,AL,T53,T53 Severance Taxes,12,2017,4
Q4-2017,Alabama,AL,TOTAL,Total Taxes,2621,2017,4
Q1-2010,Arkansas,AR,T01,T01 Property Taxes,87,2010,1
Q1-2010,Arkansas,AR,T09,T09 General Sales and Gross Receipts Taxes,657,2010,1
Q1-2010,Arkansas,AR,T10,T10 Alcoholic Beverages Sales Tax,11,2010,1
Q1-2010,Arkansas,AR,T11,T11 Amusements Sales Tax,2,2010,1
Q1-2010,Arkansas,AR,T12,T12 Insurance Premiums Sales Tax,22,2010,1
Q1-2010,Arkansas,AR,T13,T13 Motor Fuels Sales Tax,108,2010,1
Q1-2010,Arkansas,AR,T14,T14 Pari-Mutuels Sales Tax,2,2010,1
Q1-2010,Arkansas,AR,T15,T15 Public Utilities Sales Tax,0,2010,1
Q1-2010,Arkansas,AR,T16,T16 Tobacco Products Sales Tax,56,2010,1
Q1-2010,Arkansas,AR,T19,T19 Other Selective Sales and Gross Receipts Taxes,36,2010,1
Q1-2010,Arkansas,AR,T20,T20 Alcoholic Beverages License,0,2010,1
Q1-2010,Arkansas,AR,T21,T21 Amusements License,0,2010,1
Q1-2010,Arkansas,AR,T22,T22 Corporations In General License,4,2010,1
Q1-2010,Arkansas,AR,T23,T23 Hunting and Fishing License,2,2010,1
Q1-2010,Arkansas,AR,T24,T24 Motor Vehicles License,36,2010,1
Q1-2010,Arkansas,AR,T25,T25 Motor Vehicle Operators License,4,2010,1
Q1-2010,Arkansas,AR,T27,T27 Public Utilities License,0,2010,1
Q1-2010,Arkansas,AR,T28,"T28 Occupation and Business License, Not Elsewhere Classified",28,2010,1
Q1-2010,Arkansas,AR,T29,T29 Other License Taxes,0,2010,1
Q1-2010,Arkansas,AR,T40,T40 Individual Income Taxes,375,2010,1
Q1-2010,Arkansas,AR,T41,T41 Corporation Net Income Taxes,78,2010,1
Q1-2010,Arkansas,AR,T50,T50 Death and Gift Taxes,0,2010,1
Q1-2010,Arkansas,AR,T51,T51 Documentary and Stock Transfer Taxes,5,2010,1
Q1-2010,Arkansas,AR,T53,T53 Severance Taxes,19,2010,1
Q1-2010,Arkansas,AR,T99,"T99 Taxes, Not Elsewhere Classified",3,2010,1
Q1-2010,Arkansas,AR,TOTAL,Total Taxes,1537,2010,1
Q2-2010,Arkansas,AR,T01,T01 Property Taxes,9,2010,2
Q2-2010,Arkansas,AR,T09,T09 General Sales and Gross Receipts Taxes,655,2010,2
Q2-2010,Arkansas,AR,T10,T10 Alcoholic Beverages Sales Tax,12,2010,2
Q2-2010,Arkansas,AR,T11,T11 Amusements Sales Tax,2,2010,2
Q2-2010,Arkansas,AR,T12,T12 Insurance Premiums Sales Tax,81,2010,2
Q2-2010,Arkansas,AR,T13,T13 Motor Fuels Sales Tax,124,2010,2
Q2-2010,Arkansas,AR,T14,T14 Pari-Mutuels Sales Tax,1,2010,2
Q2-2010,Arkansas,AR,T15,T15 Public Utilities Sales Tax,0,2010,2
Q2-2010,Arkansas,AR,T16,T16 Tobacco Products Sales Tax,65,2010,2
Q2-2010,Arkansas,AR,T19,T19 Other Selective Sales and Gross Receipts Taxes,35,2010,2
Q2-2010,Arkansas,AR,T20,T20 Alcoholic Beverages License,2,2010,2
Q2-2010,Arkansas,AR,T21,T21 Amusements License,0,2010,2
Q2-2010,Arkansas,AR,T22,T22 Corporations In General License,17,2010,2
Q2-2010,Arkansas,AR,T23,T23 Hunting and Fishing License,4,2010,2
Q2-2010,Arkansas,AR,T24,T24 Motor Vehicles License,36,2010,2
Q2-2010,Arkansas,AR,T25,T25 Motor Vehicle Operators License,4,2010,2
Q2-2010,Arkansas,AR,T27,T27 Public Utilities License,1,2010,2
Q2-2010,Arkansas,AR,T28,"T28 Occupation and Business License, Not Elsewhere Classified",28,2010,2
Q2-2010,Arkansas,AR,T29,T29 Other License Taxes,0,2010,2
Q2-2010,Arkansas,AR,T40,T40 Individual Income Taxes,640,2010,2
Q2-2010,Arkansas,AR,T41,T41 Corporation Net Income Taxes,103,2010,2
Q2-2010,Arkansas,AR,T50,T50 Death and Gift Taxes,0,2010,2
Q2-2010,Arkansas,AR,T51,T51 Documentary and Stock Transfer Taxes,7,2010,2
Q2-2010,Arkansas,AR,T53,T53 Severance Taxes,19,2010,2
Q2-2010,Arkansas,AR,T99,"T99 Taxes, Not Elsewhere Classified",3,2010,2
Q2-2010,Arkansas,AR,TOTAL,Total Taxes,1849,2010,2
Q3-2010,Arkansas,AR,T01,T01 Property Taxes,109,2010,3
Q3-2010,Arkansas,AR,T09,T09 General Sales and Gross Receipts Taxes,724,2010,3
Q3-2010,Arkansas,AR,T10,T10 Alcoholic Beverages Sales Tax,12,2010,3
Q3-2010,Arkansas,AR,T11,T11 Amusements Sales Tax,3,2010,3
Q3-2010,Arkansas,AR,T12,T12 Insurance Premiums Sales Tax,25,2010,3
Q3-2010,Arkansas,AR,T13,T13 Motor Fuels Sales Tax,127,2010,3
Q3-2010,Arkansas,AR,T14,T14 Pari-Mutuels Sales Tax,1,2010,3
Q3-2010,Arkansas,AR,T15,T15 Public Utilities Sales Tax,0,2010,3
Q3-2010,Arkansas,AR,T16,T16 Tobacco Products Sales Tax,64,2010,3
Q3-2010,Arkansas,AR,T19,T19 Other Selective Sales and Gross Receipts Taxes,56,2010,3
Q3-2010,Arkansas,AR,T20,T20 Alcoholic Beverages License,1,2010,3
Q3-2010,Arkansas,AR,T21,T21 Amusements License,0,2010,3
Q3-2010,Arkansas,AR,T22,T22 Corporations In General License,1,2010,3
Q3-2010,Arkansas,AR,T23,T23 Hunting and Fishing License,5,2010,3
Q3-2010,Arkansas,AR,T24,T24 Motor Vehicles License,37,2010,3
Q3-2010,Arkansas,AR,T25,T25 Motor Vehicle Operators License,4,2010,3
Q3-2010,Arkansas,AR,T27,T27 Public Utilities License,17,2010,3
Q3-2010,Arkansas,AR,T28,"T28 Occupation and Business License, Not Elsewhere Classified",28,2010,3
Q3-2010,Arkansas,AR,T29,T29 Other License Taxes,0,2010,3
Q3-2010,Arkansas,AR,T40,T40 Individual Income Taxes,571,2010,3
Q3-2010,Arkansas,AR,T41,T41 Corporation Net Income Taxes,98,2010,3
Q3-2010,Arkansas,AR,T50,T50 Death and Gift Taxes,0,2010,3
Q3-2010,Arkansas,AR,T51,T51 Documentary and Stock Transfer Taxes,6,2010,3
Q3-2010,Arkansas,AR,T53,T53 Severance Taxes,19,2010,3
Q3-2010,Arkansas,AR,T99,"T99 Taxes, Not Elsewhere Classified",6,2010,3
Q3-2010,Arkansas,AR,TOTAL,Total Taxes,1915,2010,3
Q4-2010,Arkansas,AR,T01,T01 Property Taxes,461,2010,4
Q4-2010,Arkansas,AR,T09,T09 General Sales and Gross Receipts Taxes,682,2010,4
Q4-2010,Arkansas,AR,T10,T10 Alcoholic Beverages Sales Tax,11,2010,4
Q4-2010,Arkansas,AR,T11,T11 Amusements Sales Tax,3,2010,4
Q4-2010,Arkansas,AR,T12,T12 Insurance Premiums Sales Tax,25,2010,4
Q4-2010,Arkansas,AR,T13,T13 Motor Fuels Sales Tax,118,2010,4
Q4-2010,Arkansas,AR,T14,T14 Pari-Mutuels Sales Tax,1,2010,4
Q4-2010,Arkansas,AR,T15,T15 Public Utilities Sales Tax,0,2010,4
Q4-2010,Arkansas,AR,T16,T16 Tobacco Products Sales Tax,62,2010,4
Q4-2010,Arkansas,AR,T19,T19 Other Selective Sales and Gross Receipts Taxes,43,2010,4
Q4-2010,Arkansas,AR,T20,T20 Alcoholic Beverages License,0,2010,4
Q4-2010,Arkansas,AR,T21,T21 Amusements License,0,2010,4
Q4-2010,Arkansas,AR,T22,T22 Corporations In General License,2,2010,4
Q4-2010,Arkansas,AR,T23,T23 Hunting and Fishing License,10,2010,4
Q4-2010,Arkansas,AR,T24,T24 Motor Vehicles License,28,2010,4
Q4-2010,Arkansas,AR,T25,T25 Motor Vehicle Operators License,3,2010,4
Q4-2010,Arkansas,AR,T27,T27 Public Utilities License,0,2010,4
Q4-2010,Arkansas,AR,T28,"T28 Occupation and Business License, Not Elsewhere Classified",28,2010,4
Q4-2010,Arkansas,AR,T29,T29 Other License Taxes,0,2010,4
Q4-2010,Arkansas,AR,T40,T40 Individual Income Taxes,553,2010,4
Q4-2010,Arkansas,AR,T41,T41 Corporation Net Income Taxes,66,2010,4
Q4-2010,Arkansas,AR,T50,T50 Death and Gift Taxes,0,2010,4
Q4-2010,Arkansas,AR,T51,T51 Documentary and Stock Transfer Taxes,6,2010,4
Q4-2010,Arkansas,AR,T53,T53 Severance Taxes,19,2010,4
Q4-2010,Arkansas,AR,T99,"T99 Taxes, Not Elsewhere Classified",6,2010,4
Q4-2010,Arkansas,AR,TOTAL,Total Taxes,2128,2010,4
Q1-2011,Arkansas,AR,T01,T01 Property Taxes,95,2011,1
Q1-2011,Arkansas,AR,T09,T09 General Sales and Gross Receipts Taxes,662,2011,1
Q1-2011,Arkansas,AR,T10,T10 Alcoholic Beverages Sales Tax,11,2011,1
Q1-2011,Arkansas,AR,T11,T11 Amusements Sales Tax,4,2011,1
Q1-2011,Arkansas,AR,T12,T12 Insurance Premiums Sales Tax,24,2011,1
Q1-2011,Arkansas,AR,T13,T13 Motor Fuels Sales Tax,108,2011,1
Q1-2011,Arkansas,AR,T14,T14 Pari-Mutuels Sales Tax,1,2011,1
Q1-2011,Arkansas,AR,T16,T16 Tobacco Products Sales Tax,58,2011,1
Q1-2011,Arkansas,AR,T19,T19 Other Selective Sales and Gross Receipts Taxes,55,2011,1
Q1-2011,Arkansas,AR,T20,T20 Alcoholic Beverages License,0,2011,1
Q1-2011,Arkansas,AR,T21,T21 Amusements License,0,2011,1
Q1-2011,Arkansas,AR,T22,T22 Corporations In General License,3,2011,1
Q1-2011,Arkansas,AR,T23,T23 Hunting and Fishing License,3,2011,1
Q1-2011,Arkansas,AR,T24,T24 Motor Vehicles License,38,2011,1
Q1-2011,Arkansas,AR,T25,T25 Motor Vehicle Operators License,5,2011,1
Q1-2011,Arkansas,AR,T27,T27 Public Utilities License,0,2011,1
Q1-2011,Arkansas,AR,T28,"T28 Occupation and Business License, Not Elsewhere Classified",28,2011,1
Q1-2011,Arkansas,AR,T29,T29 Other License Taxes,0,2011,1
Q1-2011,Arkansas,AR,T40,T40 Individual Income Taxes,438,2011,1
Q1-2011,Arkansas,AR,T41,T41 Corporation Net Income Taxes,79,2011,1
Q1-2011,Arkansas,AR,T50,T50 Death and Gift Taxes,0,2011,1
Q1-2011,Arkansas,AR,T51,T51 Documentary and Stock Transfer Taxes,5,2011,1
Q1-2011,Arkansas,AR,T53,T53 Severance Taxes,21,2011,1
Q1-2011,Arkansas,AR,T99,"T99 Taxes, Not Elsewhere Classified",6,2011,1
Q1-2011,Arkansas,AR,TOTAL,Total Taxes,1644,2011,1
Q2-2011,Arkansas,AR,T01,T01 Property Taxes,296,2011,2
Q2-2011,Arkansas,AR,T09,T09 General Sales and Gross Receipts Taxes,669,2011,2
Q2-2011,Arkansas,AR,T10,T10 Alcoholic Beverages Sales Tax,12,2011,2
Q2-2011,Arkansas,AR,T11,T11 Amusements Sales Tax,6,2011,2
Q2-2011,Arkansas,AR,T12,T12 Insurance Premiums Sales Tax,80,2011,2
Q2-2011,Arkansas,AR,T13,T13 Motor Fuels Sales Tax,116,2011,2
Q2-2011,Arkansas,AR,T14,T14 Pari-Mutuels Sales Tax,1,2011,2
Q2-2011,Arkansas,AR,T16,T16 Tobacco Products Sales Tax,61,2011,2
Q2-2011,Arkansas,AR,T19,T19 Other Selective Sales and Gross Receipts Taxes,53,2011,2
Q2-2011,Arkansas,AR,T20,T20 Alcoholic Beverages License,3,2011,2
Q2-2011,Arkansas,AR,T21,T21 Amusements License,0,2011,2
Q2-2011,Arkansas,AR,T22,T22 Corporations In General License,19,2011,2
Q2-2011,Arkansas,AR,T23,T23 Hunting and Fishing License,3,2011,2
Q2-2011,Arkansas,AR,T24,T24 Motor Vehicles License,39,2011,2
Q2-2011,Arkansas,AR,T25,T25 Motor Vehicle Operators License,4,2011,2
Q2-2011,Arkansas,AR,T27,T27 Public Utilities License,0,2011,2
Q2-2011,Arkansas,AR,T28,"T28 Occupation and Business License, Not Elsewhere Classified",28,2011,2
Q2-2011,Arkansas,AR,T29,T29 Other License Taxes,0,2011,2
Q2-2011,Arkansas,AR,T40,T40 Individual Income Taxes,708,2011,2
Q2-2011,Arkansas,AR,T41,T41 Corporation Net Income Taxes,134,2011,2
Q2-2011,Arkansas,AR,T50,T50 Death and Gift Taxes,0,2011,2
Q2-2011,Arkansas,AR,T51,T51 Documentary and Stock Transfer Taxes,6,2011,2
Q2-2011,Arkansas,AR,T53,T53 Severance Taxes,21,2011,2
Q2-2011,Arkansas,AR,T99,"T99 Taxes, Not Elsewhere Classified",6,2011,2
Q2-2011,Arkansas,AR,TOTAL,Total Taxes,2267,2011,2
Q3-2011,Arkansas,AR,T01,T01 Property Taxes,108,2011,3
Q3-2011,Arkansas,AR,T09,T09 General Sales and Gross Receipts Taxes,720,2011,3
Q3-2011,Arkansas,AR,T10,T10 Alcoholic Beverages Sales Tax,12,2011,3
Q3-2011,Arkansas,AR,T11,T11 Amusements Sales Tax,6,2011,3
Q3-2011,Arkansas,AR,T12,T12 Insurance Premiums Sales Tax,23,2011,3
Q3-2011,Arkansas,AR,T13,T13 Motor Fuels Sales Tax,127,2011,3
Q3-2011,Arkansas,AR,T14,T14 Pari-Mutuels Sales Tax,1,2011,3
Q3-2011,Arkansas,AR,T16,T16 Tobacco Products Sales Tax,65,2011,3
Q3-2011,Arkansas,AR,T19,T19 Other Selective Sales and Gross Receipts Taxes,56,2011,3
Q3-2011,Arkansas,AR,T20,T20 Alcoholic Beverages License,1,2011,3
Q3-2011,Arkansas,AR,T21,T21 Amusements License,0,2011,3
Q3-2011,Arkansas,AR,T22,T22 Corporations In General License,1,2011,3
Q3-2011,Arkansas,AR,T23,T23 Hunting and Fishing License,5,2011,3
Q3-2011,Arkansas,AR,T24,T24 Motor Vehicles License,37,2011,3
Q3-2011,Arkansas,AR,T25,T25 Motor Vehicle Operators License,4,2011,3
Q3-2011,Arkansas,AR,T27,T27 Public Utilities License,9,2011,3
Q3-2011,Arkansas,AR,T28,"T28 Occupation and Business License, Not Elsewhere Classified",28,2011,3
Q3-2011,Arkansas,AR,T29,T29 Other License Taxes,0,2011,3
Q3-2011,Arkansas,AR,T40,T40 Individual Income Taxes,603,2011,3
Q3-2011,Arkansas,AR,T41,T41 Corporation Net Income Taxes,103,2011,3
Q3-2011,Arkansas,AR,T50,T50 Death and Gift Taxes,0,2011,3
Q3-2011,Arkansas,AR,T51,T51 Documentary and Stock Transfer Taxes,7,2011,3
Q3-2011,Arkansas,AR,T53,T53 Severance Taxes,19,2011,3
Q3-2011,Arkansas,AR,T99,"T99 Taxes, Not Elsewhere Classified",6,2011,3
Q3-2011,Arkansas,AR,TOTAL,Total Taxes,1942,2011,3
Q4-2011,Arkansas,AR,T01,T01 Property Taxes,507,2011,4
Q4-2011,Arkansas,AR,T09,T09 General Sales and Gross Receipts Taxes,689,2011,4
Q4-2011,Arkansas,AR,T10,T10 Alcoholic Beverages Sales Tax,12,2011,4
Q4-2011,Arkansas,AR,T11,T11 Amusements Sales Tax,6,2011,4
Q4-2011,Arkansas,AR,T12,T12 Insurance Premiums Sales Tax,25,2011,4
Q4-2011,Arkansas,AR,T13,T13 Motor Fuels Sales Tax,116,2011,4
Q4-2011,Arkansas,AR,T14,T14 Pari-Mutuels Sales Tax,1,2011,4
Q4-2011,Arkansas,AR,T16,T16 Tobacco Products Sales Tax,63,2011,4
Q4-2011,Arkansas,AR,T19,T19 Other Selective Sales and Gross Receipts Taxes,54,2011,4
Q4-2011,Arkansas,AR,T20,T20 Alcoholic Beverages License,0,2011,4
Q4-2011,Arkansas,AR,T21,T21 Amusements License,0,2011,4
Q4-2011,Arkansas,AR,T22,T22 Corporations In General License,2,2011,4
Q4-2011,Arkansas,AR,T23,T23 Hunting and Fishing License,10,2011,4
Q4-2011,Arkansas,AR,T24,T24 Motor Vehicles License,32,2011,4
Q4-2011,Arkansas,AR,T25,T25 Motor Vehicle Operators License,4,2011,4
Q4-2011,Arkansas,AR,T27,T27 Public Utilities License,0,2011,4
Q4-2011,Arkansas,AR,T28,"T28 Occupation and Business License, Not Elsewhere Classified",30,2011,4
Q4-2011,Arkansas,AR,T29,T29 Other License Taxes,0,2011,4
Q4-2011,Arkansas,AR,T40,T40 Individual Income Taxes,588,2011,4
Q4-2011,Arkansas,AR,T41,T41 Corporation Net Income Taxes,70,2011,4
Q4-2011,Arkansas,AR,T50,T50 Death and Gift Taxes,0,2011,4
Q4-2011,Arkansas,AR,T51,T51 Documentary and Stock Transfer Taxes,6,2011,4
Q4-2011,Arkansas,AR,T53,T53 Severance Taxes,21,2011,4
Q4-2011,Arkansas,AR,T99,"T99 Taxes, Not Elsewhere Classified",6,2011,4
Q4-2011,Arkansas,AR,TOTAL,Total Taxes,2241,2011,4
Q1-2012,Arkansas,AR,T01,T01 Property Taxes,79,2012,1
Q1-2012,Arkansas,AR,T09,T09 General Sales and Gross Receipts Taxes,693,2012,1
Q1-2012,Arkansas,AR,T10,T10 Alcoholic Beverages Sales Tax,12,2012,1
Q1-2012,Arkansas,AR,T11,T11 Amusements Sales Tax,8,2012,1
Q1-2012,Arkansas,AR,T12,T12 Insurance Premiums Sales Tax,24,2012,1
Q1-2012,Arkansas,AR,T13,T13 Motor Fuels Sales Tax,111,2012,1
Q1-2012,Arkansas,AR,T14,T14 Pari-Mutuels Sales Tax,1,2012,1
Q1-2012,Arkansas,AR,T16,T16 Tobacco Products Sales Tax,56,2012,1
Q1-2012,Arkansas,AR,T19,T19 Other Selective Sales and Gross Receipts Taxes,57,2012,1
Q1-2012,Arkansas,AR,T20,T20 Alcoholic Beverages License,0,2012,1
Q1-2012,Arkansas,AR,T21,T21 Amusements License,0,2012,1
Q1-2012,Arkansas,AR,T22,T22 Corporations In General License,4,2012,1
Q1-2012,Arkansas,AR,T23,T23 Hunting and Fishing License,0,2012,1
Q1-2012,Arkansas,AR,T24,T24 Motor Vehicles License,40,2012,1
Q1-2012,Arkansas,AR,T25,T25 Motor Vehicle Operators License,5,2012,1
Q1-2012,Arkansas,AR,T27,T27 Public Utilities License,0,2012,1
Q1-2012,Arkansas,AR,T28,"T28 Occupation and Business License, Not Elsewhere Classified",30,2012,1
Q1-2012,Arkansas,AR,T29,T29 Other License Taxes,0,2012,1
Q1-2012,Arkansas,AR,T40,T40 Individual Income Taxes,438,2012,1
Q1-2012,Arkansas,AR,T41,T41 Corporation Net Income Taxes,89,2012,1
Q1-2012,Arkansas,AR,T50,T50 Death and Gift Taxes,0,2012,1
Q1-2012,Arkansas,AR,T51,T51 Documentary and Stock Transfer Taxes,6,2012,1
Q1-2012,Arkansas,AR,T53,T53 Severance Taxes,22,2012,1
Q1-2012,Arkansas,AR,T99,"T99 Taxes, Not Elsewhere Classified",6,2012,1
Q1-2012,Arkansas,AR,TOTAL,Total Taxes,1681,2012,1
Q2-2012,Arkansas,AR,T01,T01 Property Taxes,315,2012,2
Q2-2012,Arkansas,AR,T09,T09 General Sales and Gross Receipts Taxes,708,2012,2
Q2-2012,Arkansas,AR,T10,T10 Alcoholic Beverages Sales Tax,13,2012,2
Q2-2012,Arkansas,AR,T11,T11 Amusements Sales Tax,8,2012,2
Q2-2012,Arkansas,AR,T12,T12 Insurance Premiums Sales Tax,85,2012,2
Q2-2012,Arkansas,AR,T13,T13 Motor Fuels Sales Tax,119,2012,2
Q2-2012,Arkansas,AR,T14,T14 Pari-Mutuels Sales Tax,1,2012,2
Q2-2012,Arkansas,AR,T16,T16 Tobacco Products Sales Tax,63,2012,2
Q2-2012,Arkansas,AR,T19,T19 Other Selective Sales and Gross Receipts Taxes,57,2012,2
Q2-2012,Arkansas,AR,T20,T20 Alcoholic Beverages License,3,2012,2
Q2-2012,Arkansas,AR,T21,T21 Amusements License,0,2012,2
Q2-2012,Arkansas,AR,T22,T22 Corporations In General License,18,2012,2
Q2-2012,Arkansas,AR,T23,T23 Hunting and Fishing License,3,2012,2
Q2-2012,Arkansas,AR,T24,T24 Motor Vehicles License,44,2012,2
Q2-2012,Arkansas,AR,T25,T25 Motor Vehicle Operators License,4,2012,2
Q2-2012,Arkansas,AR,T27,T27 Public Utilities License,1,2012,2
Q2-2012,Arkansas,AR,T28,"T28 Occupation and Business License, Not Elsewhere Classified",31,2012,2
Q2-2012,Arkansas,AR,T29,T29 Other License Taxes,0,2012,2
Q2-2012,Arkansas,AR,T40,T40 Individual Income Taxes,773,2012,2
Q2-2012,Arkansas,AR,T41,T41 Corporation Net Income Taxes,142,2012,2
Q2-2012,Arkansas,AR,T50,T50 Death and Gift Taxes,0,2012,2
Q2-2012,Arkansas,AR,T51,T51 Documentary and Stock Transfer Taxes,7,2012,2
Q2-2012,Arkansas,AR,T53,T53 Severance Taxes,17,2012,2
Q2-2012,Arkansas,AR,T99,"T99 Taxes, Not Elsewhere Classified",6,2012,2
Q2-2012,Arkansas,AR,TOTAL,Total Taxes,2417,2012,2
Q3-2012,Arkansas,AR,T01,T01 Property Taxes,109,2012,3
Q3-2012,Arkansas,AR,T09,T09 General Sales and Gross Receipts Taxes,713,2012,3
Q3-2012,Arkansas,AR,T10,T10 Alcoholic Beverages Sales Tax,12,2012,3
Q3-2012,Arkansas,AR,T11,T11 Amusements Sales Tax,8,2012,3
Q3-2012,Arkansas,AR,T12,T12 Insurance Premiums Sales Tax,23,2012,3
Q3-2012,Arkansas,AR,T13,T13 Motor Fuels Sales Tax,120,2012,3
Q3-2012,Arkansas,AR,T14,T14 Pari-Mutuels Sales Tax,1,2012,3
Q3-2012,Arkansas,AR,T16,T16 Tobacco Products Sales Tax,61,2012,3
Q3-2012,Arkansas,AR,T19,T19 Other Selective Sales and Gross Receipts Taxes,59,2012,3
Q3-2012,Arkansas,AR,T20,T20 Alcoholic Beverages License,1,2012,3
Q3-2012,Arkansas,AR,T21,T21 Amusements License,0,2012,3
Q3-2012,Arkansas,AR,T22,T22 Corporations In General License,2,2012,3
Q3-2012,Arkansas,AR,T23,T23 Hunting and Fishing License,8,2012,3
Q3-2012,Arkansas,AR,T24,T24 Motor Vehicles License,38,2012,3
Q3-2012,Arkansas,AR,T25,T25 Motor Vehicle Operators License,4,2012,3
Q3-2012,Arkansas,AR,T27,T27 Public Utilities License,9,2012,3
Q3-2012,Arkansas,AR,T28,"T28 Occupation and Business License, Not Elsewhere Classified",31,2012,3
Q3-2012,Arkansas,AR,T29,T29 Other License Taxes,0,2012,3
Q3-2012,Arkansas,AR,T40,T40 Individual Income Taxes,659,2012,3
Q3-2012,Arkansas,AR,T41,T41 Corporation Net Income Taxes,96,2012,3
Q3-2012,Arkansas,AR,T50,T50 Death and Gift Taxes,0,2012,3
Q3-2012,Arkansas,AR,T51,T51 Documentary and Stock Transfer Taxes,8,2012,3
Q3-2012,Arkansas,AR,T53,T53 Severance Taxes,16,2012,3
Q3-2012,Arkansas,AR,T99,"T99 Taxes, Not Elsewhere Classified",6,2012,3
Q3-2012,Arkansas,AR,TOTAL,Total Taxes,1984,2012,3
Q4-2012,Arkansas,AR,T01,T01 Property Taxes,507,2012,4
Q4-2012,Arkansas,AR,T09,T09 General Sales and Gross Receipts Taxes,702,2012,4
Q4-2012,Arkansas,AR,T10,T10 Alcoholic Beverages Sales Tax,12,2012,4
Q4-2012,Arkansas,AR,T11,T11 Amusements Sales Tax,8,2012,4
Q4-2012,Arkansas,AR,T12,T12 Insurance Premiums Sales Tax,25,2012,4
Q4-2012,Arkansas,AR,T13,T13 Motor Fuels Sales Tax,114,2012,4
Q4-2012,Arkansas,AR,T14,T14 Pari-Mutuels Sales Tax,1,2012,4
Q4-2012,Arkansas,AR,T16,T16 Tobacco Products Sales Tax,59,2012,4
Q4-2012,Arkansas,AR,T19,T19 Other Selective Sales and Gross Receipts Taxes,53,2012,4
Q4-2012,Arkansas,AR,T20,T20 Alcoholic Beverages License,0,2012,4
Q4-2012,Arkansas,AR,T21,T21 Amusements License,0,2012,4
Q4-2012,Arkansas,AR,T22,T22 Corporations In General License,1,2012,4
Q4-2012,Arkansas,AR,T23,T23 Hunting and Fishing License,9,2012,4
Q4-2012,Arkansas,AR,T24,T24 Motor Vehicles License,31,2012,4
Q4-2012,Arkansas,AR,T25,T25 Motor Vehicle Operators License,4,2012,4
Q4-2012,Arkansas,AR,T27,T27 Public Utilities License,0,2012,4
Q4-2012,Arkansas,AR,T28,"T28 Occupation and Business License, Not Elsewhere Classified",31,2012,4
Q4-2012,Arkansas,AR,T29,T29 Other License Taxes,0,2012,4
Q4-2012,Arkansas,AR,T40,T40 Individual Income Taxes,620,2012,4
Q4-2012,Arkansas,AR,T41,T41 Corporation Net Income Taxes,71,2012,4
Q4-2012,Arkansas,AR,T50,T50 Death and Gift Taxes,0,2012,4
Q4-2012,Arkansas,AR,T51,T51 Documentary and Stock Transfer Taxes,7,2012,4
Q4-2012,Arkansas,AR,T53,T53 Severance Taxes,19,2012,4
Q4-2012,Arkansas,AR,T99,"T99 Taxes, Not Elsewhere Classified",6,2012,4
Q4-2012,Arkansas,AR,TOTAL,Total Taxes,2283,2012,4
Q1-2013,Arkansas,AR,T01,T01 Property Taxes,73,2013,1
Q1-2013,Arkansas,AR,T09,T09 General Sales and Gross Receipts Taxes,699,2013,1
Q1-2013,Arkansas,AR,T10,T10 Alcoholic Beverages Sales Tax,12,2013,1
Q1-2013,Arkansas,AR,T11,T11 Amusements Sales Tax,9,2013,1
Q1-2013,Arkansas,AR,T12,T12 Insurance Premiums Sales Tax,24,2013,1
Q1-2013,Arkansas,AR,T13,T13 Motor Fuels Sales Tax,105,2013,1
Q1-2013,Arkansas,AR,T14,T14 Pari-Mutuels Sales Tax,1,2013,1
Q1-2013,Arkansas,AR,T16,T16 Tobacco Products Sales Tax,53,2013,1
Q1-2013,Arkansas,AR,T19,T19 Other Selective Sales and Gross Receipts Taxes,64,2013,1
Q1-2013,Arkansas,AR,T20,T20 Alcoholic Beverages License,0,2013,1
Q1-2013,Arkansas,AR,T21,T21 Amusements License,0,2013,1
Q1-2013,Arkansas,AR,T22,T22 Corporations In General License,5,2013,1
Q1-2013,Arkansas,AR,T23,T23 Hunting and Fishing License,4,2013,1
Q1-2013,Arkansas,AR,T24,T24 Motor Vehicles License,39,2013,1
Q1-2013,Arkansas,AR,T25,T25 Motor Vehicle Operators License,5,2013,1
Q1-2013,Arkansas,AR,T27,T27 Public Utilities License,0,2013,1
Q1-2013,Arkansas,AR,T28,"T28 Occupation and Business License, Not Elsewhere Classified",31,2013,1
Q1-2013,Arkansas,AR,T29,T29 Other License Taxes,0,2013,1
Q1-2013,Arkansas,AR,T40,T40 Individual Income Taxes,489,2013,1
Q1-2013,Arkansas,AR,T41,T41 Corporation Net Income Taxes,103,2013,1
Q1-2013,Arkansas,AR,T50,T50 Death and Gift Taxes,0,2013,1
Q1-2013,Arkansas,AR,T51,T51 Documentary and Stock Transfer Taxes,8,2013,1
Q1-2013,Arkansas,AR,T53,T53 Severance Taxes,23,2013,1
Q1-2013,Arkansas,AR,T99,"T99 Taxes, Not Elsewhere Classified",6,2013,1
Q1-2013,Arkansas,AR,TOTAL,Total Taxes,1753,2013,1
Q2-2013,Arkansas,AR,T01,T01 Property Taxes,326,2013,2
Q2-2013,Arkansas,AR,T09,T09 General Sales and Gross Receipts Taxes,724,2013,2
Q2-2013,Arkansas,AR,T10,T10 Alcoholic Beverages Sales Tax,14,2013,2
Q2-2013,Arkansas,AR,T11,T11 Amusements Sales Tax,11,2013,2
Q2-2013,Arkansas,AR,T12,T12 Insurance Premiums Sales Tax,91,2013,2
Q2-2013,Arkansas,AR,T13,T13 Motor Fuels Sales Tax,117,2013,2
Q2-2013,Arkansas,AR,T14,T14 Pari-Mutuels Sales Tax,1,2013,2
Q2-2013,Arkansas,AR,T15,T15 Public Utilities Sales Tax,0,2013,2
Q2-2013,Arkansas,AR,T16,T16 Tobacco Products Sales Tax,64,2013,2
Q2-2013,Arkansas,AR,T19,T19 Other Selective Sales and Gross Receipts Taxes,59,2013,2
Q2-2013,Arkansas,AR,T20,T20 Alcoholic Beverages License,3,2013,2
Q2-2013,Arkansas,AR,T21,T21 Amusements License,0,2013,2
Q2-2013,Arkansas,AR,T22,T22 Corporations In General License,19,2013,2
Q2-2013,Arkansas,AR,T23,T23 Hunting and Fishing License,4,2013,2
Q2-2013,Arkansas,AR,T24,T24 Motor Vehicles License,42,2013,2
Q2-2013,Arkansas,AR,T25,T25 Motor Vehicle Operators License,4,2013,2
Q2-2013,Arkansas,AR,T27,T27 Public Utilities License,0,2013,2
Q2-2013,Arkansas,AR,T28,"T28 Occupation and Business License, Not Elsewhere Classified",30,2013,2
Q2-2013,Arkansas,AR,T29,T29 Other License Taxes,0,2013,2
Q2-2013,Arkansas,AR,T40,T40 Individual Income Taxes,882,2013,2
Q2-2013,Arkansas,AR,T41,T41 Corporation Net Income Taxes,133,2013,2
Q2-2013,Arkansas,AR,T50,T50 Death and Gift Taxes,0,2013,2
Q2-2013,Arkansas,AR,T51,T51 Documentary and Stock Transfer Taxes,8,2013,2
Q2-2013,Arkansas,AR,T53,T53 Severance Taxes,23,2013,2
Q2-2013,Arkansas,AR,T99,"T99 Taxes, Not Elsewhere Classified",6,2013,2
Q2-2013,Arkansas,AR,TOTAL,Total Taxes,2563,2013,2
Q3-2013,Arkansas,AR,T01,T01 Property Taxes,116,2013,3
Q3-2013,Arkansas,AR,T09,T09 General Sales and Gross Receipts Taxes,806,2013,3
Q3-2013,Arkansas,AR,T10,T10 Alcoholic Beverages Sales Tax,13,2013,3
Q3-2013,Arkansas,AR,T11,T11 Amusements Sales Tax,10,2013,3
Q3-2013,Arkansas,AR,T12,T12 Insurance Premiums Sales Tax,25,2013,3
Q3-2013,Arkansas,AR,T13,T13 Motor Fuels Sales Tax,121,2013,3
Q3-2013,Arkansas,AR,T14,T14 Pari-Mutuels Sales Tax,1,2013,3
Q3-2013,Arkansas,AR,T15,T15 Public Utilities Sales Tax,0,2013,3
Q3-2013,Arkansas,AR,T16,T16 Tobacco Products Sales Tax,59,2013,3
Q3-2013,Arkansas,AR,T19,T19 Other Selective Sales and Gross Receipts Taxes,60,2013,3
Q3-2013,Arkansas,AR,T20,T20 Alcoholic Beverages License,1,2013,3
Q3-2013,Arkansas,AR,T21,T21 Amusements License,0,2013,3
Q3-2013,Arkansas,AR,T22,T22 Corporations In General License,2,2013,3
Q3-2013,Arkansas,AR,T23,T23 Hunting and Fishing License,5,2013,3
Q3-2013,Arkansas,AR,T24,T24 Motor Vehicles License,38,2013,3
Q3-2013,Arkansas,AR,T25,T25 Motor Vehicle Operators License,5,2013,3
Q3-2013,Arkansas,AR,T27,T27 Public Utilities License,9,2013,3
Q3-2013,Arkansas,AR,T28,"T28 Occupation and Business License, Not Elsewhere Classified",32,2013,3
Q3-2013,Arkansas,AR,T29,T29 Other License Taxes,0,2013,3
Q3-2013,Arkansas,AR,T40,T40 Individual Income Taxes,670,2013,3
Q3-2013,Arkansas,AR,T41,T41 Corporation Net Income Taxes,110,2013,3
Q3-2013,Arkansas,AR,T50,T50 Death and Gift Taxes,0,2013,3
Q3-2013,Arkansas,AR,T51,T51 Documentary and Stock Transfer Taxes,9,2013,3
Q3-2013,Arkansas,AR,T53,T53 Severance Taxes,26,2013,3
Q3-2013,Arkansas,AR,T99,"T99 Taxes, Not Elsewhere Classified",6,2013,3
Q3-2013,Arkansas,AR,TOTAL,Total Taxes,2123,2013,3
Q4-2013,Arkansas,AR,T01,T01 Property Taxes,532,2013,4
Q4-2013,Arkansas,AR,T09,T09 General Sales and Gross Receipts Taxes,772,2013,4
Q4-2013,Arkansas,AR,T10,T10 Alcoholic Beverages Sales Tax,13,2013,4
Q4-2013,Arkansas,AR,T11,T11 Amusements Sales Tax,9,2013,4
Q4-2013,Arkansas,AR,T12,T12 Insurance Premiums Sales Tax,25,2013,4
Q4-2013,Arkansas,AR,T13,T13 Motor Fuels Sales Tax,114,2013,4
Q4-2013,Arkansas,AR,T14,T14 Pari-Mutuels Sales Tax,1,2013,4
Q4-2013,Arkansas,AR,T15,T15 Public Utilities Sales Tax,0,2013,4
Q4-2013,Arkansas,AR,T16,T16 Tobacco Products Sales Tax,58,2013,4
Q4-2013,Arkansas,AR,T19,T19 Other Selective Sales and Gross Receipts Taxes,61,2013,4
Q4-2013,Arkansas,AR,T20,T20 Alcoholic Beverages License,0,2013,4
Q4-2013,Arkansas,AR,T21,T21 Amusements License,0,2013,4
Q4-2013,Arkansas,AR,T22,T22 Corporations In General License,2,2013,4
Q4-2013,Arkansas,AR,T23,T23 Hunting and Fishing License,11,2013,4
Q4-2013,Arkansas,AR,T24,T24 Motor Vehicles License,31,2013,4
Q4-2013,Arkansas,AR,T25,T25 Motor Vehicle Operators License,4,2013,4
Q4-2013,Arkansas,AR,T27,T27 Public Utilities License,0,2013,4
Q4-2013,Arkansas,AR,T28,"T28 Occupation and Business License, Not Elsewhere Classified",32,2013,4
Q4-2013,Arkansas,AR,T29,T29 Other License Taxes,0,2013,4
Q4-2013,Arkansas,AR,T40,T40 Individual Income Taxes,637,2013,4
Q4-2013,Arkansas,AR,T41,T41 Corporation Net Income Taxes,68,2013,4
Q4-2013,Arkansas,AR,T50,T50 Death and Gift Taxes,0,2013,4
Q4-2013,Arkansas,AR,T51,T51 Documentary and Stock Transfer Taxes,7,2013,4
Q4-2013,Arkansas,AR,T53,T53 Severance Taxes,23,2013,4
Q4-2013,Arkansas,AR,T99,"T99 Taxes, Not Elsewhere Classified",6,2013,4
Q4-2013,Arkansas,AR,TOTAL,Total Taxes,2408,2013,4
Q1-2014,Arkansas,AR,T01,T01 Property Taxes,82,2014,1
Q1-2014,Arkansas,AR,T09,T09 General Sales and Gross Receipts Taxes,766,2014,1
Q1-2014,Arkansas,AR,T10,T10 Alcoholic Beverages Sales Tax,12,2014,1
Q1-2014,Arkansas,AR,T11,T11 Amusements Sales Tax,10,2014,1
Q1-2014,Arkansas,AR,T12,T12 Insurance Premiums Sales Tax,26,2014,1
Q1-2014,Arkansas,AR,T13,T13 Motor Fuels Sales Tax,105,2014,1
Q1-2014,Arkansas,AR,T14,T14 Pari-Mutuels Sales Tax,1,2014,1
Q1-2014,Arkansas,AR,T15,T15 Public Utilities Sales Tax,0,2014,1
Q1-2014,Arkansas,AR,T16,T16 Tobacco Products Sales Tax,50,2014,1
Q1-2014,Arkansas,AR,T19,T19 Other Selective Sales and Gross Receipts Taxes,56,2014,1
Q1-2014,Arkansas,AR,T20,T20 Alcoholic Beverages License,0,2014,1
Q1-2014,Arkansas,AR,T21,T21 Amusements License,0,2014,1
Q1-2014,Arkansas,AR,T22,T22 Corporations In General License,5,2014,1
Q1-2014,Arkansas,AR,T23,T23 Hunting and Fishing License,4,2014,1
Q1-2014,Arkansas,AR,T24,T24 Motor Vehicles License,37,2014,1
Q1-2014,Arkansas,AR,T25,T25 Motor Vehicle Operators License,5,2014,1
Q1-2014,Arkansas,AR,T27,T27 Public Utilities License,0,2014,1
Q1-2014,Arkansas,AR,T28,"T28 Occupation and Business License, Not Elsewhere Classified",32,2014,1
Q1-2014,Arkansas,AR,T29,T29 Other License Taxes,0,2014,1
Q1-2014,Arkansas,AR,T40,T40 Individual Income Taxes,507,2014,1
Q1-2014,Arkansas,AR,T41,T41 Corporation Net Income Taxes,99,2014,1
Q1-2014,Arkansas,AR,T50,T50 Death and Gift Taxes,0,2014,1
Q1-2014,Arkansas,AR,T51,T51 Documentary and Stock Transfer Taxes,7,2014,1
Q1-2014,Arkansas,AR,T53,T53 Severance Taxes,28,2014,1
Q1-2014,Arkansas,AR,T99,"T99 Taxes, Not Elsewhere Classified",6,2014,1
Q1-2014,Arkansas,AR,TOTAL,Total Taxes,1839,2014,1
Q2-2014,Arkansas,AR,T01,T01 Property Taxes,328,2014,2
Q2-2014,Arkansas,AR,T09,T09 General Sales and Gross Receipts Taxes,787,2014,2
Q2-2014,Arkansas,AR,T10,T10 Alcoholic Beverages Sales Tax,14,2014,2
Q2-2014,Arkansas,AR,T11,T11 Amusements Sales Tax,11,2014,2
Q2-2014,Arkansas,AR,T12,T12 Insurance Premiums Sales Tax,106,2014,2
Q2-2014,Arkansas,AR,T13,T13 Motor Fuels Sales Tax,115,2014,2
Q2-2014,Arkansas,AR,T14,T14 Pari-Mutuels Sales Tax,1,2014,2
Q2-2014,Arkansas,AR,T15,T15 Public Utilities Sales Tax,0,2014,2
Q2-2014,Arkansas,AR,T16,T16 Tobacco Products Sales Tax,58,2014,2
Q2-2014,Arkansas,AR,T19,T19 Other Selective Sales and Gross Receipts Taxes,59,2014,2
Q2-2014,Arkansas,AR,T20,T20 Alcoholic Beverages License,3,2014,2
Q2-2014,Arkansas,AR,T21,T21 Amusements License,0,2014,2
Q2-2014,Arkansas,AR,T22,T22 Corporations In General License,19,2014,2
Q2-2014,Arkansas,AR,T23,T23 Hunting and Fishing License,4,2014,2
Q2-2014,Arkansas,AR,T24,T24 Motor Vehicles License,48,2014,2
Q2-2014,Arkansas,AR,T25,T25 Motor Vehicle Operators License,4,2014,2
Q2-2014,Arkansas,AR,T27,T27 Public Utilities License,1,2014,2
Q2-2014,Arkansas,AR,T28,"T28 Occupation and Business License, Not Elsewhere Classified",32,2014,2
Q2-2014,Arkansas,AR,T29,T29 Other License Taxes,0,2014,2
Q2-2014,Arkansas,AR,T40,T40 Individual Income Taxes,789,2014,2
Q2-2014,Arkansas,AR,T41,T41 Corporation Net Income Taxes,122,2014,2
Q2-2014,Arkansas,AR,T50,T50 Death and Gift Taxes,0,2014,2
Q2-2014,Arkansas,AR,T51,T51 Documentary and Stock Transfer Taxes,9,2014,2
Q2-2014,Arkansas,AR,T53,T53 Severance Taxes,32,2014,2
Q2-2014,Arkansas,AR,T99,"T99 Taxes, Not Elsewhere Classified",6,2014,2
Q2-2014,Arkansas,AR,TOTAL,Total Taxes,2547,2014,2
Q3-2014,Arkansas,AR,T01,T01 Property Taxes,130,2014,3
Q3-2014,Arkansas,AR,T09,T09 General Sales and Gross Receipts Taxes,806,2014,3
Q3-2014,Arkansas,AR,T10,T10 Alcoholic Beverages Sales Tax,14,2014,3
Q3-2014,Arkansas,AR,T11,T11 Amusements Sales Tax,11,2014,3
Q3-2014,Arkansas,AR,T12,T12 Insurance Premiums Sales Tax,25,2014,3
Q3-2014,Arkansas,AR,T13,T13 Motor Fuels Sales Tax,121,2014,3
Q3-2014,Arkansas,AR,T14,T14 Pari-Mutuels Sales Tax,1,2014,3
Q3-2014,Arkansas,AR,T15,T15 Public Utilities Sales Tax,0,2014,3
Q3-2014,Arkansas,AR,T16,T16 Tobacco Products Sales Tax,58,2014,3
Q3-2014,Arkansas,AR,T19,T19 Other Selective Sales and Gross Receipts Taxes,63,2014,3
Q3-2014,Arkansas,AR,T20,T20 Alcoholic Beverages License,1,2014,3
Q3-2014,Arkansas,AR,T21,T21 Amusements License,0,2014,3
Q3-2014,Arkansas,AR,T22,T22 Corporations In General License,2,2014,3
Q3-2014,Arkansas,AR,T23,T23 Hunting and Fishing License,5,2014,3
Q3-2014,Arkansas,AR,T24,T24 Motor Vehicles License,38,2014,3
Q3-2014,Arkansas,AR,T25,T25 Motor Vehicle Operators License,5,2014,3
Q3-2014,Arkansas,AR,T27,T27 Public Utilities License,9,2014,3
Q3-2014,Arkansas,AR,T28,"T28 Occupation and Business License, Not Elsewhere Classified",35,2014,3
Q3-2014,Arkansas,AR,T29,T29 Other License Taxes,0,2014,3
Q3-2014,Arkansas,AR,T40,T40 Individual Income Taxes,689,2014,3
Q3-2014,Arkansas,AR,T41,T41 Corporation Net Income Taxes,105,2014,3
Q3-2014,Arkansas,AR,T50,T50 Death and Gift Taxes,0,2014,3
Q3-2014,Arkansas,AR,T51,T51 Documentary and Stock Transfer Taxes,9,2014,3
Q3-2014,Arkansas,AR,T53,T53 Severance Taxes,33,2014,3
Q3-2014,Arkansas,AR,T99,"T99 Taxes, Not Elsewhere Classified",7,2014,3
Q3-2014,Arkansas,AR,TOTAL,Total Taxes,2166,2014,3
Q4-2014,Arkansas,AR,T01,T01 Property Taxes,526,2014,4
Q4-2014,Arkansas,AR,T09,T09 General Sales and Gross Receipts Taxes,799,2014,4
Q4-2014,Arkansas,AR,T10,T10 Alcoholic Beverages Sales Tax,13,2014,4
Q4-2014,Arkansas,AR,T11,T11 Amusements Sales Tax,8,2014,4
Q4-2014,Arkansas,AR,T12,T12 Insurance Premiums Sales Tax,26,2014,4
Q4-2014,Arkansas,AR,T13,T13 Motor Fuels Sales Tax,115,2014,4
Q4-2014,Arkansas,AR,T14,T14 Pari-Mutuels Sales Tax,1,2014,4
Q4-2014,Arkansas,AR,T15,T15 Public Utilities Sales Tax,0,2014,4
Q4-2014,Arkansas,AR,T16,T16 Tobacco Products Sales Tax,59,2014,4
Q4-2014,Arkansas,AR,T19,T19 Other Selective Sales and Gross Receipts Taxes,59,2014,4
Q4-2014,Arkansas,AR,T20,T20 Alcoholic Beverages License,0,2014,4
Q4-2014,Arkansas,AR,T21,T21 Amusements License,0,2014,4
Q4-2014,Arkansas,AR,T22,T22 Corporations In General License,2,2014,4
Q4-2014,Arkansas,AR,T23,T23 Hunting and Fishing License,12,2014,4
Q4-2014,Arkansas,AR,T24,T24 Motor Vehicles License,34,2014,4
Q4-2014,Arkansas,AR,T25,T25 Motor Vehicle Operators License,4,2014,4
Q4-2014,Arkansas,AR,T27,T27 Public Utilities License,0,2014,4
Q4-2014,Arkansas,AR,T28,"T28 Occupation and Business License, Not Elsewhere Classified",35,2014,4
Q4-2014,Arkansas,AR,T29,T29 Other License Taxes,0,2014,4
Q4-2014,Arkansas,AR,T40,T40 Individual Income Taxes,663,2014,4
Q4-2014,Arkansas,AR,T41,T41 Corporation Net Income Taxes,110,2014,4
Q4-2014,Arkansas,AR,T50,T50 Death and Gift Taxes,0,2014,4
Q4-2014,Arkansas,AR,T51,T51 Documentary and Stock Transfer Taxes,9,2014,4
Q4-2014,Arkansas,AR,T53,T53 Severance Taxes,28,2014,4
Q4-2014,Arkansas,AR,T99,"T99 Taxes, Not Elsewhere Classified",7,2014,4
Q4-2014,Arkansas,AR,TOTAL,Total Taxes,2508,2014,4
Q1-2015,Arkansas,AR,T01,T01 Property Taxes,80,2015,1
Q1-2015,Arkansas,AR,T09,T09 General Sales and Gross Receipts Taxes,797,2015,1
Q1-2015,Arkansas,AR,T10,T10 Alcoholic Beverages Sales Tax,13,2015,1
Q1-2015,Arkansas,AR,T11,T11 Amusements Sales Tax,15,2015,1
Q1-2015,Arkansas,AR,T12,T12 Insurance Premiums Sales Tax,28,2015,1
Q1-2015,Arkansas,AR,T13,T13 Motor Fuels Sales Tax,108,2015,1
Q1-2015,Arkansas,AR,T14,T14 Pari-Mutuels Sales Tax,1,2015,1
Q1-2015,Arkansas,AR,T15,T15 Public Utilities Sales Tax,0,2015,1
Q1-2015,Arkansas,AR,T16,T16 Tobacco Products Sales Tax,50,2015,1
Q1-2015,Arkansas,AR,T19,T19 Other Selective Sales and Gross Receipts Taxes,63,2015,1
Q1-2015,Arkansas,AR,T20,T20 Alcoholic Beverages License,0,2015,1
Q1-2015,Arkansas,AR,T21,T21 Amusements License,0,2015,1
Q1-2015,Arkansas,AR,T22,T22 Corporations In General License,4,2015,1
Q1-2015,Arkansas,AR,T23,T23 Hunting and Fishing License,3,2015,1
Q1-2015,Arkansas,AR,T24,T24 Motor Vehicles License,41,2015,1
Q1-2015,Arkansas,AR,T25,T25 Motor Vehicle Operators License,5,2015,1
Q1-2015,Arkansas,AR,T27,T27 Public Utilities License,0,2015,1
Q1-2015,Arkansas,AR,T28,"T28 Occupation and Business License, Not Elsewhere Classified",35,2015,1
Q1-2015,Arkansas,AR,T29,T29 Other License Taxes,0,2015,1
Q1-2015,Arkansas,AR,T40,T40 Individual Income Taxes,497,2015,1
Q1-2015,Arkansas,AR,T41,T41 Corporation Net Income Taxes,107,2015,1
Q1-2015,Arkansas,AR,T50,T50 Death and Gift Taxes,0,2015,1
Q1-2015,Arkansas,AR,T51,T51 Documentary and Stock Transfer Taxes,8,2015,1
Q1-2015,Arkansas,AR,T53,T53 Severance Taxes,23,2015,1
Q1-2015,Arkansas,AR,T99,"T99 Taxes, Not Elsewhere Classified",7,2015,1
Q1-2015,Arkansas,AR,TOTAL,Total Taxes,1888,2015,1
Q2-2015,Arkansas,AR,T01,T01 Property Taxes,353,2015,2
Q2-2015,Arkansas,AR,T09,T09 General Sales and Gross Receipts Taxes,780,2015,2
Q2-2015,Arkansas,AR,T10,T10 Alcoholic Beverages Sales Tax,14,2015,2
Q2-2015,Arkansas,AR,T11,T11 Amusements Sales Tax,14,2015,2
Q2-2015,Arkansas,AR,T12,T12 Insurance Premiums Sales Tax,112,2015,2
Q2-2015,Arkansas,AR,T13,T13 Motor Fuels Sales Tax,118,2015,2
Q2-2015,Arkansas,AR,T14,T14 Pari-Mutuels Sales Tax,1,2015,2
Q2-2015,Arkansas,AR,T15,T15 Public Utilities Sales Tax,0,2015,2
Q2-2015,Arkansas,AR,T16,T16 Tobacco Products Sales Tax,58,2015,2
Q2-2015,Arkansas,AR,T19,T19 Other Selective Sales and Gross Receipts Taxes,62,2015,2
Q2-2015,Arkansas,AR,T20,T20 Alcoholic Beverages License,3,2015,2
Q2-2015,Arkansas,AR,T21,T21 Amusements License,0,2015,2
Q2-2015,Arkansas,AR,T22,T22 Corporations In General License,19,2015,2
Q2-2015,Arkansas,AR,T23,T23 Hunting and Fishing License,4,2015,2
Q2-2015,Arkansas,AR,T24,T24 Motor Vehicles License,45,2015,2
Q2-2015,Arkansas,AR,T25,T25 Motor Vehicle Operators License,5,2015,2
Q2-2015,Arkansas,AR,T27,T27 Public Utilities License,1,2015,2
Q2-2015,Arkansas,AR,T28,"T28 Occupation and Business License, Not Elsewhere Classified",35,2015,2
Q2-2015,Arkansas,AR,T29,T29 Other License Taxes,0,2015,2
Q2-2015,Arkansas,AR,T40,T40 Individual Income Taxes,814,2015,2
Q2-2015,Arkansas,AR,T41,T41 Corporation Net Income Taxes,154,2015,2
Q2-2015,Arkansas,AR,T50,T50 Death and Gift Taxes,0,2015,2
Q2-2015,Arkansas,AR,T51,T51 Documentary and Stock Transfer Taxes,10,2015,2
Q2-2015,Arkansas,AR,T53,T53 Severance Taxes,21,2015,2
Q2-2015,Arkansas,AR,T99,"T99 Taxes, Not Elsewhere Classified",7,2015,2
Q2-2015,Arkansas,AR,TOTAL,Total Taxes,2629,2015,2
Q3-2015,Arkansas,AR,T01,T01 Property Taxes,128,2015,3
Q3-2015,Arkansas,AR,T09,T09 General Sales and Gross Receipts Taxes,862,2015,3
Q3-2015,Arkansas,AR,T10,T10 Alcoholic Beverages Sales Tax,13,2015,3
Q3-2015,Arkansas,AR,T11,T11 Amusements Sales Tax,13,2015,3
Q3-2015,Arkansas,AR,T12,T12 Insurance Premiums Sales Tax,30,2015,3
Q3-2015,Arkansas,AR,T13,T13 Motor Fuels Sales Tax,124,2015,3
Q3-2015,Arkansas,AR,T14,T14 Pari-Mutuels Sales Tax,0,2015,3
Q3-2015,Arkansas,AR,T15,T15 Public Utilities Sales Tax,0,2015,3
Q3-2015,Arkansas,AR,T16,T16 Tobacco Products Sales Tax,59,2015,3
Q3-2015,Arkansas,AR,T19,T19 Other Selective Sales and Gross Receipts Taxes,65,2015,3
Q3-2015,Arkansas,AR,T20,T20 Alcoholic Beverages License,1,2015,3
Q3-2015,Arkansas,AR,T21,T21 Amusements License,0,2015,3
Q3-2015,Arkansas,AR,T22,T22 Corporations In General License,2,2015,3
Q3-2015,Arkansas,AR,T23,T23 Hunting and Fishing License,6,2015,3
Q3-2015,Arkansas,AR,T24,T24 Motor Vehicles License,40,2015,3
Q3-2015,Arkansas,AR,T25,T25 Motor Vehicle Operators License,4,2015,3
Q3-2015,Arkansas,AR,T27,T27 Public Utilities License,8,2015,3
Q3-2015,Arkansas,AR,T28,"T28 Occupation and Business License, Not Elsewhere Classified",36,2015,3
Q3-2015,Arkansas,AR,T29,T29 Other License Taxes,0,2015,3
Q3-2015,Arkansas,AR,T40,T40 Individual Income Taxes,661,2015,3
Q3-2015,Arkansas,AR,T41,T41 Corporation Net Income Taxes,110,2015,3
Q3-2015,Arkansas,AR,T50,T50 Death and Gift Taxes,0,2015,3
Q3-2015,Arkansas,AR,T51,T51 Documentary and Stock Transfer Taxes,10,2015,3
Q3-2015,Arkansas,AR,T53,T53 Severance Taxes,16,2015,3
Q3-2015,Arkansas,AR,T99,"T99 Taxes, Not Elsewhere Classified",7,2015,3
Q3-2015,Arkansas,AR,TOTAL,Total Taxes,2197,2015,3
Q4-2015,Arkansas,AR,T01,T01 Property Taxes,547,2015,4
Q4-2015,Arkansas,AR,T09,T09 General Sales and Gross Receipts Taxes,818,2015,4
Q4-2015,Arkansas,AR,T10,T10 Alcoholic Beverages Sales Tax,14,2015,4
Q4-2015,Arkansas,AR,T11,T11 Amusements Sales Tax,13,2015,4
Q4-2015,Arkansas,AR,T12,T12 Insurance Premiums Sales Tax,33,2015,4
Q4-2015,Arkansas,AR,T13,T13 Motor Fuels Sales Tax,119,2015,4
Q4-2015,Arkansas,AR,T14,T14 Pari-Mutuels Sales Tax,1,2015,4
Q4-2015,Arkansas,AR,T15,T15 Public Utilities Sales Tax,0,2015,4
Q4-2015,Arkansas,AR,T16,T16 Tobacco Products Sales Tax,57,2015,4
Q4-2015,Arkansas,AR,T19,T19 Other Selective Sales and Gross Receipts Taxes,45,2015,4
Q4-2015,Arkansas,AR,T20,T20 Alcoholic Beverages License,0,2015,4
Q4-2015,Arkansas,AR,T21,T21 Amusements License,0,2015,4
Q4-2015,Arkansas,AR,T22,T22 Corporations In General License,2,2015,4
Q4-2015,Arkansas,AR,T23,T23 Hunting and Fishing License,13,2015,4
Q4-2015,Arkansas,AR,T24,T24 Motor Vehicles License,33,2015,4
Q4-2015,Arkansas,AR,T25,T25 Motor Vehicle Operators License,4,2015,4
Q4-2015,Arkansas,AR,T27,T27 Public Utilities License,0,2015,4
Q4-2015,Arkansas,AR,T28,"T28 Occupation and Business License, Not Elsewhere Classified",36,2015,4
Q4-2015,Arkansas,AR,T29,T29 Other License Taxes,0,2015,4
Q4-2015,Arkansas,AR,T40,T40 Individual Income Taxes,643,2015,4
Q4-2015,Arkansas,AR,T41,T41 Corporation Net Income Taxes,81,2015,4
Q4-2015,Arkansas,AR,T50,T50 Death and Gift Taxes,0,2015,4
Q4-2015,Arkansas,AR,T51,T51 Documentary and Stock Transfer Taxes,10,2015,4
Q4-2015,Arkansas,AR,T53,T53 Severance Taxes,15,2015,4
Q4-2015,Arkansas,AR,T99,"T99 Taxes, Not Elsewhere Classified",7,2015,4
Q4-2015,Arkansas,AR,TOTAL,Total Taxes,2490,2015,4
Q1-2016,Arkansas,AR,T01,T01 Property Taxes,93,2016,1
Q1-2016,Arkansas,AR,T09,T09 General Sales and Gross Receipts Taxes,825,2016,1
Q1-2016,Arkansas,AR,T10,T10 Alcoholic Beverages Sales Tax,13,2016,1
Q1-2016,Arkansas,AR,T11,T11 Amusements Sales Tax,15,2016,1
Q1-2016,Arkansas,AR,T12,T12 Insurance Premiums Sales Tax,26,2016,1
Q1-2016,Arkansas,AR,T13,T13 Motor Fuels Sales Tax,114,2016,1
Q1-2016,Arkansas,AR,T14,T14 Pari-Mutuels Sales Tax,1,2016,1
Q1-2016,Arkansas,AR,T15,T15 Public Utilities Sales Tax,0,2016,1
Q1-2016,Arkansas,AR,T16,T16 Tobacco Products Sales Tax,54,2016,1
Q1-2016,Arkansas,AR,T19,T19 Other Selective Sales and Gross Receipts Taxes,83,2016,1
Q1-2016,Arkansas,AR,T20,T20 Alcoholic Beverages License,0,2016,1
Q1-2016,Arkansas,AR,T21,T21 Amusements License,0,2016,1
Q1-2016,Arkansas,AR,T22,T22 Corporations In General License,6,2016,1
Q1-2016,Arkansas,AR,T23,T23 Hunting and Fishing License,4,2016,1
Q1-2016,Arkansas,AR,T24,T24 Motor Vehicles License,42,2016,1
Q1-2016,Arkansas,AR,T25,T25 Motor Vehicle Operators License,6,2016,1
Q1-2016,Arkansas,AR,T27,T27 Public Utilities License,0,2016,1
Q1-2016,Arkansas,AR,T28,"T28 Occupation and Business License, Not Elsewhere Classified",36,2016,1
Q1-2016,Arkansas,AR,T29,T29 Other License Taxes,0,2016,1
Q1-2016,Arkansas,AR,T40,T40 Individual Income Taxes,613,2016,1
Q1-2016,Arkansas,AR,T41,T41 Corporation Net Income Taxes,109,2016,1
Q1-2016,Arkansas,AR,T50,T50 Death and Gift Taxes,0,2016,1
Q1-2016,Arkansas,AR,T51,T51 Documentary and Stock Transfer Taxes,8,2016,1
Q1-2016,Arkansas,AR,T53,T53 Severance Taxes,11,2016,1
Q1-2016,Arkansas,AR,T99,"T99 Taxes, Not Elsewhere Classified",7,2016,1
Q1-2016,Arkansas,AR,TOTAL,Total Taxes,2066,2016,1
Q2-2016,Arkansas,AR,T01,T01 Property Taxes,330,2016,2
Q2-2016,Arkansas,AR,T09,T09 General Sales and Gross Receipts Taxes,811,2016,2
Q2-2016,Arkansas,AR,T10,T10 Alcoholic Beverages Sales Tax,14,2016,2
Q2-2016,Arkansas,AR,T11,T11 Amusements Sales Tax,15,2016,2
Q2-2016,Arkansas,AR,T12,T12 Insurance Premiums Sales Tax,103,2016,2
Q2-2016,Arkansas,AR,T13,T13 Motor Fuels Sales Tax,123,2016,2
Q2-2016,Arkansas,AR,T14,T14 Pari-Mutuels Sales Tax,1,2016,2
Q2-2016,Arkansas,AR,T15,T15 Public Utilities Sales Tax,0,2016,2
Q2-2016,Arkansas,AR,T16,T16 Tobacco Products Sales Tax,60,2016,2
Q2-2016,Arkansas,AR,T19,T19 Other Selective Sales and Gross Receipts Taxes,66,2016,2
Q2-2016,Arkansas,AR,T20,T20 Alcoholic Beverages License,3,2016,2
Q2-2016,Arkansas,AR,T21,T21 Amusements License,0,2016,2
Q2-2016,Arkansas,AR,T22,T22 Corporations In General License,17,2016,2
Q2-2016,Arkansas,AR,T23,T23 Hunting and Fishing License,4,2016,2
Q2-2016,Arkansas,AR,T24,T24 Motor Vehicles License,48,2016,2
Q2-2016,Arkansas,AR,T25,T25 Motor Vehicle Operators License,7,2016,2
Q2-2016,Arkansas,AR,T27,T27 Public Utilities License,0,2016,2
Q2-2016,Arkansas,AR,T28,"T28 Occupation and Business License, Not Elsewhere Classified",36,2016,2
Q2-2016,Arkansas,AR,T29,T29 Other License Taxes,0,2016,2
Q2-2016,Arkansas,AR,T40,T40 Individual Income Taxes,864,2016,2
Q2-2016,Arkansas,AR,T41,T41 Corporation Net Income Taxes,150,2016,2
Q2-2016,Arkansas,AR,T50,T50 Death and Gift Taxes,0,2016,2
Q2-2016,Arkansas,AR,T51,T51 Documentary and Stock Transfer Taxes,11,2016,2
Q2-2016,Arkansas,AR,T53,T53 Severance Taxes,7,2016,2
Q2-2016,Arkansas,AR,T99,"T99 Taxes, Not Elsewhere Classified",7,2016,2
Q2-2016,Arkansas,AR,TOTAL,Total Taxes,2678,2016,2
Q3-2016,Arkansas,AR,T01,T01 Property Taxes,119,2016,3
Q3-2016,Arkansas,AR,T09,T09 General Sales and Gross Receipts Taxes,853,2016,3
Q3-2016,Arkansas,AR,T10,T10 Alcoholic Beverages Sales Tax,14,2016,3
Q3-2016,Arkansas,AR,T11,T11 Amusements Sales Tax,14,2016,3
Q3-2016,Arkansas,AR,T12,T12 Insurance Premiums Sales Tax,32,2016,3
Q3-2016,Arkansas,AR,T13,T13 Motor Fuels Sales Tax,127,2016,3
Q3-2016,Arkansas,AR,T14,T14 Pari-Mutuels Sales Tax,0,2016,3
Q3-2016,Arkansas,AR,T15,T15 Public Utilities Sales Tax,0,2016,3
Q3-2016,Arkansas,AR,T16,T16 Tobacco Products Sales Tax,56,2016,3
Q3-2016,Arkansas,AR,T19,T19 Other Selective Sales and Gross Receipts Taxes,68,2016,3
Q3-2016,Arkansas,AR,T20,T20 Alcoholic Beverages License,1,2016,3
Q3-2016,Arkansas,AR,T21,T21 Amusements License,0,2016,3
Q3-2016,Arkansas,AR,T22,T22 Corporations In General License,3,2016,3
Q3-2016,Arkansas,AR,T23,T23 Hunting and Fishing License,5,2016,3
Q3-2016,Arkansas,AR,T24,T24 Motor Vehicles License,38,2016,3
Q3-2016,Arkansas,AR,T25,T25 Motor Vehicle Operators License,7,2016,3
Q3-2016,Arkansas,AR,T27,T27 Public Utilities License,9,2016,3
Q3-2016,Arkansas,AR,T28,"T28 Occupation and Business License, Not Elsewhere Classified",36,2016,3
Q3-2016,Arkansas,AR,T29,T29 Other License Taxes,0,2016,3
Q3-2016,Arkansas,AR,T40,T40 Individual Income Taxes,684,2016,3
Q3-2016,Arkansas,AR,T41,T41 Corporation Net Income Taxes,86,2016,3
Q3-2016,Arkansas,AR,T50,T50 Death and Gift Taxes,0,2016,3
Q3-2016,Arkansas,AR,T51,T51 Documentary and Stock Transfer Taxes,11,2016,3
Q3-2016,Arkansas,AR,T53,T53 Severance Taxes,11,2016,3
Q3-2016,Arkansas,AR,T99,"T99 Taxes, Not Elsewhere Classified",7,2016,3
Q3-2016,Arkansas,AR,TOTAL,Total Taxes,2182,2016,3
Q4-2016,Arkansas,AR,T01,T01 Property Taxes,542,2016,4
Q4-2016,Arkansas,AR,T09,T09 General Sales and Gross Receipts Taxes,849,2016,4
Q4-2016,Arkansas,AR,T10,T10 Alcoholic Beverages Sales Tax,14,2016,4
Q4-2016,Arkansas,AR,T11,T11 Amusements Sales Tax,14,2016,4
Q4-2016,Arkansas,AR,T12,T12 Insurance Premiums Sales Tax,32,2016,4
Q4-2016,Arkansas,AR,T13,T13 Motor Fuels Sales Tax,122,2016,4
Q4-2016,Arkansas,AR,T14,T14 Pari-Mutuels Sales Tax,0,2016,4
Q4-2016,Arkansas,AR,T15,T15 Public Utilities Sales Tax,0,2016,4
Q4-2016,Arkansas,AR,T16,T16 Tobacco Products Sales Tax,57,2016,4
Q4-2016,Arkansas,AR,T19,T19 Other Selective Sales and Gross Receipts Taxes,47,2016,4
Q4-2016,Arkansas,AR,T20,T20 Alcoholic Beverages License,0,2016,4
Q4-2016,Arkansas,AR,T21,T21 Amusements License,0,2016,4
Q4-2016,Arkansas,AR,T22,T22 Corporations In General License,2,2016,4
Q4-2016,Arkansas,AR,T23,T23 Hunting and Fishing License,14,2016,4
Q4-2016,Arkansas,AR,T24,T24 Motor Vehicles License,33,2016,4
Q4-2016,Arkansas,AR,T25,T25 Motor Vehicle Operators License,7,2016,4
Q4-2016,Arkansas,AR,T27,T27 Public Utilities License,0,2016,4
Q4-2016,Arkansas,AR,T28,"T28 Occupation and Business License, Not Elsewhere Classified",36,2016,4
Q4-2016,Arkansas,AR,T29,T29 Other License Taxes,0,2016,4
Q4-2016,Arkansas,AR,T40,T40 Individual Income Taxes,664,2016,4
Q4-2016,Arkansas,AR,T41,T41 Corporation Net Income Taxes,85,2016,4
Q4-2016,Arkansas,AR,T50,T50 Death and Gift Taxes,0,2016,4
Q4-2016,Arkansas,AR,T51,T51 Documentary and Stock Transfer Taxes,10,2016,4
Q4-2016,Arkansas,AR,T53,T53 Severance Taxes,14,2016,4
Q4-2016,Arkansas,AR,T99,"T99 Taxes, Not Elsewhere Classified",7,2016,4
Q4-2016,Arkansas,AR,TOTAL,Total Taxes,2550,2016,4
Q1-2017,Arkansas,AR,T01,T01 Property Taxes,98,2017,1
Q1-2017,Arkansas,AR,T09,T09 General Sales and Gross Receipts Taxes,834,2017,1
Q1-2017,Arkansas,AR,T10,T10 Alcoholic Beverages Sales Tax,13,2017,1
Q1-2017,Arkansas,AR,T11,T11 Amusements Sales Tax,15,2017,1
Q1-2017,Arkansas,AR,T12,T12 Insurance Premiums Sales Tax,28,2017,1
Q1-2017,Arkansas,AR,T13,T13 Motor Fuels Sales Tax,114,2017,1
Q1-2017,Arkansas,AR,T14,T14 Pari-Mutuels Sales Tax,1,2017,1
Q1-2017,Arkansas,AR,T15,T15 Public Utilities Sales Tax,0,2017,1
Q1-2017,Arkansas,AR,T16,T16 Tobacco Products Sales Tax,54,2017,1
Q1-2017,Arkansas,AR,T19,T19 Other Selective Sales and Gross Receipts Taxes,85,2017,1
Q1-2017,Arkansas,AR,T20,T20 Alcoholic Beverages License,0,2017,1
Q1-2017,Arkansas,AR,T21,T21 Amusements License,0,2017,1
Q1-2017,Arkansas,AR,T22,T22 Corporations In General License,6,2017,1
Q1-2017,Arkansas,AR,T23,T23 Hunting and Fishing License,5,2017,1
Q1-2017,Arkansas,AR,T24,T24 Motor Vehicles License,42,2017,1
Q1-2017,Arkansas,AR,T25,T25 Motor Vehicle Operators License,7,2017,1
Q1-2017,Arkansas,AR,T27,T27 Public Utilities License,0,2017,1
Q1-2017,Arkansas,AR,T28,"T28 Occupation and Business License, Not Elsewhere Classified",36,2017,1
Q1-2017,Arkansas,AR,T29,T29 Other License Taxes,0,2017,1
Q1-2017,Arkansas,AR,T40,T40 Individual Income Taxes,595,2017,1
Q1-2017,Arkansas,AR,T41,T41 Corporation Net Income Taxes,42,2017,1
Q1-2017,Arkansas,AR,T50,T50 Death and Gift Taxes,0,2017,1
Q1-2017,Arkansas,AR,T51,T51 Documentary and Stock Transfer Taxes,11,2017,1
Q1-2017,Arkansas,AR,T53,T53 Severance Taxes,16,2017,1
Q1-2017,Arkansas,AR,T99,"T99 Taxes, Not Elsewhere Classified",7,2017,1
Q1-2017,Arkansas,AR,TOTAL,Total Taxes,2009,2017,1
Q2-2017,Arkansas,AR,T01,T01 Property Taxes,378,2017,2
Q2-2017,Arkansas,AR,T09,T09 General Sales and Gross Receipts Taxes,849,2017,2
Q2-2017,Arkansas,AR,T10,T10 Alcoholic Beverages Sales Tax,15,2017,2
Q2-2017,Arkansas,AR,T11,T11 Amusements Sales Tax,17,2017,2
Q2-2017,Arkansas,AR,T12,T12 Insurance Premiums Sales Tax,122,2017,2
Q2-2017,Arkansas,AR,T13,T13 Motor Fuels Sales Tax,124,2017,2
Q2-2017,Arkansas,AR,T14,T14 Pari-Mutuels Sales Tax,1,2017,2
Q2-2017,Arkansas,AR,T15,T15 Public Utilities Sales Tax,0,2017,2
Q2-2017,Arkansas,AR,T16,T16 Tobacco Products Sales Tax,61,2017,2
Q2-2017,Arkansas,AR,T19,T19 Other Selective Sales and Gross Receipts Taxes,70,2017,2
Q2-2017,Arkansas,AR,T20,T20 Alcoholic Beverages License,4,2017,2
Q2-2017,Arkansas,AR,T21,T21 Amusements License,0,2017,2
Q2-2017,Arkansas,AR,T22,T22 Corporations In General License,17,2017,2
Q2-2017,Arkansas,AR,T23,T23 Hunting and Fishing License,4,2017,2
Q2-2017,Arkansas,AR,T24,T24 Motor Vehicles License,46,2017,2
Q2-2017,Arkansas,AR,T25,T25 Motor Vehicle Operators License,5,2017,2
Q2-2017,Arkansas,AR,T27,T27 Public Utilities License,1,2017,2
Q2-2017,Arkansas,AR,T28,"T28 Occupation and Business License, Not Elsewhere Classified",32,2017,2
Q2-2017,Arkansas,AR,T29,T29 Other License Taxes,0,2017,2
Q2-2017,Arkansas,AR,T40,T40 Individual Income Taxes,824,2017,2
Q2-2017,Arkansas,AR,T41,T41 Corporation Net Income Taxes,184,2017,2
Q2-2017,Arkansas,AR,T50,T50 Death and Gift Taxes,0,2017,2
Q2-2017,Arkansas,AR,T51,T51 Documentary and Stock Transfer Taxes,11,2017,2
Q2-2017,Arkansas,AR,T53,T53 Severance Taxes,13,2017,2
Q2-2017,Arkansas,AR,T99,"T99 Taxes, Not Elsewhere Classified",7,2017,2
Q2-2017,Arkansas,AR,TOTAL,Total Taxes,2785,2017,2
Q3-2017,Arkansas,AR,T01,T01 Property Taxes,126,2017,3
Q3-2017,Arkansas,AR,T09,T09 General Sales and Gross Receipts Taxes,867,2017,3
Q3-2017,Arkansas,AR,T10,T10 Alcoholic Beverages Sales Tax,15,2017,3
Q3-2017,Arkansas,AR,T11,T11 Amusements Sales Tax,16,2017,3
Q3-2017,Arkansas,AR,T12,T12 Insurance Premiums Sales Tax,33,2017,3
Q3-2017,Arkansas,AR,T13,T13 Motor Fuels Sales Tax,128,2017,3
Q3-2017,Arkansas,AR,T14,T14 Pari-Mutuels Sales Tax,0,2017,3
Q3-2017,Arkansas,AR,T15,T15 Public Utilities Sales Tax,0,2017,3
Q3-2017,Arkansas,AR,T16,T16 Tobacco Products Sales Tax,58,2017,3
Q3-2017,Arkansas,AR,T19,T19 Other Selective Sales and Gross Receipts Taxes,69,2017,3
Q3-2017,Arkansas,AR,T20,T20 Alcoholic Beverages License,1,2017,3
Q3-2017,Arkansas,AR,T21,T21 Amusements License,0,2017,3
Q3-2017,Arkansas,AR,T22,T22 Corporations In General License,2,2017,3
Q3-2017,Arkansas,AR,T23,T23 Hunting and Fishing License,6,2017,3
Q3-2017,Arkansas,AR,T24,T24 Motor Vehicles License,40,2017,3
Q3-2017,Arkansas,AR,T25,T25 Motor Vehicle Operators License,6,2017,3
Q3-2017,Arkansas,AR,T27,T27 Public Utilities License,8,2017,3
Q3-2017,Arkansas,AR,T28,"T28 Occupation and Business License, Not Elsewhere Classified",32,2017,3
Q3-2017,Arkansas,AR,T29,T29 Other License Taxes,0,2017,3
Q3-2017,Arkansas,AR,T40,T40 Individual Income Taxes,700,2017,3
Q3-2017,Arkansas,AR,T41,T41 Corporation Net Income Taxes,109,2017,3
Q3-2017,Arkansas,AR,T50,T50 Death and Gift Taxes,0,2017,3
Q3-2017,Arkansas,AR,T51,T51 Documentary and Stock Transfer Taxes,12,2017,3
Q3-2017,Arkansas,AR,T53,T53 Severance Taxes,15,2017,3
Q3-2017,Arkansas,AR,T99,"T99 Taxes, Not Elsewhere Classified",7,2017,3
Q3-2017,Arkansas,AR,TOTAL,Total Taxes,2250,2017,3
Q4-2017,Arkansas,AR,T01,T01 Property Taxes,550,2017,4
Q4-2017,Arkansas,AR,T09,T09 General Sales and Gross Receipts Taxes,869,2017,4
Q4-2017,Arkansas,AR,T10,T10 Alcoholic Beverages Sales Tax,14,2017,4
Q4-2017,Arkansas,AR,T11,T11 Amusements Sales Tax,15,2017,4
Q4-2017,Arkansas,AR,T12,T12 Insurance Premiums Sales Tax,31,2017,4
Q4-2017,Arkansas,AR,T13,T13 Motor Fuels Sales Tax,122,2017,4
Q4-2017,Arkansas,AR,T14,T14 Pari-Mutuels Sales Tax,0,2017,4
Q4-2017,Arkansas,AR,T15,T15 Public Utilities Sales Tax,0,2017,4
Q4-2017,Arkansas,AR,T16,T16 Tobacco Products Sales Tax,58,2017,4
Q4-2017,Arkansas,AR,T19,T19 Other Selective Sales and Gross Receipts Taxes,54,2017,4
Q4-2017,Arkansas,AR,T20,T20 Alcoholic Beverages License,1,2017,4
Q4-2017,Arkansas,AR,T21,T21 Amusements License,0,2017,4
Q4-2017,Arkansas,AR,T22,T22 Corporations In General License,3,2017,4
Q4-2017,Arkansas,AR,T23,T23 Hunting and Fishing License,13,2017,4
Q4-2017,Arkansas,AR,T24,T24 Motor Vehicles License,32,2017,4
Q4-2017,Arkansas,AR,T25,T25 Motor Vehicle Operators License,6,2017,4
Q4-2017,Arkansas,AR,T27,T27 Public Utilities License,0,2017,4
Q4-2017,Arkansas,AR,T28,"T28 Occupation and Business License, Not Elsewhere Classified",32,2017,4
Q4-2017,Arkansas,AR,T29,T29 Other License Taxes,0,2017,4
Q4-2017,Arkansas,AR,T40,T40 Individual Income Taxes,681,2017,4
Q4-2017,Arkansas,AR,T41,T41 Corporation Net Income Taxes,79,2017,4
Q4-2017,Arkansas,AR,T50,T50 Death and Gift Taxes,0,2017,4
Q4-2017,Arkansas,AR,T51,T51 Documentary and Stock Transfer Taxes,11,2017,4
Q4-2017,Arkansas,AR,T53,T53 Severance Taxes,13,2017,4
Q4-2017,Arkansas,AR,T99,"T99 Taxes, Not Elsewhere Classified",7,2017,4
Q4-2017,Arkansas,AR,TOTAL,Total Taxes,2591,2017,4
Q1-2010,Georgia,GA,T01,T01 Property Taxes,27,2010,1
Q1-2010,Georgia,GA,T09,T09 General Sales and Gross Receipts Taxes,1193,2010,1
Q1-2010,Georgia,GA,T10,T10 Alcoholic Beverages Sales Tax,40,2010,1
Q1-2010,Georgia,GA,T11,T11 Amusements Sales Tax,0,2010,1
Q1-2010,Georgia,GA,T12,T12 Insurance Premiums Sales Tax,79,2010,1
Q1-2010,Georgia,GA,T13,T13 Motor Fuels Sales Tax,200,2010,1
Q1-2010,Georgia,GA,T14,T14 Pari-Mutuels Sales Tax,0,2010,1
Q1-2010,Georgia,GA,T15,T15 Public Utilities Sales Tax,0,2010,1
Q1-2010,Georgia,GA,T16,T16 Tobacco Products Sales Tax,52,2010,1
Q1-2010,Georgia,GA,T19,T19 Other Selective Sales and Gross Receipts Taxes,0,2010,1
Q1-2010,Georgia,GA,T20,T20 Alcoholic Beverages License,1,2010,1
Q1-2010,Georgia,GA,T21,T21 Amusements License,1,2010,1
Q1-2010,Georgia,GA,T22,T22 Corporations In General License,8,2010,1
Q1-2010,Georgia,GA,T23,T23 Hunting and Fishing License,5,2010,1
Q1-2010,Georgia,GA,T24,T24 Motor Vehicles License,81,2010,1
Q1-2010,Georgia,GA,T25,T25 Motor Vehicle Operators License,7,2010,1
Q1-2010,Georgia,GA,T27,T27 Public Utilities License,0,2010,1
Q1-2010,Georgia,GA,T28,"T28 Occupation and Business License, Not Elsewhere Classified",18,2010,1
Q1-2010,Georgia,GA,T29,T29 Other License Taxes,3,2010,1
Q1-2010,Georgia,GA,T40,T40 Individual Income Taxes,1207,2010,1
Q1-2010,Georgia,GA,T41,T41 Corporation Net Income Taxes,161,2010,1
Q1-2010,Georgia,GA,T50,T50 Death and Gift Taxes,0,2010,1
Q1-2010,Georgia,GA,T51,T51 Documentary and Stock Transfer Taxes,0,2010,1
Q1-2010,Georgia,GA,T53,T53 Severance Taxes,0,2010,1
Q1-2010,Georgia,GA,T99,"T99 Taxes, Not Elsewhere Classified",38,2010,1
Q1-2010,Georgia,GA,TOTAL,Total Taxes,3120,2010,1
Q2-2010,Georgia,GA,T01,T01 Property Taxes,6,2010,2
Q2-2010,Georgia,GA,T09,T09 General Sales and Gross Receipts Taxes,1258,2010,2
Q2-2010,Georgia,GA,T10,T10 Alcoholic Beverages Sales Tax,43,2010,2
Q2-2010,Georgia,GA,T11,T11 Amusements Sales Tax,0,2010,2
Q2-2010,Georgia,GA,T12,T12 Insurance Premiums Sales Tax,79,2010,2
Q2-2010,Georgia,GA,T13,T13 Motor Fuels Sales Tax,228,2010,2
Q2-2010,Georgia,GA,T14,T14 Pari-Mutuels Sales Tax,0,2010,2
Q2-2010,Georgia,GA,T15,T15 Public Utilities Sales Tax,0,2010,2
Q2-2010,Georgia,GA,T16,T16 Tobacco Products Sales Tax,68,2010,2
Q2-2010,Georgia,GA,T19,T19 Other Selective Sales and Gross Receipts Taxes,0,2010,2
Q2-2010,Georgia,GA,T20,T20 Alcoholic Beverages License,0,2010,2
Q2-2010,Georgia,GA,T21,T21 Amusements License,0,2010,2
Q2-2010,Georgia,GA,T22,T22 Corporations In General License,8,2010,2
Q2-2010,Georgia,GA,T23,T23 Hunting and Fishing License,5,2010,2
Q2-2010,Georgia,GA,T24,T24 Motor Vehicles License,69,2010,2
Q2-2010,Georgia,GA,T25,T25 Motor Vehicle Operators License,10,2010,2
Q2-2010,Georgia,GA,T27,T27 Public Utilities License,0,2010,2
Q2-2010,Georgia,GA,T28,"T28 Occupation and Business License, Not Elsewhere Classified",18,2010,2
Q2-2010,Georgia,GA,T29,T29 Other License Taxes,0,2010,2
Q2-2010,Georgia,GA,T40,T40 Individual Income Taxes,2009,2010,2
Q2-2010,Georgia,GA,T41,T41 Corporation Net Income Taxes,252,2010,2
Q2-2010,Georgia,GA,T50,T50 Death and Gift Taxes,0,2010,2
Q2-2010,Georgia,GA,T51,T51 Documentary and Stock Transfer Taxes,0,2010,2
Q2-2010,Georgia,GA,T53,T53 Severance Taxes,0,2010,2
Q2-2010,Georgia,GA,T99,"T99 Taxes, Not Elsewhere Classified",9,2010,2
Q2-2010,Georgia,GA,TOTAL,Total Taxes,4062,2010,2
Q3-2010,Georgia,GA,T01,T01 Property Taxes,4,2010,3
Q3-2010,Georgia,GA,T09,T09 General Sales and Gross Receipts Taxes,1294,2010,3
Q3-2010,Georgia,GA,T10,T10 Alcoholic Beverages Sales Tax,44,2010,3
Q3-2010,Georgia,GA,T11,T11 Amusements Sales Tax,0,2010,3
Q3-2010,Georgia,GA,T12,T12 Insurance Premiums Sales Tax,90,2010,3
Q3-2010,Georgia,GA,T13,T13 Motor Fuels Sales Tax,244,2010,3
Q3-2010,Georgia,GA,T14,T14 Pari-Mutuels Sales Tax,0,2010,3
Q3-2010,Georgia,GA,T15,T15 Public Utilities Sales Tax,0,2010,3
Q3-2010,Georgia,GA,T16,T16 Tobacco Products Sales Tax,47,2010,3
Q3-2010,Georgia,GA,T19,T19 Other Selective Sales and Gross Receipts Taxes,0,2010,3
Q3-2010,Georgia,GA,T20,T20 Alcoholic Beverages License,0,2010,3
Q3-2010,Georgia,GA,T21,T21 Amusements License,0,2010,3
Q3-2010,Georgia,GA,T22,T22 Corporations In General License,11,2010,3
Q3-2010,Georgia,GA,T23,T23 Hunting and Fishing License,6,2010,3
Q3-2010,Georgia,GA,T24,T24 Motor Vehicles License,77,2010,3
Q3-2010,Georgia,GA,T25,T25 Motor Vehicle Operators License,0,2010,3
Q3-2010,Georgia,GA,T27,T27 Public Utilities License,0,2010,3
Q3-2010,Georgia,GA,T28,"T28 Occupation and Business License, Not Elsewhere Classified",19,2010,3
Q3-2010,Georgia,GA,T29,T29 Other License Taxes,1,2010,3
Q3-2010,Georgia,GA,T40,T40 Individual Income Taxes,1965,2010,3
Q3-2010,Georgia,GA,T41,T41 Corporation Net Income Taxes,118,2010,3
Q3-2010,Georgia,GA,T50,T50 Death and Gift Taxes,0,2010,3
Q3-2010,Georgia,GA,T51,T51 Documentary and Stock Transfer Taxes,0,2010,3
Q3-2010,Georgia,GA,T53,T53 Severance Taxes,0,2010,3
Q3-2010,Georgia,GA,T99,"T99 Taxes, Not Elsewhere Classified",-17,2010,3
Q3-2010,Georgia,GA,TOTAL,Total Taxes,3903,2010,3
Q4-2010,Georgia,GA,T01,T01 Property Taxes,50,2010,4
Q4-2010,Georgia,GA,T09,T09 General Sales and Gross Receipts Taxes,1192,2010,4
Q4-2010,Georgia,GA,T10,T10 Alcoholic Beverages Sales Tax,42,2010,4
Q4-2010,Georgia,GA,T11,T11 Amusements Sales Tax,0,2010,4
Q4-2010,Georgia,GA,T12,T12 Insurance Premiums Sales Tax,90,2010,4
Q4-2010,Georgia,GA,T13,T13 Motor Fuels Sales Tax,226,2010,4
Q4-2010,Georgia,GA,T14,T14 Pari-Mutuels Sales Tax,0,2010,4
Q4-2010,Georgia,GA,T15,T15 Public Utilities Sales Tax,0,2010,4
Q4-2010,Georgia,GA,T16,T16 Tobacco Products Sales Tax,56,2010,4
Q4-2010,Georgia,GA,T19,T19 Other Selective Sales and Gross Receipts Taxes,0,2010,4
Q4-2010,Georgia,GA,T20,T20 Alcoholic Beverages License,1,2010,4
Q4-2010,Georgia,GA,T21,T21 Amusements License,0,2010,4
Q4-2010,Georgia,GA,T22,T22 Corporations In General License,11,2010,4
Q4-2010,Georgia,GA,T23,T23 Hunting and Fishing License,6,2010,4
Q4-2010,Georgia,GA,T24,T24 Motor Vehicles License,64,2010,4
Q4-2010,Georgia,GA,T25,T25 Motor Vehicle Operators License,12,2010,4
Q4-2010,Georgia,GA,T27,T27 Public Utilities License,0,2010,4
Q4-2010,Georgia,GA,T28,"T28 Occupation and Business License, Not Elsewhere Classified",19,2010,4
Q4-2010,Georgia,GA,T29,T29 Other License Taxes,1,2010,4
Q4-2010,Georgia,GA,T40,T40 Individual Income Taxes,2156,2010,4
Q4-2010,Georgia,GA,T41,T41 Corporation Net Income Taxes,152,2010,4
Q4-2010,Georgia,GA,T50,T50 Death and Gift Taxes,0,2010,4
Q4-2010,Georgia,GA,T51,T51 Documentary and Stock Transfer Taxes,0,2010,4
Q4-2010,Georgia,GA,T53,T53 Severance Taxes,0,2010,4
Q4-2010,Georgia,GA,T99,"T99 Taxes, Not Elsewhere Classified",114,2010,4
Q4-2010,Georgia,GA,TOTAL,Total Taxes,4192,2010,4
Q1-2011,Georgia,GA,T01,T01 Property Taxes,17,2011,1
Q1-2011,Georgia,GA,T09,T09 General Sales and Gross Receipts Taxes,1253,2011,1
Q1-2011,Georgia,GA,T10,T10 Alcoholic Beverages Sales Tax,38,2011,1
Q1-2011,Georgia,GA,T12,T12 Insurance Premiums Sales Tax,90,2011,1
Q1-2011,Georgia,GA,T13,T13 Motor Fuels Sales Tax,233,2011,1
Q1-2011,Georgia,GA,T15,T15 Public Utilities Sales Tax,0,2011,1
Q1-2011,Georgia,GA,T16,T16 Tobacco Products Sales Tax,50,2011,1
Q1-2011,Georgia,GA,T19,T19 Other Selective Sales and Gross Receipts Taxes,0,2011,1
Q1-2011,Georgia,GA,T20,T20 Alcoholic Beverages License,1,2011,1
Q1-2011,Georgia,GA,T21,T21 Amusements License,1,2011,1
Q1-2011,Georgia,GA,T22,T22 Corporations In General License,11,2011,1
Q1-2011,Georgia,GA,T23,T23 Hunting and Fishing License,6,2011,1
Q1-2011,Georgia,GA,T24,T24 Motor Vehicles License,83,2011,1
Q1-2011,Georgia,GA,T25,T25 Motor Vehicle Operators License,14,2011,1
Q1-2011,Georgia,GA,T28,"T28 Occupation and Business License, Not Elsewhere Classified",19,2011,1
Q1-2011,Georgia,GA,T29,T29 Other License Taxes,1,2011,1
Q1-2011,Georgia,GA,T40,T40 Individual Income Taxes,1439,2011,1
Q1-2011,Georgia,GA,T41,T41 Corporation Net Income Taxes,217,2011,1
Q1-2011,Georgia,GA,T50,T50 Death and Gift Taxes,0,2011,1
Q1-2011,Georgia,GA,T51,T51 Documentary and Stock Transfer Taxes,0,2011,1
Q1-2011,Georgia,GA,T99,"T99 Taxes, Not Elsewhere Classified",0,2011,1
Q1-2011,Georgia,GA,TOTAL,Total Taxes,3473,2011,1
Q2-2011,Georgia,GA,T01,T01 Property Taxes,5,2011,2
Q2-2011,Georgia,GA,T09,T09 General Sales and Gross Receipts Taxes,1289,2011,2
Q2-2011,Georgia,GA,T10,T10 Alcoholic Beverages Sales Tax,35,2011,2
Q2-2011,Georgia,GA,T12,T12 Insurance Premiums Sales Tax,90,2011,2
Q2-2011,Georgia,GA,T13,T13 Motor Fuels Sales Tax,233,2011,2
Q2-2011,Georgia,GA,T15,T15 Public Utilities Sales Tax,0,2011,2
Q2-2011,Georgia,GA,T16,T16 Tobacco Products Sales Tax,75,2011,2
Q2-2011,Georgia,GA,T19,T19 Other Selective Sales and Gross Receipts Taxes,0,2011,2
Q2-2011,Georgia,GA,T20,T20 Alcoholic Beverages License,0,2011,2
Q2-2011,Georgia,GA,T21,T21 Amusements License,5,2011,2
Q2-2011,Georgia,GA,T22,T22 Corporations In General License,11,2011,2
Q2-2011,Georgia,GA,T23,T23 Hunting and Fishing License,6,2011,2
Q2-2011,Georgia,GA,T24,T24 Motor Vehicles License,72,2011,2
Q2-2011,Georgia,GA,T25,T25 Motor Vehicle Operators License,15,2011,2
Q2-2011,Georgia,GA,T28,"T28 Occupation and Business License, Not Elsewhere Classified",19,2011,2
Q2-2011,Georgia,GA,T29,T29 Other License Taxes,1,2011,2
Q2-2011,Georgia,GA,T40,T40 Individual Income Taxes,2113,2011,2
Q2-2011,Georgia,GA,T41,T41 Corporation Net Income Taxes,186,2011,2
Q2-2011,Georgia,GA,T50,T50 Death and Gift Taxes,0,2011,2
Q2-2011,Georgia,GA,T51,T51 Documentary and Stock Transfer Taxes,0,2011,2
Q2-2011,Georgia,GA,T99,"T99 Taxes, Not Elsewhere Classified",0,2011,2
Q2-2011,Georgia,GA,TOTAL,Total Taxes,4156,2011,2
Q3-2011,Georgia,GA,T01,T01 Property Taxes,3,2011,3
Q3-2011,Georgia,GA,T09,T09 General Sales and Gross Receipts Taxes,1272,2011,3
Q3-2011,Georgia,GA,T10,T10 Alcoholic Beverages Sales Tax,36,2011,3
Q3-2011,Georgia,GA,T12,T12 Insurance Premiums Sales Tax,90,2011,3
Q3-2011,Georgia,GA,T13,T13 Motor Fuels Sales Tax,233,2011,3
Q3-2011,Georgia,GA,T15,T15 Public Utilities Sales Tax,0,2011,3
Q3-2011,Georgia,GA,T16,T16 Tobacco Products Sales Tax,59,2011,3
Q3-2011,Georgia,GA,T19,T19 Other Selective Sales and Gross Receipts Taxes,0,2011,3
Q3-2011,Georgia,GA,T20,T20 Alcoholic Beverages License,0,2011,3
Q3-2011,Georgia,GA,T21,T21 Amusements License,4,2011,3
Q3-2011,Georgia,GA,T22,T22 Corporations In General License,11,2011,3
Q3-2011,Georgia,GA,T23,T23 Hunting and Fishing License,6,2011,3
Q3-2011,Georgia,GA,T24,T24 Motor Vehicles License,80,2011,3
Q3-2011,Georgia,GA,T25,T25 Motor Vehicle Operators License,15,2011,3
Q3-2011,Georgia,GA,T28,"T28 Occupation and Business License, Not Elsewhere Classified",19,2011,3
Q3-2011,Georgia,GA,T29,T29 Other License Taxes,1,2011,3
Q3-2011,Georgia,GA,T40,T40 Individual Income Taxes,2176,2011,3
Q3-2011,Georgia,GA,T41,T41 Corporation Net Income Taxes,97,2011,3
Q3-2011,Georgia,GA,T50,T50 Death and Gift Taxes,0,2011,3
Q3-2011,Georgia,GA,T51,T51 Documentary and Stock Transfer Taxes,0,2011,3
Q3-2011,Georgia,GA,T99,"T99 Taxes, Not Elsewhere Classified",0,2011,3
Q3-2011,Georgia,GA,TOTAL,Total Taxes,4101,2011,3
Q4-2011,Georgia,GA,T01,T01 Property Taxes,44,2011,4
Q4-2011,Georgia,GA,T09,T09 General Sales and Gross Receipts Taxes,1244,2011,4
Q4-2011,Georgia,GA,T10,T10 Alcoholic Beverages Sales Tax,38,2011,4
Q4-2011,Georgia,GA,T12,T12 Insurance Premiums Sales Tax,90,2011,4
Q4-2011,Georgia,GA,T13,T13 Motor Fuels Sales Tax,233,2011,4
Q4-2011,Georgia,GA,T15,T15 Public Utilities Sales Tax,0,2011,4
Q4-2011,Georgia,GA,T16,T16 Tobacco Products Sales Tax,61,2011,4
Q4-2011,Georgia,GA,T19,T19 Other Selective Sales and Gross Receipts Taxes,0,2011,4
Q4-2011,Georgia,GA,T20,T20 Alcoholic Beverages License,1,2011,4
Q4-2011,Georgia,GA,T21,T21 Amusements License,1,2011,4
Q4-2011,Georgia,GA,T22,T22 Corporations In General License,11,2011,4
Q4-2011,Georgia,GA,T23,T23 Hunting and Fishing License,6,2011,4
Q4-2011,Georgia,GA,T24,T24 Motor Vehicles License,65,2011,4
Q4-2011,Georgia,GA,T25,T25 Motor Vehicle Operators License,14,2011,4
Q4-2011,Georgia,GA,T28,"T28 Occupation and Business License, Not Elsewhere Classified",19,2011,4
Q4-2011,Georgia,GA,T29,T29 Other License Taxes,1,2011,4
Q4-2011,Georgia,GA,T40,T40 Individual Income Taxes,2225,2011,4
Q4-2011,Georgia,GA,T41,T41 Corporation Net Income Taxes,126,2011,4
Q4-2011,Georgia,GA,T50,T50 Death and Gift Taxes,0,2011,4
Q4-2011,Georgia,GA,T51,T51 Documentary and Stock Transfer Taxes,0,2011,4
Q4-2011,Georgia,GA,T99,"T99 Taxes, Not Elsewhere Classified",0,2011,4
Q4-2011,Georgia,GA,TOTAL,Total Taxes,4177,2011,4
Q1-2012,Georgia,GA,T01,T01 Property Taxes,17,2012,1
Q1-2012,Georgia,GA,T09,T09 General Sales and Gross Receipts Taxes,1311,2012,1
Q1-2012,Georgia,GA,T10,T10 Alcoholic Beverages Sales Tax,53,2012,1
Q1-2012,Georgia,GA,T12,T12 Insurance Premiums Sales Tax,90,2012,1
Q1-2012,Georgia,GA,T13,T13 Motor Fuels Sales Tax,233,2012,1
Q1-2012,Georgia,GA,T15,T15 Public Utilities Sales Tax,1,2012,1
Q1-2012,Georgia,GA,T16,T16 Tobacco Products Sales Tax,39,2012,1
Q1-2012,Georgia,GA,T19,T19 Other Selective Sales and Gross Receipts Taxes,0,2012,1
Q1-2012,Georgia,GA,T20,T20 Alcoholic Beverages License,0,2012,1
Q1-2012,Georgia,GA,T21,T21 Amusements License,0,2012,1
Q1-2012,Georgia,GA,T22,T22 Corporations In General License,11,2012,1
Q1-2012,Georgia,GA,T23,T23 Hunting and Fishing License,6,2012,1
Q1-2012,Georgia,GA,T24,T24 Motor Vehicles License,87,2012,1
Q1-2012,Georgia,GA,T25,T25 Motor Vehicle Operators License,15,2012,1
Q1-2012,Georgia,GA,T28,"T28 Occupation and Business License, Not Elsewhere Classified",19,2012,1
Q1-2012,Georgia,GA,T29,T29 Other License Taxes,1,2012,1
Q1-2012,Georgia,GA,T40,T40 Individual Income Taxes,1540,2012,1
Q1-2012,Georgia,GA,T41,T41 Corporation Net Income Taxes,136,2012,1
Q1-2012,Georgia,GA,T50,T50 Death and Gift Taxes,0,2012,1
Q1-2012,Georgia,GA,T51,T51 Documentary and Stock Transfer Taxes,0,2012,1
Q1-2012,Georgia,GA,T99,"T99 Taxes, Not Elsewhere Classified",0,2012,1
Q1-2012,Georgia,GA,TOTAL,Total Taxes,3560,2012,1
Q2-2012,Georgia,GA,T01,T01 Property Taxes,4,2012,2
Q2-2012,Georgia,GA,T09,T09 General Sales and Gross Receipts Taxes,1314,2012,2
Q2-2012,Georgia,GA,T10,T10 Alcoholic Beverages Sales Tax,47,2012,2
Q2-2012,Georgia,GA,T12,T12 Insurance Premiums Sales Tax,90,2012,2
Q2-2012,Georgia,GA,T13,T13 Motor Fuels Sales Tax,220,2012,2
Q2-2012,Georgia,GA,T15,T15 Public Utilities Sales Tax,0,2012,2
Q2-2012,Georgia,GA,T16,T16 Tobacco Products Sales Tax,68,2012,2
Q2-2012,Georgia,GA,T19,T19 Other Selective Sales and Gross Receipts Taxes,0,2012,2
Q2-2012,Georgia,GA,T20,T20 Alcoholic Beverages License,0,2012,2
Q2-2012,Georgia,GA,T21,T21 Amusements License,5,2012,2
Q2-2012,Georgia,GA,T22,T22 Corporations In General License,11,2012,2
Q2-2012,Georgia,GA,T23,T23 Hunting and Fishing License,6,2012,2
Q2-2012,Georgia,GA,T24,T24 Motor Vehicles License,81,2012,2
Q2-2012,Georgia,GA,T25,T25 Motor Vehicle Operators License,15,2012,2
Q2-2012,Georgia,GA,T28,"T28 Occupation and Business License, Not Elsewhere Classified",18,2012,2
Q2-2012,Georgia,GA,T29,T29 Other License Taxes,1,2012,2
Q2-2012,Georgia,GA,T40,T40 Individual Income Taxes,2203,2012,2
Q2-2012,Georgia,GA,T41,T41 Corporation Net Income Taxes,230,2012,2
Q2-2012,Georgia,GA,T50,T50 Death and Gift Taxes,0,2012,2
Q2-2012,Georgia,GA,T51,T51 Documentary and Stock Transfer Taxes,0,2012,2
Q2-2012,Georgia,GA,T99,"T99 Taxes, Not Elsewhere Classified",0,2012,2
Q2-2012,Georgia,GA,TOTAL,Total Taxes,4313,2012,2
Q3-2012,Georgia,GA,T01,T01 Property Taxes,4,2012,3
Q3-2012,Georgia,GA,T09,T09 General Sales and Gross Receipts Taxes,1322,2012,3
Q3-2012,Georgia,GA,T10,T10 Alcoholic Beverages Sales Tax,42,2012,3
Q3-2012,Georgia,GA,T12,T12 Insurance Premiums Sales Tax,82,2012,3
Q3-2012,Georgia,GA,T13,T13 Motor Fuels Sales Tax,220,2012,3
Q3-2012,Georgia,GA,T15,T15 Public Utilities Sales Tax,0,2012,3
Q3-2012,Georgia,GA,T16,T16 Tobacco Products Sales Tax,45,2012,3
Q3-2012,Georgia,GA,T19,T19 Other Selective Sales and Gross Receipts Taxes,0,2012,3
Q3-2012,Georgia,GA,T20,T20 Alcoholic Beverages License,1,2012,3
Q3-2012,Georgia,GA,T21,T21 Amusements License,2,2012,3
Q3-2012,Georgia,GA,T22,T22 Corporations In General License,10,2012,3
Q3-2012,Georgia,GA,T23,T23 Hunting and Fishing License,6,2012,3
Q3-2012,Georgia,GA,T24,T24 Motor Vehicles License,73,2012,3
Q3-2012,Georgia,GA,T25,T25 Motor Vehicle Operators License,15,2012,3
Q3-2012,Georgia,GA,T28,"T28 Occupation and Business License, Not Elsewhere Classified",33,2012,3
Q3-2012,Georgia,GA,T29,T29 Other License Taxes,9,2012,3
Q3-2012,Georgia,GA,T40,T40 Individual Income Taxes,2234,2012,3
Q3-2012,Georgia,GA,T41,T41 Corporation Net Income Taxes,180,2012,3
Q3-2012,Georgia,GA,T50,T50 Death and Gift Taxes,0,2012,3
Q3-2012,Georgia,GA,T51,T51 Documentary and Stock Transfer Taxes,0,2012,3
Q3-2012,Georgia,GA,T99,"T99 Taxes, Not Elsewhere Classified",0,2012,3
Q3-2012,Georgia,GA,TOTAL,Total Taxes,4279,2012,3
Q4-2012,Georgia,GA,T01,T01 Property Taxes,32,2012,4
Q4-2012,Georgia,GA,T09,T09 General Sales and Gross Receipts Taxes,1270,2012,4
Q4-2012,Georgia,GA,T10,T10 Alcoholic Beverages Sales Tax,46,2012,4
Q4-2012,Georgia,GA,T12,T12 Insurance Premiums Sales Tax,82,2012,4
Q4-2012,Georgia,GA,T13,T13 Motor Fuels Sales Tax,220,2012,4
Q4-2012,Georgia,GA,T15,T15 Public Utilities Sales Tax,0,2012,4
Q4-2012,Georgia,GA,T16,T16 Tobacco Products Sales Tax,59,2012,4
Q4-2012,Georgia,GA,T19,T19 Other Selective Sales and Gross Receipts Taxes,0,2012,4
Q4-2012,Georgia,GA,T20,T20 Alcoholic Beverages License,2,2012,4
Q4-2012,Georgia,GA,T21,T21 Amusements License,0,2012,4
Q4-2012,Georgia,GA,T22,T22 Corporations In General License,10,2012,4
Q4-2012,Georgia,GA,T23,T23 Hunting and Fishing License,6,2012,4
Q4-2012,Georgia,GA,T24,T24 Motor Vehicles License,71,2012,4
Q4-2012,Georgia,GA,T25,T25 Motor Vehicle Operators License,15,2012,4
Q4-2012,Georgia,GA,T28,"T28 Occupation and Business License, Not Elsewhere Classified",33,2012,4
Q4-2012,Georgia,GA,T29,T29 Other License Taxes,9,2012,4
Q4-2012,Georgia,GA,T40,T40 Individual Income Taxes,2404,2012,4
Q4-2012,Georgia,GA,T41,T41 Corporation Net Income Taxes,122,2012,4
Q4-2012,Georgia,GA,T50,T50 Death and Gift Taxes,0,2012,4
Q4-2012,Georgia,GA,T51,T51 Documentary and Stock Transfer Taxes,0,2012,4
Q4-2012,Georgia,GA,T99,"T99 Taxes, Not Elsewhere Classified",0,2012,4
Q4-2012,Georgia,GA,TOTAL,Total Taxes,4383,2012,4
Q1-2013,Georgia,GA,T01,T01 Property Taxes,14,2013,1
Q1-2013,Georgia,GA,T09,T09 General Sales and Gross Receipts Taxes,1350,2013,1
Q1-2013,Georgia,GA,T10,T10 Alcoholic Beverages Sales Tax,42,2013,1
Q1-2013,Georgia,GA,T12,T12 Insurance Premiums Sales Tax,82,2013,1
Q1-2013,Georgia,GA,T13,T13 Motor Fuels Sales Tax,278,2013,1
Q1-2013,Georgia,GA,T15,T15 Public Utilities Sales Tax,0,2013,1
Q1-2013,Georgia,GA,T16,T16 Tobacco Products Sales Tax,51,2013,1
Q1-2013,Georgia,GA,T19,T19 Other Selective Sales and Gross Receipts Taxes,0,2013,1
Q1-2013,Georgia,GA,T20,T20 Alcoholic Beverages License,1,2013,1
Q1-2013,Georgia,GA,T21,T21 Amusements License,0,2013,1
Q1-2013,Georgia,GA,T22,T22 Corporations In General License,10,2013,1
Q1-2013,Georgia,GA,T23,T23 Hunting and Fishing License,6,2013,1
Q1-2013,Georgia,GA,T24,T24 Motor Vehicles License,89,2013,1
Q1-2013,Georgia,GA,T25,T25 Motor Vehicle Operators License,14,2013,1
Q1-2013,Georgia,GA,T28,"T28 Occupation and Business License, Not Elsewhere Classified",33,2013,1
Q1-2013,Georgia,GA,T29,T29 Other License Taxes,9,2013,1
Q1-2013,Georgia,GA,T40,T40 Individual Income Taxes,1655,2013,1
Q1-2013,Georgia,GA,T41,T41 Corporation Net Income Taxes,193,2013,1
Q1-2013,Georgia,GA,T50,T50 Death and Gift Taxes,0,2013,1
Q1-2013,Georgia,GA,T51,T51 Documentary and Stock Transfer Taxes,0,2013,1
Q1-2013,Georgia,GA,T99,"T99 Taxes, Not Elsewhere Classified",0,2013,1
Q1-2013,Georgia,GA,TOTAL,Total Taxes,3826,2013,1
Q2-2013,Georgia,GA,T01,T01 Property Taxes,144,2013,2
Q2-2013,Georgia,GA,T09,T09 General Sales and Gross Receipts Taxes,1203,2013,2
Q2-2013,Georgia,GA,T10,T10 Alcoholic Beverages Sales Tax,46,2013,2
Q2-2013,Georgia,GA,T12,T12 Insurance Premiums Sales Tax,82,2013,2
Q2-2013,Georgia,GA,T13,T13 Motor Fuels Sales Tax,300,2013,2
Q2-2013,Georgia,GA,T15,T15 Public Utilities Sales Tax,0,2013,2
Q2-2013,Georgia,GA,T16,T16 Tobacco Products Sales Tax,57,2013,2
Q2-2013,Georgia,GA,T19,T19 Other Selective Sales and Gross Receipts Taxes,0,2013,2
Q2-2013,Georgia,GA,T20,T20 Alcoholic Beverages License,0,2013,2
Q2-2013,Georgia,GA,T21,T21 Amusements License,0,2013,2
Q2-2013,Georgia,GA,T22,T22 Corporations In General License,10,2013,2
Q2-2013,Georgia,GA,T23,T23 Hunting and Fishing License,6,2013,2
Q2-2013,Georgia,GA,T24,T24 Motor Vehicles License,80,2013,2
Q2-2013,Georgia,GA,T25,T25 Motor Vehicle Operators License,29,2013,2
Q2-2013,Georgia,GA,T28,"T28 Occupation and Business License, Not Elsewhere Classified",33,2013,2
Q2-2013,Georgia,GA,T29,T29 Other License Taxes,9,2013,2
Q2-2013,Georgia,GA,T40,T40 Individual Income Taxes,2461,2013,2
Q2-2013,Georgia,GA,T41,T41 Corporation Net Income Taxes,302,2013,2
Q2-2013,Georgia,GA,T50,T50 Death and Gift Taxes,0,2013,2
Q2-2013,Georgia,GA,T51,T51 Documentary and Stock Transfer Taxes,0,2013,2
Q2-2013,Georgia,GA,T99,"T99 Taxes, Not Elsewhere Classified",0,2013,2
Q2-2013,Georgia,GA,TOTAL,Total Taxes,4763,2013,2
Q3-2013,Georgia,GA,T01,T01 Property Taxes,192,2013,3
Q3-2013,Georgia,GA,T09,T09 General Sales and Gross Receipts Taxes,1211,2013,3
Q3-2013,Georgia,GA,T10,T10 Alcoholic Beverages Sales Tax,45,2013,3
Q3-2013,Georgia,GA,T11,T11 Amusements Sales Tax,0,2013,3
Q3-2013,Georgia,GA,T12,T12 Insurance Premiums Sales Tax,93,2013,3
Q3-2013,Georgia,GA,T13,T13 Motor Fuels Sales Tax,311,2013,3
Q3-2013,Georgia,GA,T14,T14 Pari-Mutuels Sales Tax,0,2013,3
Q3-2013,Georgia,GA,T15,T15 Public Utilities Sales Tax,0,2013,3
Q3-2013,Georgia,GA,T16,T16 Tobacco Products Sales Tax,57,2013,3
Q3-2013,Georgia,GA,T19,T19 Other Selective Sales and Gross Receipts Taxes,0,2013,3
Q3-2013,Georgia,GA,T20,T20 Alcoholic Beverages License,0,2013,3
Q3-2013,Georgia,GA,T21,T21 Amusements License,2,2013,3
Q3-2013,Georgia,GA,T22,T22 Corporations In General License,12,2013,3
Q3-2013,Georgia,GA,T23,T23 Hunting and Fishing License,6,2013,3
Q3-2013,Georgia,GA,T24,T24 Motor Vehicles License,80,2013,3
Q3-2013,Georgia,GA,T25,T25 Motor Vehicle Operators License,23,2013,3
Q3-2013,Georgia,GA,T27,T27 Public Utilities License,0,2013,3
Q3-2013,Georgia,GA,T28,"T28 Occupation and Business License, Not Elsewhere Classified",21,2013,3
Q3-2013,Georgia,GA,T29,T29 Other License Taxes,9,2013,3
Q3-2013,Georgia,GA,T40,T40 Individual Income Taxes,2343,2013,3
Q3-2013,Georgia,GA,T41,T41 Corporation Net Income Taxes,209,2013,3
Q3-2013,Georgia,GA,T50,T50 Death and Gift Taxes,0,2013,3
Q3-2013,Georgia,GA,T51,T51 Documentary and Stock Transfer Taxes,0,2013,3
Q3-2013,Georgia,GA,T53,T53 Severance Taxes,0,2013,3
Q3-2013,Georgia,GA,T99,"T99 Taxes, Not Elsewhere Classified",0,2013,3
Q3-2013,Georgia,GA,TOTAL,Total Taxes,4615,2013,3
Q4-2013,Georgia,GA,T01,T01 Property Taxes,197,2013,4
Q4-2013,Georgia,GA,T09,T09 General Sales and Gross Receipts Taxes,1209,2013,4
Q4-2013,Georgia,GA,T10,T10 Alcoholic Beverages Sales Tax,44,2013,4
Q4-2013,Georgia,GA,T11,T11 Amusements Sales Tax,0,2013,4
Q4-2013,Georgia,GA,T12,T12 Insurance Premiums Sales Tax,93,2013,4
Q4-2013,Georgia,GA,T13,T13 Motor Fuels Sales Tax,298,2013,4
Q4-2013,Georgia,GA,T14,T14 Pari-Mutuels Sales Tax,0,2013,4
Q4-2013,Georgia,GA,T15,T15 Public Utilities Sales Tax,0,2013,4
Q4-2013,Georgia,GA,T16,T16 Tobacco Products Sales Tax,54,2013,4
Q4-2013,Georgia,GA,T19,T19 Other Selective Sales and Gross Receipts Taxes,0,2013,4
Q4-2013,Georgia,GA,T20,T20 Alcoholic Beverages License,3,2013,4
Q4-2013,Georgia,GA,T21,T21 Amusements License,0,2013,4
Q4-2013,Georgia,GA,T22,T22 Corporations In General License,12,2013,4
Q4-2013,Georgia,GA,T23,T23 Hunting and Fishing License,6,2013,4
Q4-2013,Georgia,GA,T24,T24 Motor Vehicles License,75,2013,4
Q4-2013,Georgia,GA,T25,T25 Motor Vehicle Operators License,23,2013,4
Q4-2013,Georgia,GA,T27,T27 Public Utilities License,0,2013,4
Q4-2013,Georgia,GA,T28,"T28 Occupation and Business License, Not Elsewhere Classified",21,2013,4
Q4-2013,Georgia,GA,T29,T29 Other License Taxes,9,2013,4
Q4-2013,Georgia,GA,T40,T40 Individual Income Taxes,2420,2013,4
Q4-2013,Georgia,GA,T41,T41 Corporation Net Income Taxes,185,2013,4
Q4-2013,Georgia,GA,T50,T50 Death and Gift Taxes,0,2013,4
Q4-2013,Georgia,GA,T51,T51 Documentary and Stock Transfer Taxes,0,2013,4
Q4-2013,Georgia,GA,T53,T53 Severance Taxes,0,2013,4
Q4-2013,Georgia,GA,T99,"T99 Taxes, Not Elsewhere Classified",0,2013,4
Q4-2013,Georgia,GA,TOTAL,Total Taxes,4648,2013,4
Q1-2014,Georgia,GA,T01,T01 Property Taxes,185,2014,1
Q1-2014,Georgia,GA,T09,T09 General Sales and Gross Receipts Taxes,1265,2014,1
Q1-2014,Georgia,GA,T10,T10 Alcoholic Beverages Sales Tax,43,2014,1
Q1-2014,Georgia,GA,T12,T12 Insurance Premiums Sales Tax,93,2014,1
Q1-2014,Georgia,GA,T13,T13 Motor Fuels Sales Tax,278,2014,1
Q1-2014,Georgia,GA,T15,T15 Public Utilities Sales Tax,0,2014,1
Q1-2014,Georgia,GA,T16,T16 Tobacco Products Sales Tax,51,2014,1
Q1-2014,Georgia,GA,T19,T19 Other Selective Sales and Gross Receipts Taxes,0,2014,1
Q1-2014,Georgia,GA,T20,T20 Alcoholic Beverages License,1,2014,1
Q1-2014,Georgia,GA,T21,T21 Amusements License,0,2014,1
Q1-2014,Georgia,GA,T22,T22 Corporations In General License,12,2014,1
Q1-2014,Georgia,GA,T23,T23 Hunting and Fishing License,6,2014,1
Q1-2014,Georgia,GA,T24,T24 Motor Vehicles License,92,2014,1
Q1-2014,Georgia,GA,T25,T25 Motor Vehicle Operators License,23,2014,1
Q1-2014,Georgia,GA,T28,"T28 Occupation and Business License, Not Elsewhere Classified",21,2014,1
Q1-2014,Georgia,GA,T29,T29 Other License Taxes,9,2014,1
Q1-2014,Georgia,GA,T40,T40 Individual Income Taxes,1775,2014,1
Q1-2014,Georgia,GA,T41,T41 Corporation Net Income Taxes,234,2014,1
Q1-2014,Georgia,GA,T50,T50 Death and Gift Taxes,0,2014,1
Q1-2014,Georgia,GA,T51,T51 Documentary and Stock Transfer Taxes,0,2014,1
Q1-2014,Georgia,GA,T99,"T99 Taxes, Not Elsewhere Classified",0,2014,1
Q1-2014,Georgia,GA,TOTAL,Total Taxes,4088,2014,1
Q2-2014,Georgia,GA,T01,T01 Property Taxes,207,2014,2
Q2-2014,Georgia,GA,T09,T09 General Sales and Gross Receipts Taxes,1299,2014,2
Q2-2014,Georgia,GA,T10,T10 Alcoholic Beverages Sales Tax,47,2014,2
Q2-2014,Georgia,GA,T12,T12 Insurance Premiums Sales Tax,93,2014,2
Q2-2014,Georgia,GA,T13,T13 Motor Fuels Sales Tax,310,2014,2
Q2-2014,Georgia,GA,T15,T15 Public Utilities Sales Tax,0,2014,2
Q2-2014,Georgia,GA,T16,T16 Tobacco Products Sales Tax,54,2014,2
Q2-2014,Georgia,GA,T19,T19 Other Selective Sales and Gross Receipts Taxes,0,2014,2
Q2-2014,Georgia,GA,T20,T20 Alcoholic Beverages License,0,2014,2
Q2-2014,Georgia,GA,T21,T21 Amusements License,0,2014,2
Q2-2014,Georgia,GA,T22,T22 Corporations In General License,12,2014,2
Q2-2014,Georgia,GA,T23,T23 Hunting and Fishing License,6,2014,2
Q2-2014,Georgia,GA,T24,T24 Motor Vehicles License,91,2014,2
Q2-2014,Georgia,GA,T25,T25 Motor Vehicle Operators License,23,2014,2
Q2-2014,Georgia,GA,T28,"T28 Occupation and Business License, Not Elsewhere Classified",21,2014,2
Q2-2014,Georgia,GA,T29,T29 Other License Taxes,9,2014,2
Q2-2014,Georgia,GA,T40,T40 Individual Income Taxes,2428,2014,2
Q2-2014,Georgia,GA,T41,T41 Corporation Net Income Taxes,316,2014,2
Q2-2014,Georgia,GA,T50,T50 Death and Gift Taxes,0,2014,2
Q2-2014,Georgia,GA,T51,T51 Documentary and Stock Transfer Taxes,0,2014,2
Q2-2014,Georgia,GA,T99,"T99 Taxes, Not Elsewhere Classified",0,2014,2
Q2-2014,Georgia,GA,TOTAL,Total Taxes,4916,2014,2
Q3-2014,Georgia,GA,T01,T01 Property Taxes,206,2014,3
Q3-2014,Georgia,GA,T09,T09 General Sales and Gross Receipts Taxes,1297,2014,3
Q3-2014,Georgia,GA,T10,T10 Alcoholic Beverages Sales Tax,47,2014,3
Q3-2014,Georgia,GA,T12,T12 Insurance Premiums Sales Tax,93,2014,3
Q3-2014,Georgia,GA,T13,T13 Motor Fuels Sales Tax,298,2014,3
Q3-2014,Georgia,GA,T15,T15 Public Utilities Sales Tax,0,2014,3
Q3-2014,Georgia,GA,T16,T16 Tobacco Products Sales Tax,55,2014,3
Q3-2014,Georgia,GA,T19,T19 Other Selective Sales and Gross Receipts Taxes,0,2014,3
Q3-2014,Georgia,GA,T20,T20 Alcoholic Beverages License,0,2014,3
Q3-2014,Georgia,GA,T21,T21 Amusements License,0,2014,3
Q3-2014,Georgia,GA,T22,T22 Corporations In General License,12,2014,3
Q3-2014,Georgia,GA,T23,T23 Hunting and Fishing License,6,2014,3
Q3-2014,Georgia,GA,T24,T24 Motor Vehicles License,84,2014,3
Q3-2014,Georgia,GA,T25,T25 Motor Vehicle Operators License,23,2014,3
Q3-2014,Georgia,GA,T28,"T28 Occupation and Business License, Not Elsewhere Classified",21,2014,3
Q3-2014,Georgia,GA,T29,T29 Other License Taxes,9,2014,3
Q3-2014,Georgia,GA,T40,T40 Individual Income Taxes,2433,2014,3
Q3-2014,Georgia,GA,T41,T41 Corporation Net Income Taxes,224,2014,3
Q3-2014,Georgia,GA,T50,T50 Death and Gift Taxes,0,2014,3
Q3-2014,Georgia,GA,T51,T51 Documentary and Stock Transfer Taxes,0,2014,3
Q3-2014,Georgia,GA,T99,"T99 Taxes, Not Elsewhere Classified",0,2014,3
Q3-2014,Georgia,GA,TOTAL,Total Taxes,4809,2014,3
Q4-2014,Georgia,GA,T01,T01 Property Taxes,203,2014,4
Q4-2014,Georgia,GA,T09,T09 General Sales and Gross Receipts Taxes,1275,2014,4
Q4-2014,Georgia,GA,T10,T10 Alcoholic Beverages Sales Tax,45,2014,4
Q4-2014,Georgia,GA,T12,T12 Insurance Premiums Sales Tax,93,2014,4
Q4-2014,Georgia,GA,T13,T13 Motor Fuels Sales Tax,292,2014,4
Q4-2014,Georgia,GA,T15,T15 Public Utilities Sales Tax,0,2014,4
Q4-2014,Georgia,GA,T16,T16 Tobacco Products Sales Tax,53,2014,4
Q4-2014,Georgia,GA,T19,T19 Other Selective Sales and Gross Receipts Taxes,0,2014,4
Q4-2014,Georgia,GA,T20,T20 Alcoholic Beverages License,3,2014,4
Q4-2014,Georgia,GA,T21,T21 Amusements License,0,2014,4
Q4-2014,Georgia,GA,T22,T22 Corporations In General License,12,2014,4
Q4-2014,Georgia,GA,T23,T23 Hunting and Fishing License,6,2014,4
Q4-2014,Georgia,GA,T24,T24 Motor Vehicles License,84,2014,4
Q4-2014,Georgia,GA,T25,T25 Motor Vehicle Operators License,23,2014,4
Q4-2014,Georgia,GA,T28,"T28 Occupation and Business License, Not Elsewhere Classified",21,2014,4
Q4-2014,Georgia,GA,T29,T29 Other License Taxes,9,2014,4
Q4-2014,Georgia,GA,T40,T40 Individual Income Taxes,2669,2014,4
Q4-2014,Georgia,GA,T41,T41 Corporation Net Income Taxes,190,2014,4
Q4-2014,Georgia,GA,T50,T50 Death and Gift Taxes,0,2014,4
Q4-2014,Georgia,GA,T51,T51 Documentary and Stock Transfer Taxes,0,2014,4
Q4-2014,Georgia,GA,T99,"T99 Taxes, Not Elsewhere Classified",0,2014,4
Q4-2014,Georgia,GA,TOTAL,Total Taxes,4977,2014,4
Q1-2015,Georgia,GA,T01,T01 Property Taxes,214,2015,1
Q1-2015,Georgia,GA,T09,T09 General Sales and Gross Receipts Taxes,1324,2015,1
Q1-2015,Georgia,GA,T10,T10 Alcoholic Beverages Sales Tax,45,2015,1
Q1-2015,Georgia,GA,T12,T12 Insurance Premiums Sales Tax,105,2015,1
Q1-2015,Georgia,GA,T13,T13 Motor Fuels Sales Tax,302,2015,1
Q1-2015,Georgia,GA,T15,T15 Public Utilities Sales Tax,0,2015,1
Q1-2015,Georgia,GA,T16,T16 Tobacco Products Sales Tax,50,2015,1
Q1-2015,Georgia,GA,T19,T19 Other Selective Sales and Gross Receipts Taxes,0,2015,1
Q1-2015,Georgia,GA,T20,T20 Alcoholic Beverages License,1,2015,1
Q1-2015,Georgia,GA,T21,T21 Amusements License,0,2015,1
Q1-2015,Georgia,GA,T22,T22 Corporations In General License,12,2015,1
Q1-2015,Georgia,GA,T23,T23 Hunting and Fishing License,6,2015,1
Q1-2015,Georgia,GA,T24,T24 Motor Vehicles License,95,2015,1
Q1-2015,Georgia,GA,T25,T25 Motor Vehicle Operators License,23,2015,1
Q1-2015,Georgia,GA,T28,"T28 Occupation and Business License, Not Elsewhere Classified",21,2015,1
Q1-2015,Georgia,GA,T29,T29 Other License Taxes,5,2015,1
Q1-2015,Georgia,GA,T40,T40 Individual Income Taxes,1896,2015,1
Q1-2015,Georgia,GA,T41,T41 Corporation Net Income Taxes,256,2015,1
Q1-2015,Georgia,GA,T50,T50 Death and Gift Taxes,0,2015,1
Q1-2015,Georgia,GA,T51,T51 Documentary and Stock Transfer Taxes,0,2015,1
Q1-2015,Georgia,GA,T99,"T99 Taxes, Not Elsewhere Classified",0,2015,1
Q1-2015,Georgia,GA,TOTAL,Total Taxes,4354,2015,1
Q2-2015,Georgia,GA,T01,T01 Property Taxes,232,2015,2
Q2-2015,Georgia,GA,T09,T09 General Sales and Gross Receipts Taxes,1361,2015,2
Q2-2015,Georgia,GA,T10,T10 Alcoholic Beverages Sales Tax,48,2015,2
Q2-2015,Georgia,GA,T12,T12 Insurance Premiums Sales Tax,105,2015,2
Q2-2015,Georgia,GA,T13,T13 Motor Fuels Sales Tax,313,2015,2
Q2-2015,Georgia,GA,T15,T15 Public Utilities Sales Tax,0,2015,2
Q2-2015,Georgia,GA,T16,T16 Tobacco Products Sales Tax,57,2015,2
Q2-2015,Georgia,GA,T19,T19 Other Selective Sales and Gross Receipts Taxes,0,2015,2
Q2-2015,Georgia,GA,T20,T20 Alcoholic Beverages License,0,2015,2
Q2-2015,Georgia,GA,T21,T21 Amusements License,0,2015,2
Q2-2015,Georgia,GA,T22,T22 Corporations In General License,12,2015,2
Q2-2015,Georgia,GA,T23,T23 Hunting and Fishing License,6,2015,2
Q2-2015,Georgia,GA,T24,T24 Motor Vehicles License,87,2015,2
Q2-2015,Georgia,GA,T25,T25 Motor Vehicle Operators License,23,2015,2
Q2-2015,Georgia,GA,T28,"T28 Occupation and Business License, Not Elsewhere Classified",21,2015,2
Q2-2015,Georgia,GA,T29,T29 Other License Taxes,9,2015,2
Q2-2015,Georgia,GA,T40,T40 Individual Income Taxes,2679,2015,2
Q2-2015,Georgia,GA,T41,T41 Corporation Net Income Taxes,329,2015,2
Q2-2015,Georgia,GA,T50,T50 Death and Gift Taxes,0,2015,2
Q2-2015,Georgia,GA,T51,T51 Documentary and Stock Transfer Taxes,0,2015,2
Q2-2015,Georgia,GA,T99,"T99 Taxes, Not Elsewhere Classified",0,2015,2
Q2-2015,Georgia,GA,TOTAL,Total Taxes,5284,2015,2
Q3-2015,Georgia,GA,T01,T01 Property Taxes,234,2015,3
Q3-2015,Georgia,GA,T09,T09 General Sales and Gross Receipts Taxes,1354,2015,3
Q3-2015,Georgia,GA,T10,T10 Alcoholic Beverages Sales Tax,48,2015,3
Q3-2015,Georgia,GA,T12,T12 Insurance Premiums Sales Tax,105,2015,3
Q3-2015,Georgia,GA,T13,T13 Motor Fuels Sales Tax,396,2015,3
Q3-2015,Georgia,GA,T15,T15 Public Utilities Sales Tax,0,2015,3
Q3-2015,Georgia,GA,T16,T16 Tobacco Products Sales Tax,57,2015,3
Q3-2015,Georgia,GA,T19,T19 Other Selective Sales and Gross Receipts Taxes,1,2015,3
Q3-2015,Georgia,GA,T20,T20 Alcoholic Beverages License,1,2015,3
Q3-2015,Georgia,GA,T21,T21 Amusements License,0,2015,3
Q3-2015,Georgia,GA,T22,T22 Corporations In General License,11,2015,3
Q3-2015,Georgia,GA,T23,T23 Hunting and Fishing License,6,2015,3
Q3-2015,Georgia,GA,T24,T24 Motor Vehicles License,88,2015,3
Q3-2015,Georgia,GA,T25,T25 Motor Vehicle Operators License,2,2015,3
Q3-2015,Georgia,GA,T28,"T28 Occupation and Business License, Not Elsewhere Classified",21,2015,3
Q3-2015,Georgia,GA,T29,T29 Other License Taxes,10,2015,3
Q3-2015,Georgia,GA,T40,T40 Individual Income Taxes,2645,2015,3
Q3-2015,Georgia,GA,T41,T41 Corporation Net Income Taxes,229,2015,3
Q3-2015,Georgia,GA,T50,T50 Death and Gift Taxes,0,2015,3
Q3-2015,Georgia,GA,T51,T51 Documentary and Stock Transfer Taxes,0,2015,3
Q3-2015,Georgia,GA,T99,"T99 Taxes, Not Elsewhere Classified",28,2015,3
Q3-2015,Georgia,GA,TOTAL,Total Taxes,5236,2015,3
Q4-2015,Georgia,GA,T01,T01 Property Taxes,228,2015,4
Q4-2015,Georgia,GA,T09,T09 General Sales and Gross Receipts Taxes,1304,2015,4
Q4-2015,Georgia,GA,T10,T10 Alcoholic Beverages Sales Tax,47,2015,4
Q4-2015,Georgia,GA,T12,T12 Insurance Premiums Sales Tax,105,2015,4
Q4-2015,Georgia,GA,T13,T13 Motor Fuels Sales Tax,418,2015,4
Q4-2015,Georgia,GA,T15,T15 Public Utilities Sales Tax,0,2015,4
Q4-2015,Georgia,GA,T16,T16 Tobacco Products Sales Tax,53,2015,4
Q4-2015,Georgia,GA,T19,T19 Other Selective Sales and Gross Receipts Taxes,0,2015,4
Q4-2015,Georgia,GA,T20,T20 Alcoholic Beverages License,2,2015,4
Q4-2015,Georgia,GA,T21,T21 Amusements License,0,2015,4
Q4-2015,Georgia,GA,T22,T22 Corporations In General License,14,2015,4
Q4-2015,Georgia,GA,T23,T23 Hunting and Fishing License,6,2015,4
Q4-2015,Georgia,GA,T24,T24 Motor Vehicles License,81,2015,4
Q4-2015,Georgia,GA,T25,T25 Motor Vehicle Operators License,2,2015,4
Q4-2015,Georgia,GA,T28,"T28 Occupation and Business License, Not Elsewhere Classified",17,2015,4
Q4-2015,Georgia,GA,T29,T29 Other License Taxes,8,2015,4
Q4-2015,Georgia,GA,T40,T40 Individual Income Taxes,2785,2015,4
Q4-2015,Georgia,GA,T41,T41 Corporation Net Income Taxes,195,2015,4
Q4-2015,Georgia,GA,T50,T50 Death and Gift Taxes,-2,2015,4
Q4-2015,Georgia,GA,T51,T51 Documentary and Stock Transfer Taxes,0,2015,4
Q4-2015,Georgia,GA,T99,"T99 Taxes, Not Elsewhere Classified",41,2015,4
Q4-2015,Georgia,GA,TOTAL,Total Taxes,5303,2015,4
Q1-2016,Georgia,GA,T01,T01 Property Taxes,238,2016,1
Q1-2016,Georgia,GA,T09,T09 General Sales and Gross Receipts Taxes,1376,2016,1
Q1-2016,Georgia,GA,T10,T10 Alcoholic Beverages Sales Tax,46,2016,1
Q1-2016,Georgia,GA,T12,T12 Insurance Premiums Sales Tax,107,2016,1
Q1-2016,Georgia,GA,T13,T13 Motor Fuels Sales Tax,411,2016,1
Q1-2016,Georgia,GA,T15,T15 Public Utilities Sales Tax,0,2016,1
Q1-2016,Georgia,GA,T16,T16 Tobacco Products Sales Tax,52,2016,1
Q1-2016,Georgia,GA,T19,T19 Other Selective Sales and Gross Receipts Taxes,0,2016,1
Q1-2016,Georgia,GA,T20,T20 Alcoholic Beverages License,1,2016,1
Q1-2016,Georgia,GA,T21,T21 Amusements License,0,2016,1
Q1-2016,Georgia,GA,T22,T22 Corporations In General License,13,2016,1
Q1-2016,Georgia,GA,T23,T23 Hunting and Fishing License,7,2016,1
Q1-2016,Georgia,GA,T24,T24 Motor Vehicles License,103,2016,1
Q1-2016,Georgia,GA,T25,T25 Motor Vehicle Operators License,6,2016,1
Q1-2016,Georgia,GA,T28,"T28 Occupation and Business License, Not Elsewhere Classified",21,2016,1
Q1-2016,Georgia,GA,T29,T29 Other License Taxes,5,2016,1
Q1-2016,Georgia,GA,T40,T40 Individual Income Taxes,2260,2016,1
Q1-2016,Georgia,GA,T41,T41 Corporation Net Income Taxes,247,2016,1
Q1-2016,Georgia,GA,T50,T50 Death and Gift Taxes,0,2016,1
Q1-2016,Georgia,GA,T51,T51 Documentary and Stock Transfer Taxes,0,2016,1
Q1-2016,Georgia,GA,T99,"T99 Taxes, Not Elsewhere Classified",37,2016,1
Q1-2016,Georgia,GA,TOTAL,Total Taxes,4930,2016,1
Q2-2016,Georgia,GA,T01,T01 Property Taxes,253,2016,2
Q2-2016,Georgia,GA,T09,T09 General Sales and Gross Receipts Taxes,1427,2016,2
Q2-2016,Georgia,GA,T10,T10 Alcoholic Beverages Sales Tax,50,2016,2
Q2-2016,Georgia,GA,T12,T12 Insurance Premiums Sales Tax,107,2016,2
Q2-2016,Georgia,GA,T13,T13 Motor Fuels Sales Tax,447,2016,2
Q2-2016,Georgia,GA,T15,T15 Public Utilities Sales Tax,0,2016,2
Q2-2016,Georgia,GA,T16,T16 Tobacco Products Sales Tax,57,2016,2
Q2-2016,Georgia,GA,T19,T19 Other Selective Sales and Gross Receipts Taxes,0,2016,2
Q2-2016,Georgia,GA,T20,T20 Alcoholic Beverages License,0,2016,2
Q2-2016,Georgia,GA,T21,T21 Amusements License,0,2016,2
Q2-2016,Georgia,GA,T22,T22 Corporations In General License,13,2016,2
Q2-2016,Georgia,GA,T23,T23 Hunting and Fishing License,7,2016,2
Q2-2016,Georgia,GA,T24,T24 Motor Vehicles License,95,2016,2
Q2-2016,Georgia,GA,T25,T25 Motor Vehicle Operators License,4,2016,2
Q2-2016,Georgia,GA,T28,"T28 Occupation and Business License, Not Elsewhere Classified",22,2016,2
Q2-2016,Georgia,GA,T29,T29 Other License Taxes,10,2016,2
Q2-2016,Georgia,GA,T40,T40 Individual Income Taxes,2749,2016,2
Q2-2016,Georgia,GA,T41,T41 Corporation Net Income Taxes,311,2016,2
Q2-2016,Georgia,GA,T50,T50 Death and Gift Taxes,0,2016,2
Q2-2016,Georgia,GA,T51,T51 Documentary and Stock Transfer Taxes,0,2016,2
Q2-2016,Georgia,GA,T99,"T99 Taxes, Not Elsewhere Classified",45,2016,2
Q2-2016,Georgia,GA,TOTAL,Total Taxes,5595,2016,2
Q3-2016,Georgia,GA,T01,T01 Property Taxes,268,2016,3
Q3-2016,Georgia,GA,T09,T09 General Sales and Gross Receipts Taxes,1452,2016,3
Q3-2016,Georgia,GA,T10,T10 Alcoholic Beverages Sales Tax,50,2016,3
Q3-2016,Georgia,GA,T12,T12 Insurance Premiums Sales Tax,107,2016,3
Q3-2016,Georgia,GA,T13,T13 Motor Fuels Sales Tax,445,2016,3
Q3-2016,Georgia,GA,T15,T15 Public Utilities Sales Tax,0,2016,3
Q3-2016,Georgia,GA,T16,T16 Tobacco Products Sales Tax,58,2016,3
Q3-2016,Georgia,GA,T19,T19 Other Selective Sales and Gross Receipts Taxes,1,2016,3
Q3-2016,Georgia,GA,T20,T20 Alcoholic Beverages License,1,2016,3
Q3-2016,Georgia,GA,T21,T21 Amusements License,0,2016,3
Q3-2016,Georgia,GA,T22,T22 Corporations In General License,13,2016,3
Q3-2016,Georgia,GA,T23,T23 Hunting and Fishing License,7,2016,3
Q3-2016,Georgia,GA,T24,T24 Motor Vehicles License,87,2016,3
Q3-2016,Georgia,GA,T25,T25 Motor Vehicle Operators License,3,2016,3
Q3-2016,Georgia,GA,T28,"T28 Occupation and Business License, Not Elsewhere Classified",22,2016,3
Q3-2016,Georgia,GA,T29,T29 Other License Taxes,10,2016,3
Q3-2016,Georgia,GA,T40,T40 Individual Income Taxes,2667,2016,3
Q3-2016,Georgia,GA,T41,T41 Corporation Net Income Taxes,210,2016,3
Q3-2016,Georgia,GA,T50,T50 Death and Gift Taxes,0,2016,3
Q3-2016,Georgia,GA,T51,T51 Documentary and Stock Transfer Taxes,0,2016,3
Q3-2016,Georgia,GA,T99,"T99 Taxes, Not Elsewhere Classified",44,2016,3
Q3-2016,Georgia,GA,TOTAL,Total Taxes,5444,2016,3
Q4-2016,Georgia,GA,T01,T01 Property Taxes,244,2016,4
Q4-2016,Georgia,GA,T09,T09 General Sales and Gross Receipts Taxes,1387,2016,4
Q4-2016,Georgia,GA,T10,T10 Alcoholic Beverages Sales Tax,48,2016,4
Q4-2016,Georgia,GA,T12,T12 Insurance Premiums Sales Tax,107,2016,4
Q4-2016,Georgia,GA,T13,T13 Motor Fuels Sales Tax,438,2016,4
Q4-2016,Georgia,GA,T15,T15 Public Utilities Sales Tax,0,2016,4
Q4-2016,Georgia,GA,T16,T16 Tobacco Products Sales Tax,55,2016,4
Q4-2016,Georgia,GA,T19,T19 Other Selective Sales and Gross Receipts Taxes,0,2016,4
Q4-2016,Georgia,GA,T20,T20 Alcoholic Beverages License,2,2016,4
Q4-2016,Georgia,GA,T21,T21 Amusements License,0,2016,4
Q4-2016,Georgia,GA,T22,T22 Corporations In General License,13,2016,4
Q4-2016,Georgia,GA,T23,T23 Hunting and Fishing License,7,2016,4
Q4-2016,Georgia,GA,T24,T24 Motor Vehicles License,83,2016,4
Q4-2016,Georgia,GA,T25,T25 Motor Vehicle Operators License,2,2016,4
Q4-2016,Georgia,GA,T28,"T28 Occupation and Business License, Not Elsewhere Classified",18,2016,4
Q4-2016,Georgia,GA,T29,T29 Other License Taxes,8,2016,4
Q4-2016,Georgia,GA,T40,T40 Individual Income Taxes,2903,2016,4
Q4-2016,Georgia,GA,T41,T41 Corporation Net Income Taxes,202,2016,4
Q4-2016,Georgia,GA,T50,T50 Death and Gift Taxes,0,2016,4
Q4-2016,Georgia,GA,T51,T51 Documentary and Stock Transfer Taxes,0,2016,4
Q4-2016,Georgia,GA,T99,"T99 Taxes, Not Elsewhere Classified",43,2016,4
Q4-2016,Georgia,GA,TOTAL,Total Taxes,5559,2016,4
Q1-2017,Georgia,GA,T01,T01 Property Taxes,236,2017,1
Q1-2017,Georgia,GA,T09,T09 General Sales and Gross Receipts Taxes,1425,2017,1
Q1-2017,Georgia,GA,T10,T10 Alcoholic Beverages Sales Tax,46,2017,1
Q1-2017,Georgia,GA,T12,T12 Insurance Premiums Sales Tax,107,2017,1
Q1-2017,Georgia,GA,T13,T13 Motor Fuels Sales Tax,415,2017,1
Q1-2017,Georgia,GA,T15,T15 Public Utilities Sales Tax,0,2017,1
Q1-2017,Georgia,GA,T16,T16 Tobacco Products Sales Tax,52,2017,1
Q1-2017,Georgia,GA,T19,T19 Other Selective Sales and Gross Receipts Taxes,0,2017,1
Q1-2017,Georgia,GA,T20,T20 Alcoholic Beverages License,0,2017,1
Q1-2017,Georgia,GA,T21,T21 Amusements License,0,2017,1
Q1-2017,Georgia,GA,T22,T22 Corporations In General License,13,2017,1
Q1-2017,Georgia,GA,T23,T23 Hunting and Fishing License,7,2017,1
Q1-2017,Georgia,GA,T24,T24 Motor Vehicles License,107,2017,1
Q1-2017,Georgia,GA,T25,T25 Motor Vehicle Operators License,6,2017,1
Q1-2017,Georgia,GA,T28,"T28 Occupation and Business License, Not Elsewhere Classified",22,2017,1
Q1-2017,Georgia,GA,T29,T29 Other License Taxes,6,2017,1
Q1-2017,Georgia,GA,T40,T40 Individual Income Taxes,2451,2017,1
Q1-2017,Georgia,GA,T41,T41 Corporation Net Income Taxes,104,2017,1
Q1-2017,Georgia,GA,T50,T50 Death and Gift Taxes,0,2017,1
Q1-2017,Georgia,GA,T51,T51 Documentary and Stock Transfer Taxes,0,2017,1
Q1-2017,Georgia,GA,T99,"T99 Taxes, Not Elsewhere Classified",38,2017,1
Q1-2017,Georgia,GA,TOTAL,Total Taxes,5035,2017,1
Q2-2017,Georgia,GA,T01,T01 Property Taxes,231,2017,2
Q2-2017,Georgia,GA,T09,T09 General Sales and Gross Receipts Taxes,1425,2017,2
Q2-2017,Georgia,GA,T10,T10 Alcoholic Beverages Sales Tax,49,2017,2
Q2-2017,Georgia,GA,T12,T12 Insurance Premiums Sales Tax,57,2017,2
Q2-2017,Georgia,GA,T13,T13 Motor Fuels Sales Tax,443,2017,2
Q2-2017,Georgia,GA,T15,T15 Public Utilities Sales Tax,0,2017,2
Q2-2017,Georgia,GA,T16,T16 Tobacco Products Sales Tax,56,2017,2
Q2-2017,Georgia,GA,T19,T19 Other Selective Sales and Gross Receipts Taxes,0,2017,2
Q2-2017,Georgia,GA,T20,T20 Alcoholic Beverages License,0,2017,2
Q2-2017,Georgia,GA,T21,T21 Amusements License,0,2017,2
Q2-2017,Georgia,GA,T22,T22 Corporations In General License,7,2017,2
Q2-2017,Georgia,GA,T23,T23 Hunting and Fishing License,3,2017,2
Q2-2017,Georgia,GA,T24,T24 Motor Vehicles License,88,2017,2
Q2-2017,Georgia,GA,T25,T25 Motor Vehicle Operators License,3,2017,2
Q2-2017,Georgia,GA,T28,"T28 Occupation and Business License, Not Elsewhere Classified",11,2017,2
Q2-2017,Georgia,GA,T29,T29 Other License Taxes,5,2017,2
Q2-2017,Georgia,GA,T40,T40 Individual Income Taxes,2957,2017,2
Q2-2017,Georgia,GA,T41,T41 Corporation Net Income Taxes,456,2017,2
Q2-2017,Georgia,GA,T50,T50 Death and Gift Taxes,0,2017,2
Q2-2017,Georgia,GA,T51,T51 Documentary and Stock Transfer Taxes,0,2017,2
Q2-2017,Georgia,GA,T99,"T99 Taxes, Not Elsewhere Classified",46,2017,2
Q2-2017,Georgia,GA,TOTAL,Total Taxes,5838,2017,2
Q3-2017,Georgia,GA,T01,T01 Property Taxes,252,2017,3
Q3-2017,Georgia,GA,T09,T09 General Sales and Gross Receipts Taxes,1453,2017,3
Q3-2017,Georgia,GA,T10,T10 Alcoholic Beverages Sales Tax,50,2017,3
Q3-2017,Georgia,GA,T12,T12 Insurance Premiums Sales Tax,111,2017,3
Q3-2017,Georgia,GA,T13,T13 Motor Fuels Sales Tax,458,2017,3
Q3-2017,Georgia,GA,T15,T15 Public Utilities Sales Tax,0,2017,3
Q3-2017,Georgia,GA,T16,T16 Tobacco Products Sales Tax,60,2017,3
Q3-2017,Georgia,GA,T19,T19 Other Selective Sales and Gross Receipts Taxes,46,2017,3
Q3-2017,Georgia,GA,T20,T20 Alcoholic Beverages License,0,2017,3
Q3-2017,Georgia,GA,T21,T21 Amusements License,0,2017,3
Q3-2017,Georgia,GA,T22,T22 Corporations In General License,12,2017,3
Q3-2017,Georgia,GA,T23,T23 Hunting and Fishing License,6,2017,3
Q3-2017,Georgia,GA,T24,T24 Motor Vehicles License,95,2017,3
Q3-2017,Georgia,GA,T25,T25 Motor Vehicle Operators License,2,2017,3
Q3-2017,Georgia,GA,T28,"T28 Occupation and Business License, Not Elsewhere Classified",21,2017,3
Q3-2017,Georgia,GA,T29,T29 Other License Taxes,9,2017,3
Q3-2017,Georgia,GA,T40,T40 Individual Income Taxes,2776,2017,3
Q3-2017,Georgia,GA,T41,T41 Corporation Net Income Taxes,233,2017,3
Q3-2017,Georgia,GA,T50,T50 Death and Gift Taxes,0,2017,3
Q3-2017,Georgia,GA,T51,T51 Documentary and Stock Transfer Taxes,0,2017,3
Q3-2017,Georgia,GA,T99,"T99 Taxes, Not Elsewhere Classified",45,2017,3
Q3-2017,Georgia,GA,TOTAL,Total Taxes,5631,2017,3
Q4-2017,Georgia,GA,T01,T01 Property Taxes,220,2017,4
Q4-2017,Georgia,GA,T09,T09 General Sales and Gross Receipts Taxes,1442,2017,4
Q4-2017,Georgia,GA,T10,T10 Alcoholic Beverages Sales Tax,49,2017,4
Q4-2017,Georgia,GA,T12,T12 Insurance Premiums Sales Tax,114,2017,4
Q4-2017,Georgia,GA,T13,T13 Motor Fuels Sales Tax,447,2017,4
Q4-2017,Georgia,GA,T15,T15 Public Utilities Sales Tax,0,2017,4
Q4-2017,Georgia,GA,T16,T16 Tobacco Products Sales Tax,55,2017,4
Q4-2017,Georgia,GA,T19,T19 Other Selective Sales and Gross Receipts Taxes,0,2017,4
Q4-2017,Georgia,GA,T20,T20 Alcoholic Beverages License,3,2017,4
Q4-2017,Georgia,GA,T21,T21 Amusements License,0,2017,4
Q4-2017,Georgia,GA,T22,T22 Corporations In General License,14,2017,4
Q4-2017,Georgia,GA,T23,T23 Hunting and Fishing License,6,2017,4
Q4-2017,Georgia,GA,T24,T24 Motor Vehicles License,89,2017,4
Q4-2017,Georgia,GA,T25,T25 Motor Vehicle Operators License,2,2017,4
Q4-2017,Georgia,GA,T28,"T28 Occupation and Business License, Not Elsewhere Classified",18,2017,4
Q4-2017,Georgia,GA,T29,T29 Other License Taxes,8,2017,4
Q4-2017,Georgia,GA,T40,T40 Individual Income Taxes,3113,2017,4
Q4-2017,Georgia,GA,T41,T41 Corporation Net Income Taxes,208,2017,4
Q4-2017,Georgia,GA,T50,T50 Death and Gift Taxes,0,2017,4
Q4-2017,Georgia,GA,T51,T51 Documentary and Stock Transfer Taxes,0,2017,4
Q4-2017,Georgia,GA,T99,"T99 Taxes, Not Elsewhere Classified",44,2017,4
Q4-2017,Georgia,GA,TOTAL,Total Taxes,5830,2017,4
Q1-2010,Illinois,IL,T01,T01 Property Taxes,16,2010,1
Q1-2010,Illinois,IL,T09,T09 General Sales and Gross Receipts Taxes,1617,2010,1
Q1-2010,Illinois,IL,T10,T10 Alcoholic Beverages Sales Tax,59,2010,1
Q1-2010,Illinois,IL,T11,T11 Amusements Sales Tax,93,2010,1
Q1-2010,Illinois,IL,T12,T12 Insurance Premiums Sales Tax,64,2010,1
Q1-2010,Illinois,IL,T13,T13 Motor Fuels Sales Tax,322,2010,1
Q1-2010,Illinois,IL,T14,T14 Pari-Mutuels Sales Tax,1,2010,1
Q1-2010,Illinois,IL,T15,T15 Public Utilities Sales Tax,504,2010,1
Q1-2010,Illinois,IL,T16,T16 Tobacco Products Sales Tax,135,2010,1
Q1-2010,Illinois,IL,T19,T19 Other Selective Sales and Gross Receipts Taxes,307,2010,1
Q1-2010,Illinois,IL,T20,T20 Alcoholic Beverages License,3,2010,1
Q1-2010,Illinois,IL,T21,T21 Amusements License,0,2010,1
Q1-2010,Illinois,IL,T22,T22 Corporations In General License,106,2010,1
Q1-2010,Illinois,IL,T23,T23 Hunting and Fishing License,2,2010,1
Q1-2010,Illinois,IL,T24,T24 Motor Vehicles License,322,2010,1
Q1-2010,Illinois,IL,T25,T25 Motor Vehicle Operators License,25,2010,1
Q1-2010,Illinois,IL,T27,T27 Public Utilities License,0,2010,1
Q1-2010,Illinois,IL,T28,"T28 Occupation and Business License, Not Elsewhere Classified",206,2010,1
Q1-2010,Illinois,IL,T29,T29 Other License Taxes,5,2010,1
Q1-2010,Illinois,IL,T40,T40 Individual Income Taxes,2515,2010,1
Q1-2010,Illinois,IL,T41,T41 Corporation Net Income Taxes,729,2010,1
Q1-2010,Illinois,IL,T50,T50 Death and Gift Taxes,51,2010,1
Q1-2010,Illinois,IL,T51,T51 Documentary and Stock Transfer Taxes,8,2010,1
Q1-2010,Illinois,IL,T53,T53 Severance Taxes,0,2010,1
Q1-2010,Illinois,IL,T99,"T99 Taxes, Not Elsewhere Classified",0,2010,1
Q1-2010,Illinois,IL,TOTAL,Total Taxes,7092,2010,1
Q2-2010,Illinois,IL,T01,T01 Property Taxes,6,2010,2
Q2-2010,Illinois,IL,T09,T09 General Sales and Gross Receipts Taxes,1776,2010,2
Q2-2010,Illinois,IL,T10,T10 Alcoholic Beverages Sales Tax,65,2010,2
Q2-2010,Illinois,IL,T11,T11 Amusements Sales Tax,118,2010,2
Q2-2010,Illinois,IL,T12,T12 Insurance Premiums Sales Tax,123,2010,2
Q2-2010,Illinois,IL,T13,T13 Motor Fuels Sales Tax,333,2010,2
Q2-2010,Illinois,IL,T14,T14 Pari-Mutuels Sales Tax,2,2010,2
Q2-2010,Illinois,IL,T15,T15 Public Utilities Sales Tax,416,2010,2
Q2-2010,Illinois,IL,T16,T16 Tobacco Products Sales Tax,146,2010,2
Q2-2010,Illinois,IL,T19,T19 Other Selective Sales and Gross Receipts Taxes,300,2010,2
Q2-2010,Illinois,IL,T20,T20 Alcoholic Beverages License,4,2010,2
Q2-2010,Illinois,IL,T21,T21 Amusements License,48,2010,2
Q2-2010,Illinois,IL,T22,T22 Corporations In General License,83,2010,2
Q2-2010,Illinois,IL,T23,T23 Hunting and Fishing License,17,2010,2
Q2-2010,Illinois,IL,T24,T24 Motor Vehicles License,500,2010,2
Q2-2010,Illinois,IL,T25,T25 Motor Vehicle Operators License,28,2010,2
Q2-2010,Illinois,IL,T27,T27 Public Utilities License,5,2010,2
Q2-2010,Illinois,IL,T28,"T28 Occupation and Business License, Not Elsewhere Classified",33,2010,2
Q2-2010,Illinois,IL,T29,T29 Other License Taxes,4,2010,2
Q2-2010,Illinois,IL,T40,T40 Individual Income Taxes,2703,2010,2
Q2-2010,Illinois,IL,T41,T41 Corporation Net Income Taxes,971,2010,2
Q2-2010,Illinois,IL,T50,T50 Death and Gift Taxes,77,2010,2
Q2-2010,Illinois,IL,T51,T51 Documentary and Stock Transfer Taxes,11,2010,2
Q2-2010,Illinois,IL,T53,T53 Severance Taxes,0,2010,2
Q2-2010,Illinois,IL,T99,"T99 Taxes, Not Elsewhere Classified",0,2010,2
Q2-2010,Illinois,IL,TOTAL,Total Taxes,7771,2010,2
Q3-2010,Illinois,IL,T01,T01 Property Taxes,16,2010,3
Q3-2010,Illinois,IL,T09,T09 General Sales and Gross Receipts Taxes,1753,2010,3
Q3-2010,Illinois,IL,T10,T10 Alcoholic Beverages Sales Tax,71,2010,3
Q3-2010,Illinois,IL,T11,T11 Amusements Sales Tax,142,2010,3
Q3-2010,Illinois,IL,T12,T12 Insurance Premiums Sales Tax,84,2010,3
Q3-2010,Illinois,IL,T13,T13 Motor Fuels Sales Tax,344,2010,3
Q3-2010,Illinois,IL,T14,T14 Pari-Mutuels Sales Tax,2,2010,3
Q3-2010,Illinois,IL,T15,T15 Public Utilities Sales Tax,443,2010,3
Q3-2010,Illinois,IL,T16,T16 Tobacco Products Sales Tax,147,2010,3
Q3-2010,Illinois,IL,T19,T19 Other Selective Sales and Gross Receipts Taxes,730,2010,3
Q3-2010,Illinois,IL,T20,T20 Alcoholic Beverages License,3,2010,3
Q3-2010,Illinois,IL,T21,T21 Amusements License,0,2010,3
Q3-2010,Illinois,IL,T22,T22 Corporations In General License,79,2010,3
Q3-2010,Illinois,IL,T23,T23 Hunting and Fishing License,12,2010,3
Q3-2010,Illinois,IL,T24,T24 Motor Vehicles License,437,2010,3
Q3-2010,Illinois,IL,T25,T25 Motor Vehicle Operators License,27,2010,3
Q3-2010,Illinois,IL,T27,T27 Public Utilities License,11,2010,3
Q3-2010,Illinois,IL,T28,"T28 Occupation and Business License, Not Elsewhere Classified",80,2010,3
Q3-2010,Illinois,IL,T29,T29 Other License Taxes,5,2010,3
Q3-2010,Illinois,IL,T40,T40 Individual Income Taxes,2135,2010,3
Q3-2010,Illinois,IL,T41,T41 Corporation Net Income Taxes,507,2010,3
Q3-2010,Illinois,IL,T50,T50 Death and Gift Taxes,90,2010,3
Q3-2010,Illinois,IL,T51,T51 Documentary and Stock Transfer Taxes,10,2010,3
Q3-2010,Illinois,IL,T53,T53 Severance Taxes,0,2010,3
Q3-2010,Illinois,IL,T99,"T99 Taxes, Not Elsewhere Classified",0,2010,3
Q3-2010,Illinois,IL,TOTAL,Total Taxes,7128,2010,3
Q4-2010,Illinois,IL,T01,T01 Property Taxes,10,2010,4
Q4-2010,Illinois,IL,T09,T09 General Sales and Gross Receipts Taxes,2022,2010,4
Q4-2010,Illinois,IL,T10,T10 Alcoholic Beverages Sales Tax,68,2010,4
Q4-2010,Illinois,IL,T11,T11 Amusements Sales Tax,147,2010,4
Q4-2010,Illinois,IL,T12,T12 Insurance Premiums Sales Tax,61,2010,4
Q4-2010,Illinois,IL,T13,T13 Motor Fuels Sales Tax,328,2010,4
Q4-2010,Illinois,IL,T14,T14 Pari-Mutuels Sales Tax,2,2010,4
Q4-2010,Illinois,IL,T15,T15 Public Utilities Sales Tax,433,2010,4
Q4-2010,Illinois,IL,T16,T16 Tobacco Products Sales Tax,147,2010,4
Q4-2010,Illinois,IL,T19,T19 Other Selective Sales and Gross Receipts Taxes,346,2010,4
Q4-2010,Illinois,IL,T20,T20 Alcoholic Beverages License,3,2010,4
Q4-2010,Illinois,IL,T21,T21 Amusements License,0,2010,4
Q4-2010,Illinois,IL,T22,T22 Corporations In General License,76,2010,4
Q4-2010,Illinois,IL,T23,T23 Hunting and Fishing License,11,2010,4
Q4-2010,Illinois,IL,T24,T24 Motor Vehicles License,323,2010,4
Q4-2010,Illinois,IL,T25,T25 Motor Vehicle Operators License,25,2010,4
Q4-2010,Illinois,IL,T27,T27 Public Utilities License,2,2010,4
Q4-2010,Illinois,IL,T28,"T28 Occupation and Business License, Not Elsewhere Classified",56,2010,4
Q4-2010,Illinois,IL,T29,T29 Other License Taxes,4,2010,4
Q4-2010,Illinois,IL,T40,T40 Individual Income Taxes,2176,2010,4
Q4-2010,Illinois,IL,T41,T41 Corporation Net Income Taxes,978,2010,4
Q4-2010,Illinois,IL,T50,T50 Death and Gift Taxes,23,2010,4
Q4-2010,Illinois,IL,T51,T51 Documentary and Stock Transfer Taxes,8,2010,4
Q4-2010,Illinois,IL,T53,T53 Severance Taxes,0,2010,4
Q4-2010,Illinois,IL,T99,"T99 Taxes, Not Elsewhere Classified",0,2010,4
Q4-2010,Illinois,IL,TOTAL,Total Taxes,7250,2010,4
Q1-2011,Illinois,IL,T01,T01 Property Taxes,21,2011,1
Q1-2011,Illinois,IL,T09,T09 General Sales and Gross Receipts Taxes,1757,2011,1
Q1-2011,Illinois,IL,T10,T10 Alcoholic Beverages Sales Tax,63,2011,1
Q1-2011,Illinois,IL,T11,T11 Amusements Sales Tax,88,2011,1
Q1-2011,Illinois,IL,T12,T12 Insurance Premiums Sales Tax,76,2011,1
Q1-2011,Illinois,IL,T13,T13 Motor Fuels Sales Tax,321,2011,1
Q1-2011,Illinois,IL,T14,T14 Pari-Mutuels Sales Tax,1,2011,1
Q1-2011,Illinois,IL,T15,T15 Public Utilities Sales Tax,499,2011,1
Q1-2011,Illinois,IL,T16,T16 Tobacco Products Sales Tax,145,2011,1
Q1-2011,Illinois,IL,T19,T19 Other Selective Sales and Gross Receipts Taxes,125,2011,1
Q1-2011,Illinois,IL,T20,T20 Alcoholic Beverages License,3,2011,1
Q1-2011,Illinois,IL,T21,T21 Amusements License,0,2011,1
Q1-2011,Illinois,IL,T22,T22 Corporations In General License,111,2011,1
Q1-2011,Illinois,IL,T23,T23 Hunting and Fishing License,3,2011,1
Q1-2011,Illinois,IL,T24,T24 Motor Vehicles License,333,2011,1
Q1-2011,Illinois,IL,T25,T25 Motor Vehicle Operators License,24,2011,1
Q1-2011,Illinois,IL,T27,T27 Public Utilities License,9,2011,1
Q1-2011,Illinois,IL,T28,"T28 Occupation and Business License, Not Elsewhere Classified",195,2011,1
Q1-2011,Illinois,IL,T29,T29 Other License Taxes,8,2011,1
Q1-2011,Illinois,IL,T40,T40 Individual Income Taxes,3195,2011,1
Q1-2011,Illinois,IL,T41,T41 Corporation Net Income Taxes,632,2011,1
Q1-2011,Illinois,IL,T50,T50 Death and Gift Taxes,5,2011,1
Q1-2011,Illinois,IL,T51,T51 Documentary and Stock Transfer Taxes,9,2011,1
Q1-2011,Illinois,IL,T53,T53 Severance Taxes,0,2011,1
Q1-2011,Illinois,IL,TOTAL,Total Taxes,7625,2011,1
Q2-2011,Illinois,IL,T01,T01 Property Taxes,11,2011,2
Q2-2011,Illinois,IL,T09,T09 General Sales and Gross Receipts Taxes,1889,2011,2
Q2-2011,Illinois,IL,T10,T10 Alcoholic Beverages Sales Tax,67,2011,2
Q2-2011,Illinois,IL,T11,T11 Amusements Sales Tax,114,2011,2
Q2-2011,Illinois,IL,T12,T12 Insurance Premiums Sales Tax,118,2011,2
Q2-2011,Illinois,IL,T13,T13 Motor Fuels Sales Tax,321,2011,2
Q2-2011,Illinois,IL,T14,T14 Pari-Mutuels Sales Tax,2,2011,2
Q2-2011,Illinois,IL,T15,T15 Public Utilities Sales Tax,469,2011,2
Q2-2011,Illinois,IL,T16,T16 Tobacco Products Sales Tax,149,2011,2
Q2-2011,Illinois,IL,T19,T19 Other Selective Sales and Gross Receipts Taxes,139,2011,2
Q2-2011,Illinois,IL,T20,T20 Alcoholic Beverages License,4,2011,2
Q2-2011,Illinois,IL,T21,T21 Amusements License,0,2011,2
Q2-2011,Illinois,IL,T22,T22 Corporations In General License,70,2011,2
Q2-2011,Illinois,IL,T23,T23 Hunting and Fishing License,16,2011,2
Q2-2011,Illinois,IL,T24,T24 Motor Vehicles License,515,2011,2
Q2-2011,Illinois,IL,T25,T25 Motor Vehicle Operators License,29,2011,2
Q2-2011,Illinois,IL,T27,T27 Public Utilities License,5,2011,2
Q2-2011,Illinois,IL,T28,"T28 Occupation and Business License, Not Elsewhere Classified",39,2011,2
Q2-2011,Illinois,IL,T29,T29 Other License Taxes,6,2011,2
Q2-2011,Illinois,IL,T40,T40 Individual Income Taxes,4096,2011,2
Q2-2011,Illinois,IL,T41,T41 Corporation Net Income Taxes,1161,2011,2
Q2-2011,Illinois,IL,T50,T50 Death and Gift Taxes,4,2011,2
Q2-2011,Illinois,IL,T51,T51 Documentary and Stock Transfer Taxes,11,2011,2
Q2-2011,Illinois,IL,T53,T53 Severance Taxes,0,2011,2
Q2-2011,Illinois,IL,TOTAL,Total Taxes,9235,2011,2
Q3-2011,Illinois,IL,T01,T01 Property Taxes,17,2011,3
Q3-2011,Illinois,IL,T09,T09 General Sales and Gross Receipts Taxes,2036,2011,3
Q3-2011,Illinois,IL,T10,T10 Alcoholic Beverages Sales Tax,73,2011,3
Q3-2011,Illinois,IL,T11,T11 Amusements Sales Tax,142,2011,3
Q3-2011,Illinois,IL,T12,T12 Insurance Premiums Sales Tax,82,2011,3
Q3-2011,Illinois,IL,T13,T13 Motor Fuels Sales Tax,331,2011,3
Q3-2011,Illinois,IL,T14,T14 Pari-Mutuels Sales Tax,2,2011,3
Q3-2011,Illinois,IL,T15,T15 Public Utilities Sales Tax,446,2011,3
Q3-2011,Illinois,IL,T16,T16 Tobacco Products Sales Tax,134,2011,3
Q3-2011,Illinois,IL,T19,T19 Other Selective Sales and Gross Receipts Taxes,530,2011,3
Q3-2011,Illinois,IL,T20,T20 Alcoholic Beverages License,3,2011,3
Q3-2011,Illinois,IL,T21,T21 Amusements License,73,2011,3
Q3-2011,Illinois,IL,T22,T22 Corporations In General License,77,2011,3
Q3-2011,Illinois,IL,T23,T23 Hunting and Fishing License,11,2011,3
Q3-2011,Illinois,IL,T24,T24 Motor Vehicles License,442,2011,3
Q3-2011,Illinois,IL,T25,T25 Motor Vehicle Operators License,28,2011,3
Q3-2011,Illinois,IL,T27,T27 Public Utilities License,7,2011,3
Q3-2011,Illinois,IL,T28,"T28 Occupation and Business License, Not Elsewhere Classified",87,2011,3
Q3-2011,Illinois,IL,T29,T29 Other License Taxes,4,2011,3
Q3-2011,Illinois,IL,T40,T40 Individual Income Taxes,3343,2011,3
Q3-2011,Illinois,IL,T41,T41 Corporation Net Income Taxes,655,2011,3
Q3-2011,Illinois,IL,T50,T50 Death and Gift Taxes,4,2011,3
Q3-2011,Illinois,IL,T51,T51 Documentary and Stock Transfer Taxes,12,2011,3
Q3-2011,Illinois,IL,T53,T53 Severance Taxes,0,2011,3
Q3-2011,Illinois,IL,TOTAL,Total Taxes,8539,2011,3
Q4-2011,Illinois,IL,T01,T01 Property Taxes,16,2011,4
Q4-2011,Illinois,IL,T09,T09 General Sales and Gross Receipts Taxes,2040,2011,4
Q4-2011,Illinois,IL,T10,T10 Alcoholic Beverages Sales Tax,70,2011,4
Q4-2011,Illinois,IL,T11,T11 Amusements Sales Tax,150,2011,4
Q4-2011,Illinois,IL,T12,T12 Insurance Premiums Sales Tax,67,2011,4
Q4-2011,Illinois,IL,T13,T13 Motor Fuels Sales Tax,329,2011,4
Q4-2011,Illinois,IL,T14,T14 Pari-Mutuels Sales Tax,2,2011,4
Q4-2011,Illinois,IL,T15,T15 Public Utilities Sales Tax,410,2011,4
Q4-2011,Illinois,IL,T16,T16 Tobacco Products Sales Tax,138,2011,4
Q4-2011,Illinois,IL,T19,T19 Other Selective Sales and Gross Receipts Taxes,548,2011,4
Q4-2011,Illinois,IL,T20,T20 Alcoholic Beverages License,3,2011,4
Q4-2011,Illinois,IL,T21,T21 Amusements License,0,2011,4
Q4-2011,Illinois,IL,T22,T22 Corporations In General License,70,2011,4
Q4-2011,Illinois,IL,T23,T23 Hunting and Fishing License,11,2011,4
Q4-2011,Illinois,IL,T24,T24 Motor Vehicles License,327,2011,4
Q4-2011,Illinois,IL,T25,T25 Motor Vehicle Operators License,25,2011,4
Q4-2011,Illinois,IL,T27,T27 Public Utilities License,4,2011,4
Q4-2011,Illinois,IL,T28,"T28 Occupation and Business License, Not Elsewhere Classified",56,2011,4
Q4-2011,Illinois,IL,T29,T29 Other License Taxes,5,2011,4
Q4-2011,Illinois,IL,T40,T40 Individual Income Taxes,3181,2011,4
Q4-2011,Illinois,IL,T41,T41 Corporation Net Income Taxes,639,2011,4
Q4-2011,Illinois,IL,T50,T50 Death and Gift Taxes,78,2011,4
Q4-2011,Illinois,IL,T51,T51 Documentary and Stock Transfer Taxes,9,2011,4
Q4-2011,Illinois,IL,T53,T53 Severance Taxes,0,2011,4
Q4-2011,Illinois,IL,TOTAL,Total Taxes,8177,2011,4
Q1-2012,Illinois,IL,T01,T01 Property Taxes,17,2012,1
Q1-2012,Illinois,IL,T09,T09 General Sales and Gross Receipts Taxes,1926,2012,1
Q1-2012,Illinois,IL,T10,T10 Alcoholic Beverages Sales Tax,67,2012,1
Q1-2012,Illinois,IL,T11,T11 Amusements Sales Tax,117,2012,1
Q1-2012,Illinois,IL,T12,T12 Insurance Premiums Sales Tax,101,2012,1
Q1-2012,Illinois,IL,T13,T13 Motor Fuels Sales Tax,311,2012,1
Q1-2012,Illinois,IL,T14,T14 Pari-Mutuels Sales Tax,1,2012,1
Q1-2012,Illinois,IL,T15,T15 Public Utilities Sales Tax,477,2012,1
Q1-2012,Illinois,IL,T16,T16 Tobacco Products Sales Tax,134,2012,1
Q1-2012,Illinois,IL,T19,T19 Other Selective Sales and Gross Receipts Taxes,125,2012,1
Q1-2012,Illinois,IL,T20,T20 Alcoholic Beverages License,3,2012,1
Q1-2012,Illinois,IL,T21,T21 Amusements License,0,2012,1
Q1-2012,Illinois,IL,T22,T22 Corporations In General License,107,2012,1
Q1-2012,Illinois,IL,T23,T23 Hunting and Fishing License,3,2012,1
Q1-2012,Illinois,IL,T24,T24 Motor Vehicles License,334,2012,1
Q1-2012,Illinois,IL,T25,T25 Motor Vehicle Operators License,25,2012,1
Q1-2012,Illinois,IL,T27,T27 Public Utilities License,4,2012,1
Q1-2012,Illinois,IL,T28,"T28 Occupation and Business License, Not Elsewhere Classified",188,2012,1
Q1-2012,Illinois,IL,T29,T29 Other License Taxes,5,2012,1
Q1-2012,Illinois,IL,T40,T40 Individual Income Taxes,4198,2012,1
Q1-2012,Illinois,IL,T41,T41 Corporation Net Income Taxes,834,2012,1
Q1-2012,Illinois,IL,T50,T50 Death and Gift Taxes,91,2012,1
Q1-2012,Illinois,IL,T51,T51 Documentary and Stock Transfer Taxes,17,2012,1
Q1-2012,Illinois,IL,T53,T53 Severance Taxes,0,2012,1
Q1-2012,Illinois,IL,TOTAL,Total Taxes,9083,2012,1
Q2-2012,Illinois,IL,T01,T01 Property Taxes,16,2012,2
Q2-2012,Illinois,IL,T09,T09 General Sales and Gross Receipts Taxes,2033,2012,2
Q2-2012,Illinois,IL,T10,T10 Alcoholic Beverages Sales Tax,69,2012,2
Q2-2012,Illinois,IL,T11,T11 Amusements Sales Tax,137,2012,2
Q2-2012,Illinois,IL,T12,T12 Insurance Premiums Sales Tax,119,2012,2
Q2-2012,Illinois,IL,T13,T13 Motor Fuels Sales Tax,320,2012,2
Q2-2012,Illinois,IL,T14,T14 Pari-Mutuels Sales Tax,2,2012,2
Q2-2012,Illinois,IL,T15,T15 Public Utilities Sales Tax,417,2012,2
Q2-2012,Illinois,IL,T16,T16 Tobacco Products Sales Tax,201,2012,2
Q2-2012,Illinois,IL,T19,T19 Other Selective Sales and Gross Receipts Taxes,208,2012,2
Q2-2012,Illinois,IL,T20,T20 Alcoholic Beverages License,3,2012,2
Q2-2012,Illinois,IL,T21,T21 Amusements License,0,2012,2
Q2-2012,Illinois,IL,T22,T22 Corporations In General License,67,2012,2
Q2-2012,Illinois,IL,T23,T23 Hunting and Fishing License,16,2012,2
Q2-2012,Illinois,IL,T24,T24 Motor Vehicles License,518,2012,2
Q2-2012,Illinois,IL,T25,T25 Motor Vehicle Operators License,27,2012,2
Q2-2012,Illinois,IL,T27,T27 Public Utilities License,4,2012,2
Q2-2012,Illinois,IL,T28,"T28 Occupation and Business License, Not Elsewhere Classified",60,2012,2
Q2-2012,Illinois,IL,T29,T29 Other License Taxes,6,2012,2
Q2-2012,Illinois,IL,T40,T40 Individual Income Taxes,4791,2012,2
Q2-2012,Illinois,IL,T41,T41 Corporation Net Income Taxes,1366,2012,2
Q2-2012,Illinois,IL,T50,T50 Death and Gift Taxes,62,2012,2
Q2-2012,Illinois,IL,T51,T51 Documentary and Stock Transfer Taxes,15,2012,2
Q2-2012,Illinois,IL,T53,T53 Severance Taxes,0,2012,2
Q2-2012,Illinois,IL,TOTAL,Total Taxes,10459,2012,2
Q3-2012,Illinois,IL,T01,T01 Property Taxes,11,2012,3
Q3-2012,Illinois,IL,T09,T09 General Sales and Gross Receipts Taxes,1994,2012,3
Q3-2012,Illinois,IL,T10,T10 Alcoholic Beverages Sales Tax,74,2012,3
Q3-2012,Illinois,IL,T11,T11 Amusements Sales Tax,168,2012,3
Q3-2012,Illinois,IL,T12,T12 Insurance Premiums Sales Tax,66,2012,3
Q3-2012,Illinois,IL,T13,T13 Motor Fuels Sales Tax,330,2012,3
Q3-2012,Illinois,IL,T14,T14 Pari-Mutuels Sales Tax,2,2012,3
Q3-2012,Illinois,IL,T15,T15 Public Utilities Sales Tax,389,2012,3
Q3-2012,Illinois,IL,T16,T16 Tobacco Products Sales Tax,156,2012,3
Q3-2012,Illinois,IL,T19,T19 Other Selective Sales and Gross Receipts Taxes,435,2012,3
Q3-2012,Illinois,IL,T20,T20 Alcoholic Beverages License,3,2012,3
Q3-2012,Illinois,IL,T21,T21 Amusements License,5,2012,3
Q3-2012,Illinois,IL,T22,T22 Corporations In General License,74,2012,3
Q3-2012,Illinois,IL,T23,T23 Hunting and Fishing License,10,2012,3
Q3-2012,Illinois,IL,T24,T24 Motor Vehicles License,425,2012,3
Q3-2012,Illinois,IL,T25,T25 Motor Vehicle Operators License,25,2012,3
Q3-2012,Illinois,IL,T27,T27 Public Utilities License,9,2012,3
Q3-2012,Illinois,IL,T28,"T28 Occupation and Business License, Not Elsewhere Classified",83,2012,3
Q3-2012,Illinois,IL,T29,T29 Other License Taxes,5,2012,3
Q3-2012,Illinois,IL,T40,T40 Individual Income Taxes,3404,2012,3
Q3-2012,Illinois,IL,T41,T41 Corporation Net Income Taxes,778,2012,3
Q3-2012,Illinois,IL,T50,T50 Death and Gift Taxes,97,2012,3
Q3-2012,Illinois,IL,T51,T51 Documentary and Stock Transfer Taxes,13,2012,3
Q3-2012,Illinois,IL,T53,T53 Severance Taxes,0,2012,3
Q3-2012,Illinois,IL,TOTAL,Total Taxes,8555,2012,3
Q4-2012,Illinois,IL,T01,T01 Property Taxes,16,2012,4
Q4-2012,Illinois,IL,T09,T09 General Sales and Gross Receipts Taxes,2103,2012,4
Q4-2012,Illinois,IL,T10,T10 Alcoholic Beverages Sales Tax,72,2012,4
Q4-2012,Illinois,IL,T11,T11 Amusements Sales Tax,172,2012,4
Q4-2012,Illinois,IL,T12,T12 Insurance Premiums Sales Tax,93,2012,4
Q4-2012,Illinois,IL,T13,T13 Motor Fuels Sales Tax,320,2012,4
Q4-2012,Illinois,IL,T14,T14 Pari-Mutuels Sales Tax,2,2012,4
Q4-2012,Illinois,IL,T15,T15 Public Utilities Sales Tax,380,2012,4
Q4-2012,Illinois,IL,T16,T16 Tobacco Products Sales Tax,231,2012,4
Q4-2012,Illinois,IL,T19,T19 Other Selective Sales and Gross Receipts Taxes,371,2012,4
Q4-2012,Illinois,IL,T20,T20 Alcoholic Beverages License,3,2012,4
Q4-2012,Illinois,IL,T21,T21 Amusements License,1,2012,4
Q4-2012,Illinois,IL,T22,T22 Corporations In General License,87,2012,4
Q4-2012,Illinois,IL,T23,T23 Hunting and Fishing License,12,2012,4
Q4-2012,Illinois,IL,T24,T24 Motor Vehicles License,352,2012,4
Q4-2012,Illinois,IL,T25,T25 Motor Vehicle Operators License,26,2012,4
Q4-2012,Illinois,IL,T27,T27 Public Utilities License,3,2012,4
Q4-2012,Illinois,IL,T28,"T28 Occupation and Business License, Not Elsewhere Classified",65,2012,4
Q4-2012,Illinois,IL,T29,T29 Other License Taxes,5,2012,4
Q4-2012,Illinois,IL,T40,T40 Individual Income Taxes,3436,2012,4
Q4-2012,Illinois,IL,T41,T41 Corporation Net Income Taxes,891,2012,4
Q4-2012,Illinois,IL,T50,T50 Death and Gift Taxes,68,2012,4
Q4-2012,Illinois,IL,T51,T51 Documentary and Stock Transfer Taxes,10,2012,4
Q4-2012,Illinois,IL,T53,T53 Severance Taxes,0,2012,4
Q4-2012,Illinois,IL,TOTAL,Total Taxes,8719,2012,4
Q1-2013,Illinois,IL,T01,T01 Property Taxes,17,2013,1
Q1-2013,Illinois,IL,T09,T09 General Sales and Gross Receipts Taxes,1963,2013,1
Q1-2013,Illinois,IL,T10,T10 Alcoholic Beverages Sales Tax,66,2013,1
Q1-2013,Illinois,IL,T11,T11 Amusements Sales Tax,108,2013,1
Q1-2013,Illinois,IL,T12,T12 Insurance Premiums Sales Tax,76,2013,1
Q1-2013,Illinois,IL,T13,T13 Motor Fuels Sales Tax,289,2013,1
Q1-2013,Illinois,IL,T14,T14 Pari-Mutuels Sales Tax,1,2013,1
Q1-2013,Illinois,IL,T15,T15 Public Utilities Sales Tax,426,2013,1
Q1-2013,Illinois,IL,T16,T16 Tobacco Products Sales Tax,217,2013,1
Q1-2013,Illinois,IL,T19,T19 Other Selective Sales and Gross Receipts Taxes,548,2013,1
Q1-2013,Illinois,IL,T20,T20 Alcoholic Beverages License,3,2013,1
Q1-2013,Illinois,IL,T21,T21 Amusements License,11,2013,1
Q1-2013,Illinois,IL,T22,T22 Corporations In General License,112,2013,1
Q1-2013,Illinois,IL,T23,T23 Hunting and Fishing License,2,2013,1
Q1-2013,Illinois,IL,T24,T24 Motor Vehicles License,326,2013,1
Q1-2013,Illinois,IL,T25,T25 Motor Vehicle Operators License,24,2013,1
Q1-2013,Illinois,IL,T27,T27 Public Utilities License,3,2013,1
Q1-2013,Illinois,IL,T28,"T28 Occupation and Business License, Not Elsewhere Classified",182,2013,1
Q1-2013,Illinois,IL,T29,T29 Other License Taxes,9,2013,1
Q1-2013,Illinois,IL,T40,T40 Individual Income Taxes,4345,2013,1
Q1-2013,Illinois,IL,T41,T41 Corporation Net Income Taxes,1028,2013,1
Q1-2013,Illinois,IL,T50,T50 Death and Gift Taxes,62,2013,1
Q1-2013,Illinois,IL,T51,T51 Documentary and Stock Transfer Taxes,14,2013,1
Q1-2013,Illinois,IL,T53,T53 Severance Taxes,0,2013,1
Q1-2013,Illinois,IL,TOTAL,Total Taxes,9833,2013,1
Q2-2013,Illinois,IL,T01,T01 Property Taxes,17,2013,2
Q2-2013,Illinois,IL,T09,T09 General Sales and Gross Receipts Taxes,2099,2013,2
Q2-2013,Illinois,IL,T10,T10 Alcoholic Beverages Sales Tax,68,2013,2
Q2-2013,Illinois,IL,T11,T11 Amusements Sales Tax,150,2013,2
Q2-2013,Illinois,IL,T12,T12 Insurance Premiums Sales Tax,125,2013,2
Q2-2013,Illinois,IL,T13,T13 Motor Fuels Sales Tax,321,2013,2
Q2-2013,Illinois,IL,T14,T14 Pari-Mutuels Sales Tax,1,2013,2
Q2-2013,Illinois,IL,T15,T15 Public Utilities Sales Tax,444,2013,2
Q2-2013,Illinois,IL,T16,T16 Tobacco Products Sales Tax,253,2013,2
Q2-2013,Illinois,IL,T19,T19 Other Selective Sales and Gross Receipts Taxes,207,2013,2
Q2-2013,Illinois,IL,T20,T20 Alcoholic Beverages License,4,2013,2
Q2-2013,Illinois,IL,T21,T21 Amusements License,1,2013,2
Q2-2013,Illinois,IL,T22,T22 Corporations In General License,74,2013,2
Q2-2013,Illinois,IL,T23,T23 Hunting and Fishing License,15,2013,2
Q2-2013,Illinois,IL,T24,T24 Motor Vehicles License,482,2013,2
Q2-2013,Illinois,IL,T25,T25 Motor Vehicle Operators License,28,2013,2
Q2-2013,Illinois,IL,T27,T27 Public Utilities License,3,2013,2
Q2-2013,Illinois,IL,T28,"T28 Occupation and Business License, Not Elsewhere Classified",101,2013,2
Q2-2013,Illinois,IL,T29,T29 Other License Taxes,13,2013,2
Q2-2013,Illinois,IL,T40,T40 Individual Income Taxes,5354,2013,2
Q2-2013,Illinois,IL,T41,T41 Corporation Net Income Taxes,1765,2013,2
Q2-2013,Illinois,IL,T50,T50 Death and Gift Taxes,82,2013,2
Q2-2013,Illinois,IL,T51,T51 Documentary and Stock Transfer Taxes,16,2013,2
Q2-2013,Illinois,IL,T53,T53 Severance Taxes,0,2013,2
Q2-2013,Illinois,IL,TOTAL,Total Taxes,11623,2013,2
Q3-2013,Illinois,IL,T01,T01 Property Taxes,10,2013,3
Q3-2013,Illinois,IL,T09,T09 General Sales and Gross Receipts Taxes,2167,2013,3
Q3-2013,Illinois,IL,T10,T10 Alcoholic Beverages Sales Tax,74,2013,3
Q3-2013,Illinois,IL,T11,T11 Amusements Sales Tax,181,2013,3
Q3-2013,Illinois,IL,T12,T12 Insurance Premiums Sales Tax,86,2013,3
Q3-2013,Illinois,IL,T13,T13 Motor Fuels Sales Tax,330,2013,3
Q3-2013,Illinois,IL,T14,T14 Pari-Mutuels Sales Tax,2,2013,3
Q3-2013,Illinois,IL,T15,T15 Public Utilities Sales Tax,392,2013,3
Q3-2013,Illinois,IL,T16,T16 Tobacco Products Sales Tax,225,2013,3
Q3-2013,Illinois,IL,T19,T19 Other Selective Sales and Gross Receipts Taxes,400,2013,3
Q3-2013,Illinois,IL,T20,T20 Alcoholic Beverages License,3,2013,3
Q3-2013,Illinois,IL,T21,T21 Amusements License,1,2013,3
Q3-2013,Illinois,IL,T22,T22 Corporations In General License,75,2013,3
Q3-2013,Illinois,IL,T23,T23 Hunting and Fishing License,11,2013,3
Q3-2013,Illinois,IL,T24,T24 Motor Vehicles License,454,2013,3
Q3-2013,Illinois,IL,T25,T25 Motor Vehicle Operators License,28,2013,3
Q3-2013,Illinois,IL,T27,T27 Public Utilities License,7,2013,3
Q3-2013,Illinois,IL,T28,"T28 Occupation and Business License, Not Elsewhere Classified",97,2013,3
Q3-2013,Illinois,IL,T29,T29 Other License Taxes,7,2013,3
Q3-2013,Illinois,IL,T40,T40 Individual Income Taxes,3609,2013,3
Q3-2013,Illinois,IL,T41,T41 Corporation Net Income Taxes,878,2013,3
Q3-2013,Illinois,IL,T50,T50 Death and Gift Taxes,49,2013,3
Q3-2013,Illinois,IL,T51,T51 Documentary and Stock Transfer Taxes,13,2013,3
Q3-2013,Illinois,IL,T53,T53 Severance Taxes,0,2013,3
Q3-2013,Illinois,IL,TOTAL,Total Taxes,9098,2013,3
Q4-2013,Illinois,IL,T01,T01 Property Taxes,17,2013,4
Q4-2013,Illinois,IL,T09,T09 General Sales and Gross Receipts Taxes,2165,2013,4
Q4-2013,Illinois,IL,T10,T10 Alcoholic Beverages Sales Tax,71,2013,4
Q4-2013,Illinois,IL,T11,T11 Amusements Sales Tax,187,2013,4
Q4-2013,Illinois,IL,T12,T12 Insurance Premiums Sales Tax,69,2013,4
Q4-2013,Illinois,IL,T13,T13 Motor Fuels Sales Tax,329,2013,4
Q4-2013,Illinois,IL,T14,T14 Pari-Mutuels Sales Tax,2,2013,4
Q4-2013,Illinois,IL,T15,T15 Public Utilities Sales Tax,406,2013,4
Q4-2013,Illinois,IL,T16,T16 Tobacco Products Sales Tax,227,2013,4
Q4-2013,Illinois,IL,T19,T19 Other Selective Sales and Gross Receipts Taxes,844,2013,4
Q4-2013,Illinois,IL,T20,T20 Alcoholic Beverages License,3,2013,4
Q4-2013,Illinois,IL,T21,T21 Amusements License,1,2013,4
Q4-2013,Illinois,IL,T22,T22 Corporations In General License,83,2013,4
Q4-2013,Illinois,IL,T23,T23 Hunting and Fishing License,14,2013,4
Q4-2013,Illinois,IL,T24,T24 Motor Vehicles License,295,2013,4
Q4-2013,Illinois,IL,T25,T25 Motor Vehicle Operators License,28,2013,4
Q4-2013,Illinois,IL,T27,T27 Public Utilities License,5,2013,4
Q4-2013,Illinois,IL,T28,"T28 Occupation and Business License, Not Elsewhere Classified",70,2013,4
Q4-2013,Illinois,IL,T29,T29 Other License Taxes,8,2013,4
Q4-2013,Illinois,IL,T40,T40 Individual Income Taxes,3566,2013,4
Q4-2013,Illinois,IL,T41,T41 Corporation Net Income Taxes,948,2013,4
Q4-2013,Illinois,IL,T50,T50 Death and Gift Taxes,89,2013,4
Q4-2013,Illinois,IL,T51,T51 Documentary and Stock Transfer Taxes,16,2013,4
Q4-2013,Illinois,IL,T53,T53 Severance Taxes,0,2013,4
Q4-2013,Illinois,IL,TOTAL,Total Taxes,9440,2013,4
Q1-2014,Illinois,IL,T01,T01 Property Taxes,11,2014,1
Q1-2014,Illinois,IL,T09,T09 General Sales and Gross Receipts Taxes,1970,2014,1
Q1-2014,Illinois,IL,T10,T10 Alcoholic Beverages Sales Tax,67,2014,1
Q1-2014,Illinois,IL,T11,T11 Amusements Sales Tax,126,2014,1
Q1-2014,Illinois,IL,T12,T12 Insurance Premiums Sales Tax,75,2014,1
Q1-2014,Illinois,IL,T13,T13 Motor Fuels Sales Tax,296,2014,1
Q1-2014,Illinois,IL,T14,T14 Pari-Mutuels Sales Tax,1,2014,1
Q1-2014,Illinois,IL,T15,T15 Public Utilities Sales Tax,471,2014,1
Q1-2014,Illinois,IL,T16,T16 Tobacco Products Sales Tax,188,2014,1
Q1-2014,Illinois,IL,T19,T19 Other Selective Sales and Gross Receipts Taxes,436,2014,1
Q1-2014,Illinois,IL,T20,T20 Alcoholic Beverages License,3,2014,1
Q1-2014,Illinois,IL,T21,T21 Amusements License,12,2014,1
Q1-2014,Illinois,IL,T22,T22 Corporations In General License,116,2014,1
Q1-2014,Illinois,IL,T23,T23 Hunting and Fishing License,2,2014,1
Q1-2014,Illinois,IL,T24,T24 Motor Vehicles License,335,2014,1
Q1-2014,Illinois,IL,T25,T25 Motor Vehicle Operators License,29,2014,1
Q1-2014,Illinois,IL,T27,T27 Public Utilities License,2,2014,1
Q1-2014,Illinois,IL,T28,"T28 Occupation and Business License, Not Elsewhere Classified",208,2014,1
Q1-2014,Illinois,IL,T29,T29 Other License Taxes,14,2014,1
Q1-2014,Illinois,IL,T40,T40 Individual Income Taxes,4506,2014,1
Q1-2014,Illinois,IL,T41,T41 Corporation Net Income Taxes,1105,2014,1
Q1-2014,Illinois,IL,T50,T50 Death and Gift Taxes,59,2014,1
Q1-2014,Illinois,IL,T51,T51 Documentary and Stock Transfer Taxes,13,2014,1
Q1-2014,Illinois,IL,T53,T53 Severance Taxes,0,2014,1
Q1-2014,Illinois,IL,TOTAL,Total Taxes,10046,2014,1
Q2-2014,Illinois,IL,T01,T01 Property Taxes,16,2014,2
Q2-2014,Illinois,IL,T09,T09 General Sales and Gross Receipts Taxes,2214,2014,2
Q2-2014,Illinois,IL,T10,T10 Alcoholic Beverages Sales Tax,68,2014,2
Q2-2014,Illinois,IL,T11,T11 Amusements Sales Tax,169,2014,2
Q2-2014,Illinois,IL,T12,T12 Insurance Premiums Sales Tax,130,2014,2
Q2-2014,Illinois,IL,T13,T13 Motor Fuels Sales Tax,338,2014,2
Q2-2014,Illinois,IL,T14,T14 Pari-Mutuels Sales Tax,2,2014,2
Q2-2014,Illinois,IL,T15,T15 Public Utilities Sales Tax,382,2014,2
Q2-2014,Illinois,IL,T16,T16 Tobacco Products Sales Tax,220,2014,2
Q2-2014,Illinois,IL,T19,T19 Other Selective Sales and Gross Receipts Taxes,451,2014,2
Q2-2014,Illinois,IL,T20,T20 Alcoholic Beverages License,4,2014,2
Q2-2014,Illinois,IL,T21,T21 Amusements License,1,2014,2
Q2-2014,Illinois,IL,T22,T22 Corporations In General License,72,2014,2
Q2-2014,Illinois,IL,T23,T23 Hunting and Fishing License,16,2014,2
Q2-2014,Illinois,IL,T24,T24 Motor Vehicles License,540,2014,2
Q2-2014,Illinois,IL,T25,T25 Motor Vehicle Operators License,32,2014,2
Q2-2014,Illinois,IL,T27,T27 Public Utilities License,2,2014,2
Q2-2014,Illinois,IL,T28,"T28 Occupation and Business License, Not Elsewhere Classified",94,2014,2
Q2-2014,Illinois,IL,T29,T29 Other License Taxes,6,2014,2
Q2-2014,Illinois,IL,T40,T40 Individual Income Taxes,4962,2014,2
Q2-2014,Illinois,IL,T41,T41 Corporation Net Income Taxes,1509,2014,2
Q2-2014,Illinois,IL,T50,T50 Death and Gift Taxes,98,2014,2
Q2-2014,Illinois,IL,T51,T51 Documentary and Stock Transfer Taxes,14,2014,2
Q2-2014,Illinois,IL,T53,T53 Severance Taxes,0,2014,2
Q2-2014,Illinois,IL,TOTAL,Total Taxes,11338,2014,2
Q3-2014,Illinois,IL,T01,T01 Property Taxes,17,2014,3
Q3-2014,Illinois,IL,T09,T09 General Sales and Gross Receipts Taxes,2260,2014,3
Q3-2014,Illinois,IL,T10,T10 Alcoholic Beverages Sales Tax,74,2014,3
Q3-2014,Illinois,IL,T11,T11 Amusements Sales Tax,204,2014,3
Q3-2014,Illinois,IL,T12,T12 Insurance Premiums Sales Tax,92,2014,3
Q3-2014,Illinois,IL,T13,T13 Motor Fuels Sales Tax,307,2014,3
Q3-2014,Illinois,IL,T14,T14 Pari-Mutuels Sales Tax,2,2014,3
Q3-2014,Illinois,IL,T15,T15 Public Utilities Sales Tax,413,2014,3
Q3-2014,Illinois,IL,T16,T16 Tobacco Products Sales Tax,237,2014,3
Q3-2014,Illinois,IL,T19,T19 Other Selective Sales and Gross Receipts Taxes,488,2014,3
Q3-2014,Illinois,IL,T20,T20 Alcoholic Beverages License,3,2014,3
Q3-2014,Illinois,IL,T21,T21 Amusements License,1,2014,3
Q3-2014,Illinois,IL,T22,T22 Corporations In General License,80,2014,3
Q3-2014,Illinois,IL,T23,T23 Hunting and Fishing License,9,2014,3
Q3-2014,Illinois,IL,T24,T24 Motor Vehicles License,467,2014,3
Q3-2014,Illinois,IL,T25,T25 Motor Vehicle Operators License,31,2014,3
Q3-2014,Illinois,IL,T27,T27 Public Utilities License,9,2014,3
Q3-2014,Illinois,IL,T28,"T28 Occupation and Business License, Not Elsewhere Classified",112,2014,3
Q3-2014,Illinois,IL,T29,T29 Other License Taxes,7,2014,3
Q3-2014,Illinois,IL,T40,T40 Individual Income Taxes,3680,2014,3
Q3-2014,Illinois,IL,T41,T41 Corporation Net Income Taxes,788,2014,3
Q3-2014,Illinois,IL,T50,T50 Death and Gift Taxes,89,2014,3
Q3-2014,Illinois,IL,T51,T51 Documentary and Stock Transfer Taxes,20,2014,3
Q3-2014,Illinois,IL,T53,T53 Severance Taxes,0,2014,3
Q3-2014,Illinois,IL,TOTAL,Total Taxes,9391,2014,3
Q4-2014,Illinois,IL,T01,T01 Property Taxes,17,2014,4
Q4-2014,Illinois,IL,T09,T09 General Sales and Gross Receipts Taxes,2342,2014,4
Q4-2014,Illinois,IL,T10,T10 Alcoholic Beverages Sales Tax,70,2014,4
Q4-2014,Illinois,IL,T11,T11 Amusements Sales Tax,205,2014,4
Q4-2014,Illinois,IL,T12,T12 Insurance Premiums Sales Tax,68,2014,4
Q4-2014,Illinois,IL,T13,T13 Motor Fuels Sales Tax,347,2014,4
Q4-2014,Illinois,IL,T14,T14 Pari-Mutuels Sales Tax,2,2014,4
Q4-2014,Illinois,IL,T15,T15 Public Utilities Sales Tax,395,2014,4
Q4-2014,Illinois,IL,T16,T16 Tobacco Products Sales Tax,217,2014,4
Q4-2014,Illinois,IL,T19,T19 Other Selective Sales and Gross Receipts Taxes,503,2014,4
Q4-2014,Illinois,IL,T20,T20 Alcoholic Beverages License,3,2014,4
Q4-2014,Illinois,IL,T21,T21 Amusements License,2,2014,4
Q4-2014,Illinois,IL,T22,T22 Corporations In General License,76,2014,4
Q4-2014,Illinois,IL,T23,T23 Hunting and Fishing License,14,2014,4
Q4-2014,Illinois,IL,T24,T24 Motor Vehicles License,339,2014,4
Q4-2014,Illinois,IL,T25,T25 Motor Vehicle Operators License,28,2014,4
Q4-2014,Illinois,IL,T27,T27 Public Utilities License,3,2014,4
Q4-2014,Illinois,IL,T28,"T28 Occupation and Business License, Not Elsewhere Classified",75,2014,4
Q4-2014,Illinois,IL,T29,T29 Other License Taxes,9,2014,4
Q4-2014,Illinois,IL,T40,T40 Individual Income Taxes,3723,2014,4
Q4-2014,Illinois,IL,T41,T41 Corporation Net Income Taxes,785,2014,4
Q4-2014,Illinois,IL,T50,T50 Death and Gift Taxes,77,2014,4
Q4-2014,Illinois,IL,T51,T51 Documentary and Stock Transfer Taxes,17,2014,4
Q4-2014,Illinois,IL,T53,T53 Severance Taxes,0,2014,4
Q4-2014,Illinois,IL,TOTAL,Total Taxes,9317,2014,4
Q1-2015,Illinois,IL,T01,T01 Property Taxes,11,2015,1
Q1-2015,Illinois,IL,T09,T09 General Sales and Gross Receipts Taxes,2069,2015,1
Q1-2015,Illinois,IL,T10,T10 Alcoholic Beverages Sales Tax,68,2015,1
Q1-2015,Illinois,IL,T11,T11 Amusements Sales Tax,159,2015,1
Q1-2015,Illinois,IL,T12,T12 Insurance Premiums Sales Tax,82,2015,1
Q1-2015,Illinois,IL,T13,T13 Motor Fuels Sales Tax,318,2015,1
Q1-2015,Illinois,IL,T14,T14 Pari-Mutuels Sales Tax,1,2015,1
Q1-2015,Illinois,IL,T15,T15 Public Utilities Sales Tax,457,2015,1
Q1-2015,Illinois,IL,T16,T16 Tobacco Products Sales Tax,183,2015,1
Q1-2015,Illinois,IL,T19,T19 Other Selective Sales and Gross Receipts Taxes,426,2015,1
Q1-2015,Illinois,IL,T20,T20 Alcoholic Beverages License,3,2015,1
Q1-2015,Illinois,IL,T21,T21 Amusements License,11,2015,1
Q1-2015,Illinois,IL,T22,T22 Corporations In General License,121,2015,1
Q1-2015,Illinois,IL,T23,T23 Hunting and Fishing License,2,2015,1
Q1-2015,Illinois,IL,T24,T24 Motor Vehicles License,336,2015,1
Q1-2015,Illinois,IL,T25,T25 Motor Vehicle Operators License,29,2015,1
Q1-2015,Illinois,IL,T27,T27 Public Utilities License,4,2015,1
Q1-2015,Illinois,IL,T28,"T28 Occupation and Business License, Not Elsewhere Classified",189,2015,1
Q1-2015,Illinois,IL,T29,T29 Other License Taxes,14,2015,1
Q1-2015,Illinois,IL,T40,T40 Individual Income Taxes,3982,2015,1
Q1-2015,Illinois,IL,T41,T41 Corporation Net Income Taxes,1056,2015,1
Q1-2015,Illinois,IL,T50,T50 Death and Gift Taxes,89,2015,1
Q1-2015,Illinois,IL,T51,T51 Documentary and Stock Transfer Taxes,12,2015,1
Q1-2015,Illinois,IL,T53,T53 Severance Taxes,0,2015,1
Q1-2015,Illinois,IL,TOTAL,Total Taxes,9622,2015,1
Q2-2015,Illinois,IL,T01,T01 Property Taxes,17,2015,2
Q2-2015,Illinois,IL,T09,T09 General Sales and Gross Receipts Taxes,2836,2015,2
Q2-2015,Illinois,IL,T10,T10 Alcoholic Beverages Sales Tax,70,2015,2
Q2-2015,Illinois,IL,T11,T11 Amusements Sales Tax,178,2015,2
Q2-2015,Illinois,IL,T12,T12 Insurance Premiums Sales Tax,138,2015,2
Q2-2015,Illinois,IL,T13,T13 Motor Fuels Sales Tax,322,2015,2
Q2-2015,Illinois,IL,T14,T14 Pari-Mutuels Sales Tax,2,2015,2
Q2-2015,Illinois,IL,T15,T15 Public Utilities Sales Tax,411,2015,2
Q2-2015,Illinois,IL,T16,T16 Tobacco Products Sales Tax,225,2015,2
Q2-2015,Illinois,IL,T19,T19 Other Selective Sales and Gross Receipts Taxes,487,2015,2
Q2-2015,Illinois,IL,T20,T20 Alcoholic Beverages License,4,2015,2
Q2-2015,Illinois,IL,T21,T21 Amusements License,1,2015,2
Q2-2015,Illinois,IL,T22,T22 Corporations In General License,82,2015,2
Q2-2015,Illinois,IL,T23,T23 Hunting and Fishing License,14,2015,2
Q2-2015,Illinois,IL,T24,T24 Motor Vehicles License,533,2015,2
Q2-2015,Illinois,IL,T25,T25 Motor Vehicle Operators License,32,2015,2
Q2-2015,Illinois,IL,T27,T27 Public Utilities License,2,2015,2
Q2-2015,Illinois,IL,T28,"T28 Occupation and Business License, Not Elsewhere Classified",79,2015,2
Q2-2015,Illinois,IL,T29,T29 Other License Taxes,7,2015,2
Q2-2015,Illinois,IL,T40,T40 Individual Income Taxes,4528,2015,2
Q2-2015,Illinois,IL,T41,T41 Corporation Net Income Taxes,1425,2015,2
Q2-2015,Illinois,IL,T50,T50 Death and Gift Taxes,99,2015,2
Q2-2015,Illinois,IL,T51,T51 Documentary and Stock Transfer Taxes,17,2015,2
Q2-2015,Illinois,IL,T53,T53 Severance Taxes,0,2015,2
Q2-2015,Illinois,IL,TOTAL,Total Taxes,11510,2015,2
Q3-2015,Illinois,IL,T01,T01 Property Taxes,17,2015,3
Q3-2015,Illinois,IL,T09,T09 General Sales and Gross Receipts Taxes,2893,2015,3
Q3-2015,Illinois,IL,T10,T10 Alcoholic Beverages Sales Tax,75,2015,3
Q3-2015,Illinois,IL,T11,T11 Amusements Sales Tax,208,2015,3
Q3-2015,Illinois,IL,T12,T12 Insurance Premiums Sales Tax,93,2015,3
Q3-2015,Illinois,IL,T13,T13 Motor Fuels Sales Tax,348,2015,3
Q3-2015,Illinois,IL,T14,T14 Pari-Mutuels Sales Tax,2,2015,3
Q3-2015,Illinois,IL,T15,T15 Public Utilities Sales Tax,379,2015,3
Q3-2015,Illinois,IL,T16,T16 Tobacco Products Sales Tax,231,2015,3
Q3-2015,Illinois,IL,T19,T19 Other Selective Sales and Gross Receipts Taxes,426,2015,3
Q3-2015,Illinois,IL,T20,T20 Alcoholic Beverages License,3,2015,3
Q3-2015,Illinois,IL,T21,T21 Amusements License,1,2015,3
Q3-2015,Illinois,IL,T22,T22 Corporations In General License,86,2015,3
Q3-2015,Illinois,IL,T23,T23 Hunting and Fishing License,10,2015,3
Q3-2015,Illinois,IL,T24,T24 Motor Vehicles License,506,2015,3
Q3-2015,Illinois,IL,T25,T25 Motor Vehicle Operators License,32,2015,3
Q3-2015,Illinois,IL,T27,T27 Public Utilities License,2,2015,3
Q3-2015,Illinois,IL,T28,"T28 Occupation and Business License, Not Elsewhere Classified",106,2015,3
Q3-2015,Illinois,IL,T29,T29 Other License Taxes,7,2015,3
Q3-2015,Illinois,IL,T40,T40 Individual Income Taxes,3059,2015,3
Q3-2015,Illinois,IL,T41,T41 Corporation Net Income Taxes,675,2015,3
Q3-2015,Illinois,IL,T50,T50 Death and Gift Taxes,81,2015,3
Q3-2015,Illinois,IL,T51,T51 Documentary and Stock Transfer Taxes,23,2015,3
Q3-2015,Illinois,IL,T53,T53 Severance Taxes,0,2015,3
Q3-2015,Illinois,IL,TOTAL,Total Taxes,9263,2015,3
Q4-2015,Illinois,IL,T01,T01 Property Taxes,17,2015,4
Q4-2015,Illinois,IL,T09,T09 General Sales and Gross Receipts Taxes,2929,2015,4
Q4-2015,Illinois,IL,T10,T10 Alcoholic Beverages Sales Tax,72,2015,4
Q4-2015,Illinois,IL,T11,T11 Amusements Sales Tax,217,2015,4
Q4-2015,Illinois,IL,T12,T12 Insurance Premiums Sales Tax,68,2015,4
Q4-2015,Illinois,IL,T13,T13 Motor Fuels Sales Tax,347,2015,4
Q4-2015,Illinois,IL,T14,T14 Pari-Mutuels Sales Tax,2,2015,4
Q4-2015,Illinois,IL,T15,T15 Public Utilities Sales Tax,378,2015,4
Q4-2015,Illinois,IL,T16,T16 Tobacco Products Sales Tax,209,2015,4
Q4-2015,Illinois,IL,T19,T19 Other Selective Sales and Gross Receipts Taxes,573,2015,4
Q4-2015,Illinois,IL,T20,T20 Alcoholic Beverages License,3,2015,4
Q4-2015,Illinois,IL,T21,T21 Amusements License,2,2015,4
Q4-2015,Illinois,IL,T22,T22 Corporations In General License,82,2015,4
Q4-2015,Illinois,IL,T23,T23 Hunting and Fishing License,14,2015,4
Q4-2015,Illinois,IL,T24,T24 Motor Vehicles License,308,2015,4
Q4-2015,Illinois,IL,T25,T25 Motor Vehicle Operators License,27,2015,4
Q4-2015,Illinois,IL,T27,T27 Public Utilities License,1,2015,4
Q4-2015,Illinois,IL,T28,"T28 Occupation and Business License, Not Elsewhere Classified",81,2015,4
Q4-2015,Illinois,IL,T29,T29 Other License Taxes,7,2015,4
Q4-2015,Illinois,IL,T40,T40 Individual Income Taxes,3048,2015,4
Q4-2015,Illinois,IL,T41,T41 Corporation Net Income Taxes,626,2015,4
Q4-2015,Illinois,IL,T50,T50 Death and Gift Taxes,123,2015,4
Q4-2015,Illinois,IL,T51,T51 Documentary and Stock Transfer Taxes,20,2015,4
Q4-2015,Illinois,IL,T53,T53 Severance Taxes,0,2015,4
Q4-2015,Illinois,IL,TOTAL,Total Taxes,9153,2015,4
Q1-2016,Illinois,IL,T01,T01 Property Taxes,10,2016,1
Q1-2016,Illinois,IL,T09,T09 General Sales and Gross Receipts Taxes,2662,2016,1
Q1-2016,Illinois,IL,T10,T10 Alcoholic Beverages Sales Tax,70,2016,1
Q1-2016,Illinois,IL,T11,T11 Amusements Sales Tax,163,2016,1
Q1-2016,Illinois,IL,T12,T12 Insurance Premiums Sales Tax,111,2016,1
Q1-2016,Illinois,IL,T13,T13 Motor Fuels Sales Tax,320,2016,1
Q1-2016,Illinois,IL,T14,T14 Pari-Mutuels Sales Tax,1,2016,1
Q1-2016,Illinois,IL,T15,T15 Public Utilities Sales Tax,428,2016,1
Q1-2016,Illinois,IL,T16,T16 Tobacco Products Sales Tax,194,2016,1
Q1-2016,Illinois,IL,T19,T19 Other Selective Sales and Gross Receipts Taxes,431,2016,1
Q1-2016,Illinois,IL,T20,T20 Alcoholic Beverages License,3,2016,1
Q1-2016,Illinois,IL,T21,T21 Amusements License,11,2016,1
Q1-2016,Illinois,IL,T22,T22 Corporations In General License,113,2016,1
Q1-2016,Illinois,IL,T23,T23 Hunting and Fishing License,3,2016,1
Q1-2016,Illinois,IL,T24,T24 Motor Vehicles License,337,2016,1
Q1-2016,Illinois,IL,T25,T25 Motor Vehicle Operators License,27,2016,1
Q1-2016,Illinois,IL,T27,T27 Public Utilities License,1,2016,1
Q1-2016,Illinois,IL,T28,"T28 Occupation and Business License, Not Elsewhere Classified",243,2016,1
Q1-2016,Illinois,IL,T29,T29 Other License Taxes,8,2016,1
Q1-2016,Illinois,IL,T40,T40 Individual Income Taxes,3746,2016,1
Q1-2016,Illinois,IL,T41,T41 Corporation Net Income Taxes,903,2016,1
Q1-2016,Illinois,IL,T50,T50 Death and Gift Taxes,67,2016,1
Q1-2016,Illinois,IL,T51,T51 Documentary and Stock Transfer Taxes,17,2016,1
Q1-2016,Illinois,IL,T53,T53 Severance Taxes,0,2016,1
Q1-2016,Illinois,IL,TOTAL,Total Taxes,9871,2016,1
Q2-2016,Illinois,IL,T01,T01 Property Taxes,17,2016,2
Q2-2016,Illinois,IL,T09,T09 General Sales and Gross Receipts Taxes,2860,2016,2
Q2-2016,Illinois,IL,T10,T10 Alcoholic Beverages Sales Tax,71,2016,2
Q2-2016,Illinois,IL,T11,T11 Amusements Sales Tax,199,2016,2
Q2-2016,Illinois,IL,T12,T12 Insurance Premiums Sales Tax,153,2016,2
Q2-2016,Illinois,IL,T13,T13 Motor Fuels Sales Tax,339,2016,2
Q2-2016,Illinois,IL,T14,T14 Pari-Mutuels Sales Tax,2,2016,2
Q2-2016,Illinois,IL,T15,T15 Public Utilities Sales Tax,401,2016,2
Q2-2016,Illinois,IL,T16,T16 Tobacco Products Sales Tax,210,2016,2
Q2-2016,Illinois,IL,T19,T19 Other Selective Sales and Gross Receipts Taxes,459,2016,2
Q2-2016,Illinois,IL,T20,T20 Alcoholic Beverages License,4,2016,2
Q2-2016,Illinois,IL,T21,T21 Amusements License,1,2016,2
Q2-2016,Illinois,IL,T22,T22 Corporations In General License,82,2016,2
Q2-2016,Illinois,IL,T23,T23 Hunting and Fishing License,13,2016,2
Q2-2016,Illinois,IL,T24,T24 Motor Vehicles License,545,2016,2
Q2-2016,Illinois,IL,T25,T25 Motor Vehicle Operators License,30,2016,2
Q2-2016,Illinois,IL,T27,T27 Public Utilities License,1,2016,2
Q2-2016,Illinois,IL,T28,"T28 Occupation and Business License, Not Elsewhere Classified",39,2016,2
Q2-2016,Illinois,IL,T29,T29 Other License Taxes,6,2016,2
Q2-2016,Illinois,IL,T40,T40 Individual Income Taxes,3953,2016,2
Q2-2016,Illinois,IL,T41,T41 Corporation Net Income Taxes,1164,2016,2
Q2-2016,Illinois,IL,T50,T50 Death and Gift Taxes,54,2016,2
Q2-2016,Illinois,IL,T51,T51 Documentary and Stock Transfer Taxes,18,2016,2
Q2-2016,Illinois,IL,T53,T53 Severance Taxes,0,2016,2
Q2-2016,Illinois,IL,TOTAL,Total Taxes,10620,2016,2
Q3-2016,Illinois,IL,T01,T01 Property Taxes,16,2016,3
Q3-2016,Illinois,IL,T09,T09 General Sales and Gross Receipts Taxes,2919,2016,3
Q3-2016,Illinois,IL,T10,T10 Alcoholic Beverages Sales Tax,75,2016,3
Q3-2016,Illinois,IL,T11,T11 Amusements Sales Tax,220,2016,3
Q3-2016,Illinois,IL,T12,T12 Insurance Premiums Sales Tax,108,2016,3
Q3-2016,Illinois,IL,T13,T13 Motor Fuels Sales Tax,348,2016,3
Q3-2016,Illinois,IL,T14,T14 Pari-Mutuels Sales Tax,2,2016,3
Q3-2016,Illinois,IL,T15,T15 Public Utilities Sales Tax,385,2016,3
Q3-2016,Illinois,IL,T16,T16 Tobacco Products Sales Tax,198,2016,3
Q3-2016,Illinois,IL,T19,T19 Other Selective Sales and Gross Receipts Taxes,505,2016,3
Q3-2016,Illinois,IL,T20,T20 Alcoholic Beverages License,3,2016,3
Q3-2016,Illinois,IL,T21,T21 Amusements License,1,2016,3
Q3-2016,Illinois,IL,T22,T22 Corporations In General License,83,2016,3
Q3-2016,Illinois,IL,T23,T23 Hunting and Fishing License,10,2016,3
Q3-2016,Illinois,IL,T24,T24 Motor Vehicles License,476,2016,3
Q3-2016,Illinois,IL,T25,T25 Motor Vehicle Operators License,30,2016,3
Q3-2016,Illinois,IL,T27,T27 Public Utilities License,8,2016,3
Q3-2016,Illinois,IL,T28,"T28 Occupation and Business License, Not Elsewhere Classified",95,2016,3
Q3-2016,Illinois,IL,T29,T29 Other License Taxes,6,2016,3
Q3-2016,Illinois,IL,T40,T40 Individual Income Taxes,2894,2016,3
Q3-2016,Illinois,IL,T41,T41 Corporation Net Income Taxes,571,2016,3
Q3-2016,Illinois,IL,T50,T50 Death and Gift Taxes,84,2016,3
Q3-2016,Illinois,IL,T51,T51 Documentary and Stock Transfer Taxes,22,2016,3
Q3-2016,Illinois,IL,T53,T53 Severance Taxes,0,2016,3
Q3-2016,Illinois,IL,TOTAL,Total Taxes,9059,2016,3
Q4-2016,Illinois,IL,T01,T01 Property Taxes,17,2016,4
Q4-2016,Illinois,IL,T09,T09 General Sales and Gross Receipts Taxes,2914,2016,4
Q4-2016,Illinois,IL,T10,T10 Alcoholic Beverages Sales Tax,76,2016,4
Q4-2016,Illinois,IL,T11,T11 Amusements Sales Tax,214,2016,4
Q4-2016,Illinois,IL,T12,T12 Insurance Premiums Sales Tax,59,2016,4
Q4-2016,Illinois,IL,T13,T13 Motor Fuels Sales Tax,342,2016,4
Q4-2016,Illinois,IL,T14,T14 Pari-Mutuels Sales Tax,2,2016,4
Q4-2016,Illinois,IL,T15,T15 Public Utilities Sales Tax,390,2016,4
Q4-2016,Illinois,IL,T16,T16 Tobacco Products Sales Tax,199,2016,4
Q4-2016,Illinois,IL,T19,T19 Other Selective Sales and Gross Receipts Taxes,577,2016,4
Q4-2016,Illinois,IL,T20,T20 Alcoholic Beverages License,4,2016,4
Q4-2016,Illinois,IL,T21,T21 Amusements License,1,2016,4
Q4-2016,Illinois,IL,T22,T22 Corporations In General License,80,2016,4
Q4-2016,Illinois,IL,T23,T23 Hunting and Fishing License,15,2016,4
Q4-2016,Illinois,IL,T24,T24 Motor Vehicles License,356,2016,4
Q4-2016,Illinois,IL,T25,T25 Motor Vehicle Operators License,26,2016,4
Q4-2016,Illinois,IL,T27,T27 Public Utilities License,2,2016,4
Q4-2016,Illinois,IL,T28,"T28 Occupation and Business License, Not Elsewhere Classified",75,2016,4
Q4-2016,Illinois,IL,T29,T29 Other License Taxes,8,2016,4
Q4-2016,Illinois,IL,T40,T40 Individual Income Taxes,2948,2016,4
Q4-2016,Illinois,IL,T41,T41 Corporation Net Income Taxes,452,2016,4
Q4-2016,Illinois,IL,T50,T50 Death and Gift Taxes,66,2016,4
Q4-2016,Illinois,IL,T51,T51 Documentary and Stock Transfer Taxes,22,2016,4
Q4-2016,Illinois,IL,T53,T53 Severance Taxes,0,2016,4
Q4-2016,Illinois,IL,TOTAL,Total Taxes,8845,2016,4
Q1-2017,Illinois,IL,T01,T01 Property Taxes,14,2017,1
Q1-2017,Illinois,IL,T09,T09 General Sales and Gross Receipts Taxes,2682,2017,1
Q1-2017,Illinois,IL,T10,T10 Alcoholic Beverages Sales Tax,70,2017,1
Q1-2017,Illinois,IL,T11,T11 Amusements Sales Tax,185,2017,1
Q1-2017,Illinois,IL,T12,T12 Insurance Premiums Sales Tax,112,2017,1
Q1-2017,Illinois,IL,T13,T13 Motor Fuels Sales Tax,320,2017,1
Q1-2017,Illinois,IL,T14,T14 Pari-Mutuels Sales Tax,1,2017,1
Q1-2017,Illinois,IL,T15,T15 Public Utilities Sales Tax,401,2017,1
Q1-2017,Illinois,IL,T16,T16 Tobacco Products Sales Tax,180,2017,1
Q1-2017,Illinois,IL,T19,T19 Other Selective Sales and Gross Receipts Taxes,470,2017,1
Q1-2017,Illinois,IL,T20,T20 Alcoholic Beverages License,4,2017,1
Q1-2017,Illinois,IL,T21,T21 Amusements License,11,2017,1
Q1-2017,Illinois,IL,T22,T22 Corporations In General License,119,2017,1
Q1-2017,Illinois,IL,T23,T23 Hunting and Fishing License,3,2017,1
Q1-2017,Illinois,IL,T24,T24 Motor Vehicles License,334,2017,1
Q1-2017,Illinois,IL,T25,T25 Motor Vehicle Operators License,27,2017,1
Q1-2017,Illinois,IL,T27,T27 Public Utilities License,5,2017,1
Q1-2017,Illinois,IL,T28,"T28 Occupation and Business License, Not Elsewhere Classified",215,2017,1
Q1-2017,Illinois,IL,T29,T29 Other License Taxes,10,2017,1
Q1-2017,Illinois,IL,T40,T40 Individual Income Taxes,3225,2017,1
Q1-2017,Illinois,IL,T41,T41 Corporation Net Income Taxes,495,2017,1
Q1-2017,Illinois,IL,T50,T50 Death and Gift Taxes,70,2017,1
Q1-2017,Illinois,IL,T51,T51 Documentary and Stock Transfer Taxes,17,2017,1
Q1-2017,Illinois,IL,T53,T53 Severance Taxes,0,2017,1
Q1-2017,Illinois,IL,TOTAL,Total Taxes,8968,2017,1
Q2-2017,Illinois,IL,T01,T01 Property Taxes,17,2017,2
Q2-2017,Illinois,IL,T09,T09 General Sales and Gross Receipts Taxes,2848,2017,2
Q2-2017,Illinois,IL,T10,T10 Alcoholic Beverages Sales Tax,73,2017,2
Q2-2017,Illinois,IL,T11,T11 Amusements Sales Tax,216,2017,2
Q2-2017,Illinois,IL,T12,T12 Insurance Premiums Sales Tax,140,2017,2
Q2-2017,Illinois,IL,T13,T13 Motor Fuels Sales Tax,339,2017,2
Q2-2017,Illinois,IL,T14,T14 Pari-Mutuels Sales Tax,2,2017,2
Q2-2017,Illinois,IL,T15,T15 Public Utilities Sales Tax,352,2017,2
Q2-2017,Illinois,IL,T16,T16 Tobacco Products Sales Tax,204,2017,2
Q2-2017,Illinois,IL,T19,T19 Other Selective Sales and Gross Receipts Taxes,503,2017,2
Q2-2017,Illinois,IL,T20,T20 Alcoholic Beverages License,5,2017,2
Q2-2017,Illinois,IL,T21,T21 Amusements License,1,2017,2
Q2-2017,Illinois,IL,T22,T22 Corporations In General License,81,2017,2
Q2-2017,Illinois,IL,T23,T23 Hunting and Fishing License,14,2017,2
Q2-2017,Illinois,IL,T24,T24 Motor Vehicles License,561,2017,2
Q2-2017,Illinois,IL,T25,T25 Motor Vehicle Operators License,31,2017,2
Q2-2017,Illinois,IL,T27,T27 Public Utilities License,3,2017,2
Q2-2017,Illinois,IL,T28,"T28 Occupation and Business License, Not Elsewhere Classified",80,2017,2
Q2-2017,Illinois,IL,T29,T29 Other License Taxes,6,2017,2
Q2-2017,Illinois,IL,T40,T40 Individual Income Taxes,3366,2017,2
Q2-2017,Illinois,IL,T41,T41 Corporation Net Income Taxes,872,2017,2
Q2-2017,Illinois,IL,T50,T50 Death and Gift Taxes,62,2017,2
Q2-2017,Illinois,IL,T51,T51 Documentary and Stock Transfer Taxes,15,2017,2
Q2-2017,Illinois,IL,T53,T53 Severance Taxes,0,2017,2
Q2-2017,Illinois,IL,TOTAL,Total Taxes,9792,2017,2
Q3-2017,Illinois,IL,T01,T01 Property Taxes,16,2017,3
Q3-2017,Illinois,IL,T09,T09 General Sales and Gross Receipts Taxes,2959,2017,3
Q3-2017,Illinois,IL,T10,T10 Alcoholic Beverages Sales Tax,77,2017,3
Q3-2017,Illinois,IL,T11,T11 Amusements Sales Tax,232,2017,3
Q3-2017,Illinois,IL,T12,T12 Insurance Premiums Sales Tax,113,2017,3
Q3-2017,Illinois,IL,T13,T13 Motor Fuels Sales Tax,353,2017,3
Q3-2017,Illinois,IL,T14,T14 Pari-Mutuels Sales Tax,2,2017,3
Q3-2017,Illinois,IL,T15,T15 Public Utilities Sales Tax,344,2017,3
Q3-2017,Illinois,IL,T16,T16 Tobacco Products Sales Tax,213,2017,3
Q3-2017,Illinois,IL,T19,T19 Other Selective Sales and Gross Receipts Taxes,570,2017,3
Q3-2017,Illinois,IL,T20,T20 Alcoholic Beverages License,4,2017,3
Q3-2017,Illinois,IL,T21,T21 Amusements License,1,2017,3
Q3-2017,Illinois,IL,T22,T22 Corporations In General License,79,2017,3
Q3-2017,Illinois,IL,T23,T23 Hunting and Fishing License,9,2017,3
Q3-2017,Illinois,IL,T24,T24 Motor Vehicles License,464,2017,3
Q3-2017,Illinois,IL,T25,T25 Motor Vehicle Operators License,31,2017,3
Q3-2017,Illinois,IL,T27,T27 Public Utilities License,4,2017,3
Q3-2017,Illinois,IL,T28,"T28 Occupation and Business License, Not Elsewhere Classified",103,2017,3
Q3-2017,Illinois,IL,T29,T29 Other License Taxes,7,2017,3
Q3-2017,Illinois,IL,T40,T40 Individual Income Taxes,2991,2017,3
Q3-2017,Illinois,IL,T41,T41 Corporation Net Income Taxes,489,2017,3
Q3-2017,Illinois,IL,T50,T50 Death and Gift Taxes,78,2017,3
Q3-2017,Illinois,IL,T51,T51 Documentary and Stock Transfer Taxes,23,2017,3
Q3-2017,Illinois,IL,T53,T53 Severance Taxes,0,2017,3
Q3-2017,Illinois,IL,TOTAL,Total Taxes,9163,2017,3
Q4-2017,Illinois,IL,T01,T01 Property Taxes,16,2017,4
Q4-2017,Illinois,IL,T09,T09 General Sales and Gross Receipts Taxes,2880,2017,4
Q4-2017,Illinois,IL,T10,T10 Alcoholic Beverages Sales Tax,75,2017,4
Q4-2017,Illinois,IL,T11,T11 Amusements Sales Tax,243,2017,4
Q4-2017,Illinois,IL,T12,T12 Insurance Premiums Sales Tax,77,2017,4
Q4-2017,Illinois,IL,T13,T13 Motor Fuels Sales Tax,342,2017,4
Q4-2017,Illinois,IL,T14,T14 Pari-Mutuels Sales Tax,2,2017,4
Q4-2017,Illinois,IL,T15,T15 Public Utilities Sales Tax,330,2017,4
Q4-2017,Illinois,IL,T16,T16 Tobacco Products Sales Tax,186,2017,4
Q4-2017,Illinois,IL,T19,T19 Other Selective Sales and Gross Receipts Taxes,549,2017,4
Q4-2017,Illinois,IL,T20,T20 Alcoholic Beverages License,4,2017,4
Q4-2017,Illinois,IL,T21,T21 Amusements License,2,2017,4
Q4-2017,Illinois,IL,T22,T22 Corporations In General License,86,2017,4
Q4-2017,Illinois,IL,T23,T23 Hunting and Fishing License,15,2017,4
Q4-2017,Illinois,IL,T24,T24 Motor Vehicles License,344,2017,4
Q4-2017,Illinois,IL,T25,T25 Motor Vehicle Operators License,27,2017,4
Q4-2017,Illinois,IL,T27,T27 Public Utilities License,0,2017,4
Q4-2017,Illinois,IL,T28,"T28 Occupation and Business License, Not Elsewhere Classified",78,2017,4
Q4-2017,Illinois,IL,T29,T29 Other License Taxes,6,2017,4
Q4-2017,Illinois,IL,T40,T40 Individual Income Taxes,3255,2017,4
Q4-2017,Illinois,IL,T41,T41 Corporation Net Income Taxes,492,2017,4
Q4-2017,Illinois,IL,T50,T50 Death and Gift Taxes,114,2017,4
Q4-2017,Illinois,IL,T51,T51 Documentary and Stock Transfer Taxes,19,2017,4
Q4-2017,Illinois,IL,T53,T53 Severance Taxes,0,2017,4
Q4-2017,Illinois,IL,TOTAL,Total Taxes,9141,2017,4
Q1-2010,Kentucky,KY,T01,T01 Property Taxes,133,2010,1
Q1-2010,Kentucky,KY,T09,T09 General Sales and Gross Receipts Taxes,682,2010,1
Q1-2010,Kentucky,KY,T10,T10 Alcoholic Beverages Sales Tax,26,2010,1
Q1-2010,Kentucky,KY,T11,T11 Amusements Sales Tax,0,2010,1
Q1-2010,Kentucky,KY,T12,T12 Insurance Premiums Sales Tax,45,2010,1
Q1-2010,Kentucky,KY,T13,T13 Motor Fuels Sales Tax,159,2010,1
Q1-2010,Kentucky,KY,T14,T14 Pari-Mutuels Sales Tax,0,2010,1
Q1-2010,Kentucky,KY,T15,T15 Public Utilities Sales Tax,16,2010,1
Q1-2010,Kentucky,KY,T16,T16 Tobacco Products Sales Tax,69,2010,1
Q1-2010,Kentucky,KY,T19,T19 Other Selective Sales and Gross Receipts Taxes,164,2010,1
Q1-2010,Kentucky,KY,T20,T20 Alcoholic Beverages License,2,2010,1
Q1-2010,Kentucky,KY,T21,T21 Amusements License,0,2010,1
Q1-2010,Kentucky,KY,T22,T22 Corporations In General License,69,2010,1
Q1-2010,Kentucky,KY,T23,T23 Hunting and Fishing License,7,2010,1
Q1-2010,Kentucky,KY,T24,T24 Motor Vehicles License,53,2010,1
Q1-2010,Kentucky,KY,T25,T25 Motor Vehicle Operators License,4,2010,1
Q1-2010,Kentucky,KY,T27,T27 Public Utilities License,0,2010,1
Q1-2010,Kentucky,KY,T28,"T28 Occupation and Business License, Not Elsewhere Classified",29,2010,1
Q1-2010,Kentucky,KY,T29,T29 Other License Taxes,1,2010,1
Q1-2010,Kentucky,KY,T40,T40 Individual Income Taxes,627,2010,1
Q1-2010,Kentucky,KY,T41,T41 Corporation Net Income Taxes,52,2010,1
Q1-2010,Kentucky,KY,T50,T50 Death and Gift Taxes,7,2010,1
Q1-2010,Kentucky,KY,T51,T51 Documentary and Stock Transfer Taxes,1,2010,1
Q1-2010,Kentucky,KY,T53,T53 Severance Taxes,73,2010,1
Q1-2010,Kentucky,KY,T99,"T99 Taxes, Not Elsewhere Classified",0,2010,1
Q1-2010,Kentucky,KY,TOTAL,Total Taxes,2216,2010,1
Q2-2010,Kentucky,KY,T01,T01 Property Taxes,47,2010,2
Q2-2010,Kentucky,KY,T09,T09 General Sales and Gross Receipts Taxes,728,2010,2
Q2-2010,Kentucky,KY,T10,T10 Alcoholic Beverages Sales Tax,29,2010,2
Q2-2010,Kentucky,KY,T11,T11 Amusements Sales Tax,0,2010,2
Q2-2010,Kentucky,KY,T12,T12 Insurance Premiums Sales Tax,40,2010,2
Q2-2010,Kentucky,KY,T13,T13 Motor Fuels Sales Tax,176,2010,2
Q2-2010,Kentucky,KY,T14,T14 Pari-Mutuels Sales Tax,1,2010,2
Q2-2010,Kentucky,KY,T15,T15 Public Utilities Sales Tax,16,2010,2
Q2-2010,Kentucky,KY,T16,T16 Tobacco Products Sales Tax,79,2010,2
Q2-2010,Kentucky,KY,T19,T19 Other Selective Sales and Gross Receipts Taxes,164,2010,2
Q2-2010,Kentucky,KY,T20,T20 Alcoholic Beverages License,2,2010,2
Q2-2010,Kentucky,KY,T21,T21 Amusements License,0,2010,2
Q2-2010,Kentucky,KY,T22,T22 Corporations In General License,4,2010,2
Q2-2010,Kentucky,KY,T23,T23 Hunting and Fishing License,7,2010,2
Q2-2010,Kentucky,KY,T24,T24 Motor Vehicles License,60,2010,2
Q2-2010,Kentucky,KY,T25,T25 Motor Vehicle Operators License,4,2010,2
Q2-2010,Kentucky,KY,T27,T27 Public Utilities License,0,2010,2
Q2-2010,Kentucky,KY,T28,"T28 Occupation and Business License, Not Elsewhere Classified",29,2010,2
Q2-2010,Kentucky,KY,T29,T29 Other License Taxes,1,2010,2
Q2-2010,Kentucky,KY,T40,T40 Individual Income Taxes,925,2010,2
Q2-2010,Kentucky,KY,T41,T41 Corporation Net Income Taxes,161,2010,2
Q2-2010,Kentucky,KY,T50,T50 Death and Gift Taxes,8,2010,2
Q2-2010,Kentucky,KY,T51,T51 Documentary and Stock Transfer Taxes,1,2010,2
Q2-2010,Kentucky,KY,T53,T53 Severance Taxes,92,2010,2
Q2-2010,Kentucky,KY,T99,"T99 Taxes, Not Elsewhere Classified",0,2010,2
Q2-2010,Kentucky,KY,TOTAL,Total Taxes,2572,2010,2
Q3-2010,Kentucky,KY,T01,T01 Property Taxes,52,2010,3
Q3-2010,Kentucky,KY,T09,T09 General Sales and Gross Receipts Taxes,717,2010,3
Q3-2010,Kentucky,KY,T10,T10 Alcoholic Beverages Sales Tax,30,2010,3
Q3-2010,Kentucky,KY,T11,T11 Amusements Sales Tax,0,2010,3
Q3-2010,Kentucky,KY,T12,T12 Insurance Premiums Sales Tax,30,2010,3
Q3-2010,Kentucky,KY,T13,T13 Motor Fuels Sales Tax,193,2010,3
Q3-2010,Kentucky,KY,T14,T14 Pari-Mutuels Sales Tax,2,2010,3
Q3-2010,Kentucky,KY,T15,T15 Public Utilities Sales Tax,16,2010,3
Q3-2010,Kentucky,KY,T16,T16 Tobacco Products Sales Tax,75,2010,3
Q3-2010,Kentucky,KY,T19,T19 Other Selective Sales and Gross Receipts Taxes,164,2010,3
Q3-2010,Kentucky,KY,T20,T20 Alcoholic Beverages License,2,2010,3
Q3-2010,Kentucky,KY,T21,T21 Amusements License,0,2010,3
Q3-2010,Kentucky,KY,T22,T22 Corporations In General License,6,2010,3
Q3-2010,Kentucky,KY,T23,T23 Hunting and Fishing License,7,2010,3
Q3-2010,Kentucky,KY,T24,T24 Motor Vehicles License,46,2010,3
Q3-2010,Kentucky,KY,T25,T25 Motor Vehicle Operators License,4,2010,3
Q3-2010,Kentucky,KY,T27,T27 Public Utilities License,0,2010,3
Q3-2010,Kentucky,KY,T28,"T28 Occupation and Business License, Not Elsewhere Classified",29,2010,3
Q3-2010,Kentucky,KY,T29,T29 Other License Taxes,1,2010,3
Q3-2010,Kentucky,KY,T40,T40 Individual Income Taxes,846,2010,3
Q3-2010,Kentucky,KY,T41,T41 Corporation Net Income Taxes,114,2010,3
Q3-2010,Kentucky,KY,T50,T50 Death and Gift Taxes,11,2010,3
Q3-2010,Kentucky,KY,T51,T51 Documentary and Stock Transfer Taxes,1,2010,3
Q3-2010,Kentucky,KY,T53,T53 Severance Taxes,84,2010,3
Q3-2010,Kentucky,KY,T99,"T99 Taxes, Not Elsewhere Classified",0,2010,3
Q3-2010,Kentucky,KY,TOTAL,Total Taxes,2428,2010,3
Q4-2010,Kentucky,KY,T01,T01 Property Taxes,299,2010,4
Q4-2010,Kentucky,KY,T09,T09 General Sales and Gross Receipts Taxes,733,2010,4
Q4-2010,Kentucky,KY,T10,T10 Alcoholic Beverages Sales Tax,29,2010,4
Q4-2010,Kentucky,KY,T11,T11 Amusements Sales Tax,0,2010,4
Q4-2010,Kentucky,KY,T12,T12 Insurance Premiums Sales Tax,11,2010,4
Q4-2010,Kentucky,KY,T13,T13 Motor Fuels Sales Tax,184,2010,4
Q4-2010,Kentucky,KY,T14,T14 Pari-Mutuels Sales Tax,1,2010,4
Q4-2010,Kentucky,KY,T15,T15 Public Utilities Sales Tax,15,2010,4
Q4-2010,Kentucky,KY,T16,T16 Tobacco Products Sales Tax,72,2010,4
Q4-2010,Kentucky,KY,T19,T19 Other Selective Sales and Gross Receipts Taxes,164,2010,4
Q4-2010,Kentucky,KY,T20,T20 Alcoholic Beverages License,2,2010,4
Q4-2010,Kentucky,KY,T21,T21 Amusements License,0,2010,4
Q4-2010,Kentucky,KY,T22,T22 Corporations In General License,6,2010,4
Q4-2010,Kentucky,KY,T23,T23 Hunting and Fishing License,7,2010,4
Q4-2010,Kentucky,KY,T24,T24 Motor Vehicles License,44,2010,4
Q4-2010,Kentucky,KY,T25,T25 Motor Vehicle Operators License,4,2010,4
Q4-2010,Kentucky,KY,T27,T27 Public Utilities License,0,2010,4
Q4-2010,Kentucky,KY,T28,"T28 Occupation and Business License, Not Elsewhere Classified",29,2010,4
Q4-2010,Kentucky,KY,T29,T29 Other License Taxes,1,2010,4
Q4-2010,Kentucky,KY,T40,T40 Individual Income Taxes,829,2010,4
Q4-2010,Kentucky,KY,T41,T41 Corporation Net Income Taxes,110,2010,4
Q4-2010,Kentucky,KY,T50,T50 Death and Gift Taxes,9,2010,4
Q4-2010,Kentucky,KY,T51,T51 Documentary and Stock Transfer Taxes,1,2010,4
Q4-2010,Kentucky,KY,T53,T53 Severance Taxes,85,2010,4
Q4-2010,Kentucky,KY,T99,"T99 Taxes, Not Elsewhere Classified",0,2010,4
Q4-2010,Kentucky,KY,TOTAL,Total Taxes,2633,2010,4
Q1-2011,Kentucky,KY,T01,T01 Property Taxes,116,2011,1
Q1-2011,Kentucky,KY,T09,T09 General Sales and Gross Receipts Taxes,706,2011,1
Q1-2011,Kentucky,KY,T10,T10 Alcoholic Beverages Sales Tax,25,2011,1
Q1-2011,Kentucky,KY,T11,T11 Amusements Sales Tax,0,2011,1
Q1-2011,Kentucky,KY,T12,T12 Insurance Premiums Sales Tax,47,2011,1
Q1-2011,Kentucky,KY,T13,T13 Motor Fuels Sales Tax,171,2011,1
Q1-2011,Kentucky,KY,T14,T14 Pari-Mutuels Sales Tax,0,2011,1
Q1-2011,Kentucky,KY,T15,T15 Public Utilities Sales Tax,15,2011,1
Q1-2011,Kentucky,KY,T16,T16 Tobacco Products Sales Tax,62,2011,1
Q1-2011,Kentucky,KY,T19,T19 Other Selective Sales and Gross Receipts Taxes,164,2011,1
Q1-2011,Kentucky,KY,T20,T20 Alcoholic Beverages License,2,2011,1
Q1-2011,Kentucky,KY,T21,T21 Amusements License,0,2011,1
Q1-2011,Kentucky,KY,T22,T22 Corporations In General License,77,2011,1
Q1-2011,Kentucky,KY,T23,T23 Hunting and Fishing License,7,2011,1
Q1-2011,Kentucky,KY,T24,T24 Motor Vehicles License,53,2011,1
Q1-2011,Kentucky,KY,T25,T25 Motor Vehicle Operators License,4,2011,1
Q1-2011,Kentucky,KY,T27,T27 Public Utilities License,0,2011,1
Q1-2011,Kentucky,KY,T28,"T28 Occupation and Business License, Not Elsewhere Classified",29,2011,1
Q1-2011,Kentucky,KY,T29,T29 Other License Taxes,1,2011,1
Q1-2011,Kentucky,KY,T40,T40 Individual Income Taxes,693,2011,1
Q1-2011,Kentucky,KY,T41,T41 Corporation Net Income Taxes,68,2011,1
Q1-2011,Kentucky,KY,T50,T50 Death and Gift Taxes,8,2011,1
Q1-2011,Kentucky,KY,T51,T51 Documentary and Stock Transfer Taxes,1,2011,1
Q1-2011,Kentucky,KY,T53,T53 Severance Taxes,80,2011,1
Q1-2011,Kentucky,KY,TOTAL,Total Taxes,2329,2011,1
Q2-2011,Kentucky,KY,T01,T01 Property Taxes,48,2011,2
Q2-2011,Kentucky,KY,T09,T09 General Sales and Gross Receipts Taxes,740,2011,2
Q2-2011,Kentucky,KY,T10,T10 Alcoholic Beverages Sales Tax,29,2011,2
Q2-2011,Kentucky,KY,T11,T11 Amusements Sales Tax,0,2011,2
Q2-2011,Kentucky,KY,T12,T12 Insurance Premiums Sales Tax,41,2011,2
Q2-2011,Kentucky,KY,T13,T13 Motor Fuels Sales Tax,185,2011,2
Q2-2011,Kentucky,KY,T14,T14 Pari-Mutuels Sales Tax,2,2011,2
Q2-2011,Kentucky,KY,T15,T15 Public Utilities Sales Tax,16,2011,2
Q2-2011,Kentucky,KY,T16,T16 Tobacco Products Sales Tax,90,2011,2
Q2-2011,Kentucky,KY,T19,T19 Other Selective Sales and Gross Receipts Taxes,164,2011,2
Q2-2011,Kentucky,KY,T20,T20 Alcoholic Beverages License,2,2011,2
Q2-2011,Kentucky,KY,T21,T21 Amusements License,0,2011,2
Q2-2011,Kentucky,KY,T22,T22 Corporations In General License,10,2011,2
Q2-2011,Kentucky,KY,T23,T23 Hunting and Fishing License,7,2011,2
Q2-2011,Kentucky,KY,T24,T24 Motor Vehicles License,61,2011,2
Q2-2011,Kentucky,KY,T25,T25 Motor Vehicle Operators License,4,2011,2
Q2-2011,Kentucky,KY,T27,T27 Public Utilities License,0,2011,2
Q2-2011,Kentucky,KY,T28,"T28 Occupation and Business License, Not Elsewhere Classified",29,2011,2
Q2-2011,Kentucky,KY,T29,T29 Other License Taxes,1,2011,2
Q2-2011,Kentucky,KY,T40,T40 Individual Income Taxes,1050,2011,2
Q2-2011,Kentucky,KY,T41,T41 Corporation Net Income Taxes,225,2011,2
Q2-2011,Kentucky,KY,T50,T50 Death and Gift Taxes,12,2011,2
Q2-2011,Kentucky,KY,T51,T51 Documentary and Stock Transfer Taxes,1,2011,2
Q2-2011,Kentucky,KY,T53,T53 Severance Taxes,94,2011,2
Q2-2011,Kentucky,KY,TOTAL,Total Taxes,2810,2011,2
Q3-2011,Kentucky,KY,T01,T01 Property Taxes,38,2011,3
Q3-2011,Kentucky,KY,T09,T09 General Sales and Gross Receipts Taxes,768,2011,3
Q3-2011,Kentucky,KY,T10,T10 Alcoholic Beverages Sales Tax,31,2011,3
Q3-2011,Kentucky,KY,T11,T11 Amusements Sales Tax,0,2011,3
Q3-2011,Kentucky,KY,T12,T12 Insurance Premiums Sales Tax,28,2011,3
Q3-2011,Kentucky,KY,T13,T13 Motor Fuels Sales Tax,202,2011,3
Q3-2011,Kentucky,KY,T14,T14 Pari-Mutuels Sales Tax,1,2011,3
Q3-2011,Kentucky,KY,T15,T15 Public Utilities Sales Tax,18,2011,3
Q3-2011,Kentucky,KY,T16,T16 Tobacco Products Sales Tax,72,2011,3
Q3-2011,Kentucky,KY,T19,T19 Other Selective Sales and Gross Receipts Taxes,103,2011,3
Q3-2011,Kentucky,KY,T20,T20 Alcoholic Beverages License,2,2011,3
Q3-2011,Kentucky,KY,T21,T21 Amusements License,0,2011,3
Q3-2011,Kentucky,KY,T22,T22 Corporations In General License,0,2011,3
Q3-2011,Kentucky,KY,T23,T23 Hunting and Fishing License,7,2011,3
Q3-2011,Kentucky,KY,T24,T24 Motor Vehicles License,41,2011,3
Q3-2011,Kentucky,KY,T25,T25 Motor Vehicle Operators License,4,2011,3
Q3-2011,Kentucky,KY,T27,T27 Public Utilities License,0,2011,3
Q3-2011,Kentucky,KY,T28,"T28 Occupation and Business License, Not Elsewhere Classified",29,2011,3
Q3-2011,Kentucky,KY,T29,T29 Other License Taxes,0,2011,3
Q3-2011,Kentucky,KY,T40,T40 Individual Income Taxes,886,2011,3
Q3-2011,Kentucky,KY,T41,T41 Corporation Net Income Taxes,141,2011,3
Q3-2011,Kentucky,KY,T50,T50 Death and Gift Taxes,11,2011,3
Q3-2011,Kentucky,KY,T51,T51 Documentary and Stock Transfer Taxes,1,2011,3
Q3-2011,Kentucky,KY,T53,T53 Severance Taxes,93,2011,3
Q3-2011,Kentucky,KY,TOTAL,Total Taxes,2474,2011,3
Q4-2011,Kentucky,KY,T01,T01 Property Taxes,279,2011,4
Q4-2011,Kentucky,KY,T09,T09 General Sales and Gross Receipts Taxes,743,2011,4
Q4-2011,Kentucky,KY,T10,T10 Alcoholic Beverages Sales Tax,29,2011,4
Q4-2011,Kentucky,KY,T11,T11 Amusements Sales Tax,0,2011,4
Q4-2011,Kentucky,KY,T12,T12 Insurance Premiums Sales Tax,12,2011,4
Q4-2011,Kentucky,KY,T13,T13 Motor Fuels Sales Tax,200,2011,4
Q4-2011,Kentucky,KY,T14,T14 Pari-Mutuels Sales Tax,1,2011,4
Q4-2011,Kentucky,KY,T15,T15 Public Utilities Sales Tax,16,2011,4
Q4-2011,Kentucky,KY,T16,T16 Tobacco Products Sales Tax,66,2011,4
Q4-2011,Kentucky,KY,T19,T19 Other Selective Sales and Gross Receipts Taxes,164,2011,4
Q4-2011,Kentucky,KY,T20,T20 Alcoholic Beverages License,2,2011,4
Q4-2011,Kentucky,KY,T21,T21 Amusements License,0,2011,4
Q4-2011,Kentucky,KY,T22,T22 Corporations In General License,3,2011,4
Q4-2011,Kentucky,KY,T23,T23 Hunting and Fishing License,7,2011,4
Q4-2011,Kentucky,KY,T24,T24 Motor Vehicles License,44,2011,4
Q4-2011,Kentucky,KY,T25,T25 Motor Vehicle Operators License,4,2011,4
Q4-2011,Kentucky,KY,T27,T27 Public Utilities License,0,2011,4
Q4-2011,Kentucky,KY,T28,"T28 Occupation and Business License, Not Elsewhere Classified",29,2011,4
Q4-2011,Kentucky,KY,T29,T29 Other License Taxes,1,2011,4
Q4-2011,Kentucky,KY,T40,T40 Individual Income Taxes,843,2011,4
Q4-2011,Kentucky,KY,T41,T41 Corporation Net Income Taxes,133,2011,4
Q4-2011,Kentucky,KY,T50,T50 Death and Gift Taxes,9,2011,4
Q4-2011,Kentucky,KY,T51,T51 Documentary and Stock Transfer Taxes,1,2011,4
Q4-2011,Kentucky,KY,T53,T53 Severance Taxes,93,2011,4
Q4-2011,Kentucky,KY,TOTAL,Total Taxes,2676,2011,4
Q1-2012,Kentucky,KY,T01,T01 Property Taxes,174,2012,1
Q1-2012,Kentucky,KY,T09,T09 General Sales and Gross Receipts Taxes,757,2012,1
Q1-2012,Kentucky,KY,T10,T10 Alcoholic Beverages Sales Tax,27,2012,1
Q1-2012,Kentucky,KY,T11,T11 Amusements Sales Tax,0,2012,1
Q1-2012,Kentucky,KY,T12,T12 Insurance Premiums Sales Tax,50,2012,1
Q1-2012,Kentucky,KY,T13,T13 Motor Fuels Sales Tax,188,2012,1
Q1-2012,Kentucky,KY,T14,T14 Pari-Mutuels Sales Tax,0,2012,1
Q1-2012,Kentucky,KY,T15,T15 Public Utilities Sales Tax,15,2012,1
Q1-2012,Kentucky,KY,T16,T16 Tobacco Products Sales Tax,64,2012,1
Q1-2012,Kentucky,KY,T19,T19 Other Selective Sales and Gross Receipts Taxes,164,2012,1
Q1-2012,Kentucky,KY,T20,T20 Alcoholic Beverages License,2,2012,1
Q1-2012,Kentucky,KY,T21,T21 Amusements License,0,2012,1
Q1-2012,Kentucky,KY,T22,T22 Corporations In General License,90,2012,1
Q1-2012,Kentucky,KY,T23,T23 Hunting and Fishing License,7,2012,1
Q1-2012,Kentucky,KY,T24,T24 Motor Vehicles License,52,2012,1
Q1-2012,Kentucky,KY,T25,T25 Motor Vehicle Operators License,4,2012,1
Q1-2012,Kentucky,KY,T27,T27 Public Utilities License,0,2012,1
Q1-2012,Kentucky,KY,T28,"T28 Occupation and Business License, Not Elsewhere Classified",29,2012,1
Q1-2012,Kentucky,KY,T29,T29 Other License Taxes,1,2012,1
Q1-2012,Kentucky,KY,T40,T40 Individual Income Taxes,697,2012,1
Q1-2012,Kentucky,KY,T41,T41 Corporation Net Income Taxes,70,2012,1
Q1-2012,Kentucky,KY,T50,T50 Death and Gift Taxes,11,2012,1
Q1-2012,Kentucky,KY,T51,T51 Documentary and Stock Transfer Taxes,1,2012,1
Q1-2012,Kentucky,KY,T53,T53 Severance Taxes,84,2012,1
Q1-2012,Kentucky,KY,TOTAL,Total Taxes,2486,2012,1
Q2-2012,Kentucky,KY,T01,T01 Property Taxes,38,2012,2
Q2-2012,Kentucky,KY,T09,T09 General Sales and Gross Receipts Taxes,785,2012,2
Q2-2012,Kentucky,KY,T10,T10 Alcoholic Beverages Sales Tax,31,2012,2
Q2-2012,Kentucky,KY,T11,T11 Amusements Sales Tax,0,2012,2
Q2-2012,Kentucky,KY,T12,T12 Insurance Premiums Sales Tax,42,2012,2
Q2-2012,Kentucky,KY,T13,T13 Motor Fuels Sales Tax,200,2012,2
Q2-2012,Kentucky,KY,T14,T14 Pari-Mutuels Sales Tax,2,2012,2
Q2-2012,Kentucky,KY,T15,T15 Public Utilities Sales Tax,16,2012,2
Q2-2012,Kentucky,KY,T16,T16 Tobacco Products Sales Tax,75,2012,2
Q2-2012,Kentucky,KY,T19,T19 Other Selective Sales and Gross Receipts Taxes,164,2012,2
Q2-2012,Kentucky,KY,T20,T20 Alcoholic Beverages License,2,2012,2
Q2-2012,Kentucky,KY,T21,T21 Amusements License,0,2012,2
Q2-2012,Kentucky,KY,T22,T22 Corporations In General License,7,2012,2
Q2-2012,Kentucky,KY,T23,T23 Hunting and Fishing License,7,2012,2
Q2-2012,Kentucky,KY,T24,T24 Motor Vehicles License,52,2012,2
Q2-2012,Kentucky,KY,T25,T25 Motor Vehicle Operators License,4,2012,2
Q2-2012,Kentucky,KY,T27,T27 Public Utilities License,0,2012,2
Q2-2012,Kentucky,KY,T28,"T28 Occupation and Business License, Not Elsewhere Classified",29,2012,2
Q2-2012,Kentucky,KY,T29,T29 Other License Taxes,1,2012,2
Q2-2012,Kentucky,KY,T40,T40 Individual Income Taxes,1086,2012,2
Q2-2012,Kentucky,KY,T41,T41 Corporation Net Income Taxes,232,2012,2
Q2-2012,Kentucky,KY,T50,T50 Death and Gift Taxes,11,2012,2
Q2-2012,Kentucky,KY,T51,T51 Documentary and Stock Transfer Taxes,1,2012,2
Q2-2012,Kentucky,KY,T53,T53 Severance Taxes,76,2012,2
Q2-2012,Kentucky,KY,TOTAL,Total Taxes,2860,2012,2
Q3-2012,Kentucky,KY,T01,T01 Property Taxes,66,2012,3
Q3-2012,Kentucky,KY,T09,T09 General Sales and Gross Receipts Taxes,761,2012,3
Q3-2012,Kentucky,KY,T10,T10 Alcoholic Beverages Sales Tax,30,2012,3
Q3-2012,Kentucky,KY,T11,T11 Amusements Sales Tax,0,2012,3
Q3-2012,Kentucky,KY,T12,T12 Insurance Premiums Sales Tax,31,2012,3
Q3-2012,Kentucky,KY,T13,T13 Motor Fuels Sales Tax,207,2012,3
Q3-2012,Kentucky,KY,T14,T14 Pari-Mutuels Sales Tax,1,2012,3
Q3-2012,Kentucky,KY,T15,T15 Public Utilities Sales Tax,17,2012,3
Q3-2012,Kentucky,KY,T16,T16 Tobacco Products Sales Tax,66,2012,3
Q3-2012,Kentucky,KY,T19,T19 Other Selective Sales and Gross Receipts Taxes,164,2012,3
Q3-2012,Kentucky,KY,T20,T20 Alcoholic Beverages License,2,2012,3
Q3-2012,Kentucky,KY,T21,T21 Amusements License,0,2012,3
Q3-2012,Kentucky,KY,T22,T22 Corporations In General License,-2,2012,3
Q3-2012,Kentucky,KY,T23,T23 Hunting and Fishing License,7,2012,3
Q3-2012,Kentucky,KY,T24,T24 Motor Vehicles License,39,2012,3
Q3-2012,Kentucky,KY,T25,T25 Motor Vehicle Operators License,4,2012,3
Q3-2012,Kentucky,KY,T27,T27 Public Utilities License,0,2012,3
Q3-2012,Kentucky,KY,T28,"T28 Occupation and Business License, Not Elsewhere Classified",31,2012,3
Q3-2012,Kentucky,KY,T29,T29 Other License Taxes,1,2012,3
Q3-2012,Kentucky,KY,T40,T40 Individual Income Taxes,902,2012,3
Q3-2012,Kentucky,KY,T41,T41 Corporation Net Income Taxes,160,2012,3
Q3-2012,Kentucky,KY,T50,T50 Death and Gift Taxes,9,2012,3
Q3-2012,Kentucky,KY,T51,T51 Documentary and Stock Transfer Taxes,1,2012,3
Q3-2012,Kentucky,KY,T53,T53 Severance Taxes,74,2012,3
Q3-2012,Kentucky,KY,TOTAL,Total Taxes,2572,2012,3
Q4-2012,Kentucky,KY,T01,T01 Property Taxes,331,2012,4
Q4-2012,Kentucky,KY,T09,T09 General Sales and Gross Receipts Taxes,751,2012,4
Q4-2012,Kentucky,KY,T10,T10 Alcoholic Beverages Sales Tax,31,2012,4
Q4-2012,Kentucky,KY,T11,T11 Amusements Sales Tax,0,2012,4
Q4-2012,Kentucky,KY,T12,T12 Insurance Premiums Sales Tax,11,2012,4
Q4-2012,Kentucky,KY,T13,T13 Motor Fuels Sales Tax,216,2012,4
Q4-2012,Kentucky,KY,T14,T14 Pari-Mutuels Sales Tax,1,2012,4
Q4-2012,Kentucky,KY,T15,T15 Public Utilities Sales Tax,17,2012,4
Q4-2012,Kentucky,KY,T16,T16 Tobacco Products Sales Tax,66,2012,4
Q4-2012,Kentucky,KY,T19,T19 Other Selective Sales and Gross Receipts Taxes,164,2012,4
Q4-2012,Kentucky,KY,T20,T20 Alcoholic Beverages License,2,2012,4
Q4-2012,Kentucky,KY,T21,T21 Amusements License,0,2012,4
Q4-2012,Kentucky,KY,T22,T22 Corporations In General License,3,2012,4
Q4-2012,Kentucky,KY,T23,T23 Hunting and Fishing License,7,2012,4
Q4-2012,Kentucky,KY,T24,T24 Motor Vehicles License,41,2012,4
Q4-2012,Kentucky,KY,T25,T25 Motor Vehicle Operators License,4,2012,4
Q4-2012,Kentucky,KY,T27,T27 Public Utilities License,0,2012,4
Q4-2012,Kentucky,KY,T28,"T28 Occupation and Business License, Not Elsewhere Classified",31,2012,4
Q4-2012,Kentucky,KY,T29,T29 Other License Taxes,1,2012,4
Q4-2012,Kentucky,KY,T40,T40 Individual Income Taxes,911,2012,4
Q4-2012,Kentucky,KY,T41,T41 Corporation Net Income Taxes,143,2012,4
Q4-2012,Kentucky,KY,T50,T50 Death and Gift Taxes,11,2012,4
Q4-2012,Kentucky,KY,T51,T51 Documentary and Stock Transfer Taxes,1,2012,4
Q4-2012,Kentucky,KY,T53,T53 Severance Taxes,67,2012,4
Q4-2012,Kentucky,KY,TOTAL,Total Taxes,2811,2012,4
Q1-2013,Kentucky,KY,T01,T01 Property Taxes,125,2013,1
Q1-2013,Kentucky,KY,T09,T09 General Sales and Gross Receipts Taxes,737,2013,1
Q1-2013,Kentucky,KY,T10,T10 Alcoholic Beverages Sales Tax,28,2013,1
Q1-2013,Kentucky,KY,T11,T11 Amusements Sales Tax,0,2013,1
Q1-2013,Kentucky,KY,T12,T12 Insurance Premiums Sales Tax,53,2013,1
Q1-2013,Kentucky,KY,T13,T13 Motor Fuels Sales Tax,194,2013,1
Q1-2013,Kentucky,KY,T14,T14 Pari-Mutuels Sales Tax,1,2013,1
Q1-2013,Kentucky,KY,T15,T15 Public Utilities Sales Tax,17,2013,1
Q1-2013,Kentucky,KY,T16,T16 Tobacco Products Sales Tax,59,2013,1
Q1-2013,Kentucky,KY,T19,T19 Other Selective Sales and Gross Receipts Taxes,164,2013,1
Q1-2013,Kentucky,KY,T20,T20 Alcoholic Beverages License,2,2013,1
Q1-2013,Kentucky,KY,T21,T21 Amusements License,0,2013,1
Q1-2013,Kentucky,KY,T22,T22 Corporations In General License,96,2013,1
Q1-2013,Kentucky,KY,T23,T23 Hunting and Fishing License,7,2013,1
Q1-2013,Kentucky,KY,T24,T24 Motor Vehicles License,47,2013,1
Q1-2013,Kentucky,KY,T25,T25 Motor Vehicle Operators License,4,2013,1
Q1-2013,Kentucky,KY,T27,T27 Public Utilities License,0,2013,1
Q1-2013,Kentucky,KY,T28,"T28 Occupation and Business License, Not Elsewhere Classified",31,2013,1
Q1-2013,Kentucky,KY,T29,T29 Other License Taxes,1,2013,1
Q1-2013,Kentucky,KY,T40,T40 Individual Income Taxes,750,2013,1
Q1-2013,Kentucky,KY,T41,T41 Corporation Net Income Taxes,103,2013,1
Q1-2013,Kentucky,KY,T50,T50 Death and Gift Taxes,9,2013,1
Q1-2013,Kentucky,KY,T51,T51 Documentary and Stock Transfer Taxes,1,2013,1
Q1-2013,Kentucky,KY,T53,T53 Severance Taxes,62,2013,1
Q1-2013,Kentucky,KY,TOTAL,Total Taxes,2491,2013,1
Q2-2013,Kentucky,KY,T01,T01 Property Taxes,36,2013,2
Q2-2013,Kentucky,KY,T09,T09 General Sales and Gross Receipts Taxes,773,2013,2
Q2-2013,Kentucky,KY,T10,T10 Alcoholic Beverages Sales Tax,32,2013,2
Q2-2013,Kentucky,KY,T11,T11 Amusements Sales Tax,0,2013,2
Q2-2013,Kentucky,KY,T12,T12 Insurance Premiums Sales Tax,44,2013,2
Q2-2013,Kentucky,KY,T13,T13 Motor Fuels Sales Tax,221,2013,2
Q2-2013,Kentucky,KY,T14,T14 Pari-Mutuels Sales Tax,2,2013,2
Q2-2013,Kentucky,KY,T15,T15 Public Utilities Sales Tax,16,2013,2
Q2-2013,Kentucky,KY,T16,T16 Tobacco Products Sales Tax,69,2013,2
Q2-2013,Kentucky,KY,T19,T19 Other Selective Sales and Gross Receipts Taxes,164,2013,2
Q2-2013,Kentucky,KY,T20,T20 Alcoholic Beverages License,2,2013,2
Q2-2013,Kentucky,KY,T21,T21 Amusements License,0,2013,2
Q2-2013,Kentucky,KY,T22,T22 Corporations In General License,1,2013,2
Q2-2013,Kentucky,KY,T23,T23 Hunting and Fishing License,7,2013,2
Q2-2013,Kentucky,KY,T24,T24 Motor Vehicles License,57,2013,2
Q2-2013,Kentucky,KY,T25,T25 Motor Vehicle Operators License,4,2013,2
Q2-2013,Kentucky,KY,T27,T27 Public Utilities License,0,2013,2
Q2-2013,Kentucky,KY,T28,"T28 Occupation and Business License, Not Elsewhere Classified",31,2013,2
Q2-2013,Kentucky,KY,T29,T29 Other License Taxes,1,2013,2
Q2-2013,Kentucky,KY,T40,T40 Individual Income Taxes,1160,2013,2
Q2-2013,Kentucky,KY,T41,T41 Corporation Net Income Taxes,241,2013,2
Q2-2013,Kentucky,KY,T50,T50 Death and Gift Taxes,12,2013,2
Q2-2013,Kentucky,KY,T51,T51 Documentary and Stock Transfer Taxes,1,2013,2
Q2-2013,Kentucky,KY,T53,T53 Severance Taxes,67,2013,2
Q2-2013,Kentucky,KY,TOTAL,Total Taxes,2941,2013,2
Q3-2013,Kentucky,KY,T01,T01 Property Taxes,56,2013,3
Q3-2013,Kentucky,KY,T09,T09 General Sales and Gross Receipts Taxes,778,2013,3
Q3-2013,Kentucky,KY,T10,T10 Alcoholic Beverages Sales Tax,33,2013,3
Q3-2013,Kentucky,KY,T11,T11 Amusements Sales Tax,0,2013,3
Q3-2013,Kentucky,KY,T12,T12 Insurance Premiums Sales Tax,34,2013,3
Q3-2013,Kentucky,KY,T13,T13 Motor Fuels Sales Tax,230,2013,3
Q3-2013,Kentucky,KY,T14,T14 Pari-Mutuels Sales Tax,1,2013,3
Q3-2013,Kentucky,KY,T15,T15 Public Utilities Sales Tax,16,2013,3
Q3-2013,Kentucky,KY,T16,T16 Tobacco Products Sales Tax,65,2013,3
Q3-2013,Kentucky,KY,T19,T19 Other Selective Sales and Gross Receipts Taxes,164,2013,3
Q3-2013,Kentucky,KY,T20,T20 Alcoholic Beverages License,2,2013,3
Q3-2013,Kentucky,KY,T21,T21 Amusements License,0,2013,3
Q3-2013,Kentucky,KY,T22,T22 Corporations In General License,-1,2013,3
Q3-2013,Kentucky,KY,T23,T23 Hunting and Fishing License,7,2013,3
Q3-2013,Kentucky,KY,T24,T24 Motor Vehicles License,41,2013,3
Q3-2013,Kentucky,KY,T25,T25 Motor Vehicle Operators License,4,2013,3
Q3-2013,Kentucky,KY,T27,T27 Public Utilities License,0,2013,3
Q3-2013,Kentucky,KY,T28,"T28 Occupation and Business License, Not Elsewhere Classified",31,2013,3
Q3-2013,Kentucky,KY,T29,T29 Other License Taxes,1,2013,3
Q3-2013,Kentucky,KY,T40,T40 Individual Income Taxes,931,2013,3
Q3-2013,Kentucky,KY,T41,T41 Corporation Net Income Taxes,199,2013,3
Q3-2013,Kentucky,KY,T50,T50 Death and Gift Taxes,14,2013,3
Q3-2013,Kentucky,KY,T51,T51 Documentary and Stock Transfer Taxes,1,2013,3
Q3-2013,Kentucky,KY,T53,T53 Severance Taxes,64,2013,3
Q3-2013,Kentucky,KY,TOTAL,Total Taxes,2670,2013,3
Q4-2013,Kentucky,KY,T01,T01 Property Taxes,306,2013,4
Q4-2013,Kentucky,KY,T09,T09 General Sales and Gross Receipts Taxes,779,2013,4
Q4-2013,Kentucky,KY,T10,T10 Alcoholic Beverages Sales Tax,32,2013,4
Q4-2013,Kentucky,KY,T11,T11 Amusements Sales Tax,0,2013,4
Q4-2013,Kentucky,KY,T12,T12 Insurance Premiums Sales Tax,10,2013,4
Q4-2013,Kentucky,KY,T13,T13 Motor Fuels Sales Tax,228,2013,4
Q4-2013,Kentucky,KY,T14,T14 Pari-Mutuels Sales Tax,0,2013,4
Q4-2013,Kentucky,KY,T15,T15 Public Utilities Sales Tax,16,2013,4
Q4-2013,Kentucky,KY,T16,T16 Tobacco Products Sales Tax,63,2013,4
Q4-2013,Kentucky,KY,T19,T19 Other Selective Sales and Gross Receipts Taxes,164,2013,4
Q4-2013,Kentucky,KY,T20,T20 Alcoholic Beverages License,2,2013,4
Q4-2013,Kentucky,KY,T21,T21 Amusements License,0,2013,4
Q4-2013,Kentucky,KY,T22,T22 Corporations In General License,1,2013,4
Q4-2013,Kentucky,KY,T23,T23 Hunting and Fishing License,7,2013,4
Q4-2013,Kentucky,KY,T24,T24 Motor Vehicles License,41,2013,4
Q4-2013,Kentucky,KY,T25,T25 Motor Vehicle Operators License,4,2013,4
Q4-2013,Kentucky,KY,T27,T27 Public Utilities License,0,2013,4
Q4-2013,Kentucky,KY,T28,"T28 Occupation and Business License, Not Elsewhere Classified",31,2013,4
Q4-2013,Kentucky,KY,T29,T29 Other License Taxes,1,2013,4
Q4-2013,Kentucky,KY,T40,T40 Individual Income Taxes,925,2013,4
Q4-2013,Kentucky,KY,T41,T41 Corporation Net Income Taxes,125,2013,4
Q4-2013,Kentucky,KY,T50,T50 Death and Gift Taxes,10,2013,4
Q4-2013,Kentucky,KY,T51,T51 Documentary and Stock Transfer Taxes,1,2013,4
Q4-2013,Kentucky,KY,T53,T53 Severance Taxes,64,2013,4
Q4-2013,Kentucky,KY,TOTAL,Total Taxes,2811,2013,4
Q1-2014,Kentucky,KY,T01,T01 Property Taxes,138,2014,1
Q1-2014,Kentucky,KY,T09,T09 General Sales and Gross Receipts Taxes,761,2014,1
Q1-2014,Kentucky,KY,T10,T10 Alcoholic Beverages Sales Tax,31,2014,1
Q1-2014,Kentucky,KY,T11,T11 Amusements Sales Tax,0,2014,1
Q1-2014,Kentucky,KY,T12,T12 Insurance Premiums Sales Tax,53,2014,1
Q1-2014,Kentucky,KY,T13,T13 Motor Fuels Sales Tax,211,2014,1
Q1-2014,Kentucky,KY,T14,T14 Pari-Mutuels Sales Tax,0,2014,1
Q1-2014,Kentucky,KY,T15,T15 Public Utilities Sales Tax,16,2014,1
Q1-2014,Kentucky,KY,T16,T16 Tobacco Products Sales Tax,57,2014,1
Q1-2014,Kentucky,KY,T19,T19 Other Selective Sales and Gross Receipts Taxes,164,2014,1
Q1-2014,Kentucky,KY,T20,T20 Alcoholic Beverages License,2,2014,1
Q1-2014,Kentucky,KY,T21,T21 Amusements License,0,2014,1
Q1-2014,Kentucky,KY,T22,T22 Corporations In General License,101,2014,1
Q1-2014,Kentucky,KY,T23,T23 Hunting and Fishing License,7,2014,1
Q1-2014,Kentucky,KY,T24,T24 Motor Vehicles License,55,2014,1
Q1-2014,Kentucky,KY,T25,T25 Motor Vehicle Operators License,4,2014,1
Q1-2014,Kentucky,KY,T27,T27 Public Utilities License,0,2014,1
Q1-2014,Kentucky,KY,T28,"T28 Occupation and Business License, Not Elsewhere Classified",31,2014,1
Q1-2014,Kentucky,KY,T29,T29 Other License Taxes,1,2014,1
Q1-2014,Kentucky,KY,T40,T40 Individual Income Taxes,768,2014,1
Q1-2014,Kentucky,KY,T41,T41 Corporation Net Income Taxes,98,2014,1
Q1-2014,Kentucky,KY,T50,T50 Death and Gift Taxes,11,2014,1
Q1-2014,Kentucky,KY,T51,T51 Documentary and Stock Transfer Taxes,1,2014,1
Q1-2014,Kentucky,KY,T53,T53 Severance Taxes,54,2014,1
Q1-2014,Kentucky,KY,TOTAL,Total Taxes,2565,2014,1
Q2-2014,Kentucky,KY,T01,T01 Property Taxes,62,2014,2
Q2-2014,Kentucky,KY,T09,T09 General Sales and Gross Receipts Taxes,813,2014,2
Q2-2014,Kentucky,KY,T10,T10 Alcoholic Beverages Sales Tax,33,2014,2
Q2-2014,Kentucky,KY,T11,T11 Amusements Sales Tax,0,2014,2
Q2-2014,Kentucky,KY,T12,T12 Insurance Premiums Sales Tax,46,2014,2
Q2-2014,Kentucky,KY,T13,T13 Motor Fuels Sales Tax,217,2014,2
Q2-2014,Kentucky,KY,T14,T14 Pari-Mutuels Sales Tax,1,2014,2
Q2-2014,Kentucky,KY,T15,T15 Public Utilities Sales Tax,16,2014,2
Q2-2014,Kentucky,KY,T16,T16 Tobacco Products Sales Tax,64,2014,2
Q2-2014,Kentucky,KY,T19,T19 Other Selective Sales and Gross Receipts Taxes,164,2014,2
Q2-2014,Kentucky,KY,T20,T20 Alcoholic Beverages License,2,2014,2
Q2-2014,Kentucky,KY,T21,T21 Amusements License,0,2014,2
Q2-2014,Kentucky,KY,T22,T22 Corporations In General License,0,2014,2
Q2-2014,Kentucky,KY,T23,T23 Hunting and Fishing License,7,2014,2
Q2-2014,Kentucky,KY,T24,T24 Motor Vehicles License,54,2014,2
Q2-2014,Kentucky,KY,T25,T25 Motor Vehicle Operators License,4,2014,2
Q2-2014,Kentucky,KY,T27,T27 Public Utilities License,0,2014,2
Q2-2014,Kentucky,KY,T28,"T28 Occupation and Business License, Not Elsewhere Classified",31,2014,2
Q2-2014,Kentucky,KY,T29,T29 Other License Taxes,1,2014,2
Q2-2014,Kentucky,KY,T40,T40 Individual Income Taxes,1124,2014,2
Q2-2014,Kentucky,KY,T41,T41 Corporation Net Income Taxes,252,2014,2
Q2-2014,Kentucky,KY,T50,T50 Death and Gift Taxes,11,2014,2
Q2-2014,Kentucky,KY,T51,T51 Documentary and Stock Transfer Taxes,1,2014,2
Q2-2014,Kentucky,KY,T53,T53 Severance Taxes,59,2014,2
Q2-2014,Kentucky,KY,TOTAL,Total Taxes,2962,2014,2
Q3-2014,Kentucky,KY,T01,T01 Property Taxes,45,2014,3
Q3-2014,Kentucky,KY,T09,T09 General Sales and Gross Receipts Taxes,805,2014,3
Q3-2014,Kentucky,KY,T10,T10 Alcoholic Beverages Sales Tax,34,2014,3
Q3-2014,Kentucky,KY,T11,T11 Amusements Sales Tax,0,2014,3
Q3-2014,Kentucky,KY,T12,T12 Insurance Premiums Sales Tax,34,2014,3
Q3-2014,Kentucky,KY,T13,T13 Motor Fuels Sales Tax,234,2014,3
Q3-2014,Kentucky,KY,T14,T14 Pari-Mutuels Sales Tax,1,2014,3
Q3-2014,Kentucky,KY,T15,T15 Public Utilities Sales Tax,16,2014,3
Q3-2014,Kentucky,KY,T16,T16 Tobacco Products Sales Tax,63,2014,3
Q3-2014,Kentucky,KY,T19,T19 Other Selective Sales and Gross Receipts Taxes,164,2014,3
Q3-2014,Kentucky,KY,T20,T20 Alcoholic Beverages License,2,2014,3
Q3-2014,Kentucky,KY,T21,T21 Amusements License,0,2014,3
Q3-2014,Kentucky,KY,T22,T22 Corporations In General License,0,2014,3
Q3-2014,Kentucky,KY,T23,T23 Hunting and Fishing License,7,2014,3
Q3-2014,Kentucky,KY,T24,T24 Motor Vehicles License,44,2014,3
Q3-2014,Kentucky,KY,T25,T25 Motor Vehicle Operators License,4,2014,3
Q3-2014,Kentucky,KY,T27,T27 Public Utilities License,0,2014,3
Q3-2014,Kentucky,KY,T28,"T28 Occupation and Business License, Not Elsewhere Classified",31,2014,3
Q3-2014,Kentucky,KY,T29,T29 Other License Taxes,1,2014,3
Q3-2014,Kentucky,KY,T40,T40 Individual Income Taxes,981,2014,3
Q3-2014,Kentucky,KY,T41,T41 Corporation Net Income Taxes,156,2014,3
Q3-2014,Kentucky,KY,T50,T50 Death and Gift Taxes,15,2014,3
Q3-2014,Kentucky,KY,T51,T51 Documentary and Stock Transfer Taxes,1,2014,3
Q3-2014,Kentucky,KY,T53,T53 Severance Taxes,60,2014,3
Q3-2014,Kentucky,KY,TOTAL,Total Taxes,2698,2014,3
Q4-2014,Kentucky,KY,T01,T01 Property Taxes,326,2014,4
Q4-2014,Kentucky,KY,T09,T09 General Sales and Gross Receipts Taxes,822,2014,4
Q4-2014,Kentucky,KY,T10,T10 Alcoholic Beverages Sales Tax,32,2014,4
Q4-2014,Kentucky,KY,T11,T11 Amusements Sales Tax,0,2014,4
Q4-2014,Kentucky,KY,T12,T12 Insurance Premiums Sales Tax,11,2014,4
Q4-2014,Kentucky,KY,T13,T13 Motor Fuels Sales Tax,228,2014,4
Q4-2014,Kentucky,KY,T14,T14 Pari-Mutuels Sales Tax,1,2014,4
Q4-2014,Kentucky,KY,T15,T15 Public Utilities Sales Tax,16,2014,4
Q4-2014,Kentucky,KY,T16,T16 Tobacco Products Sales Tax,60,2014,4
Q4-2014,Kentucky,KY,T19,T19 Other Selective Sales and Gross Receipts Taxes,164,2014,4
Q4-2014,Kentucky,KY,T20,T20 Alcoholic Beverages License,2,2014,4
Q4-2014,Kentucky,KY,T21,T21 Amusements License,0,2014,4
Q4-2014,Kentucky,KY,T22,T22 Corporations In General License,1,2014,4
Q4-2014,Kentucky,KY,T23,T23 Hunting and Fishing License,7,2014,4
Q4-2014,Kentucky,KY,T24,T24 Motor Vehicles License,42,2014,4
Q4-2014,Kentucky,KY,T25,T25 Motor Vehicle Operators License,4,2014,4
Q4-2014,Kentucky,KY,T27,T27 Public Utilities License,0,2014,4
Q4-2014,Kentucky,KY,T28,"T28 Occupation and Business License, Not Elsewhere Classified",31,2014,4
Q4-2014,Kentucky,KY,T29,T29 Other License Taxes,1,2014,4
Q4-2014,Kentucky,KY,T40,T40 Individual Income Taxes,995,2014,4
Q4-2014,Kentucky,KY,T41,T41 Corporation Net Income Taxes,135,2014,4
Q4-2014,Kentucky,KY,T50,T50 Death and Gift Taxes,11,2014,4
Q4-2014,Kentucky,KY,T51,T51 Documentary and Stock Transfer Taxes,1,2014,4
Q4-2014,Kentucky,KY,T53,T53 Severance Taxes,62,2014,4
Q4-2014,Kentucky,KY,TOTAL,Total Taxes,2951,2014,4
Q1-2015,Kentucky,KY,T01,T01 Property Taxes,134,2015,1
Q1-2015,Kentucky,KY,T09,T09 General Sales and Gross Receipts Taxes,786,2015,1
Q1-2015,Kentucky,KY,T10,T10 Alcoholic Beverages Sales Tax,32,2015,1
Q1-2015,Kentucky,KY,T11,T11 Amusements Sales Tax,0,2015,1
Q1-2015,Kentucky,KY,T12,T12 Insurance Premiums Sales Tax,55,2015,1
Q1-2015,Kentucky,KY,T13,T13 Motor Fuels Sales Tax,200,2015,1
Q1-2015,Kentucky,KY,T14,T14 Pari-Mutuels Sales Tax,1,2015,1
Q1-2015,Kentucky,KY,T15,T15 Public Utilities Sales Tax,16,2015,1
Q1-2015,Kentucky,KY,T16,T16 Tobacco Products Sales Tax,55,2015,1
Q1-2015,Kentucky,KY,T19,T19 Other Selective Sales and Gross Receipts Taxes,164,2015,1
Q1-2015,Kentucky,KY,T20,T20 Alcoholic Beverages License,2,2015,1
Q1-2015,Kentucky,KY,T21,T21 Amusements License,0,2015,1
Q1-2015,Kentucky,KY,T22,T22 Corporations In General License,98,2015,1
Q1-2015,Kentucky,KY,T23,T23 Hunting and Fishing License,7,2015,1
Q1-2015,Kentucky,KY,T24,T24 Motor Vehicles License,60,2015,1
Q1-2015,Kentucky,KY,T25,T25 Motor Vehicle Operators License,4,2015,1
Q1-2015,Kentucky,KY,T27,T27 Public Utilities License,0,2015,1
Q1-2015,Kentucky,KY,T28,"T28 Occupation and Business License, Not Elsewhere Classified",31,2015,1
Q1-2015,Kentucky,KY,T29,T29 Other License Taxes,1,2015,1
Q1-2015,Kentucky,KY,T40,T40 Individual Income Taxes,840,2015,1
Q1-2015,Kentucky,KY,T41,T41 Corporation Net Income Taxes,129,2015,1
Q1-2015,Kentucky,KY,T50,T50 Death and Gift Taxes,10,2015,1
Q1-2015,Kentucky,KY,T51,T51 Documentary and Stock Transfer Taxes,1,2015,1
Q1-2015,Kentucky,KY,T53,T53 Severance Taxes,49,2015,1
Q1-2015,Kentucky,KY,TOTAL,Total Taxes,2673,2015,1
Q2-2015,Kentucky,KY,T01,T01 Property Taxes,59,2015,2
Q2-2015,Kentucky,KY,T09,T09 General Sales and Gross Receipts Taxes,854,2015,2
Q2-2015,Kentucky,KY,T10,T10 Alcoholic Beverages Sales Tax,34,2015,2
Q2-2015,Kentucky,KY,T11,T11 Amusements Sales Tax,0,2015,2
Q2-2015,Kentucky,KY,T12,T12 Insurance Premiums Sales Tax,47,2015,2
Q2-2015,Kentucky,KY,T13,T13 Motor Fuels Sales Tax,188,2015,2
Q2-2015,Kentucky,KY,T14,T14 Pari-Mutuels Sales Tax,1,2015,2
Q2-2015,Kentucky,KY,T15,T15 Public Utilities Sales Tax,16,2015,2
Q2-2015,Kentucky,KY,T16,T16 Tobacco Products Sales Tax,64,2015,2
Q2-2015,Kentucky,KY,T19,T19 Other Selective Sales and Gross Receipts Taxes,164,2015,2
Q2-2015,Kentucky,KY,T20,T20 Alcoholic Beverages License,2,2015,2
Q2-2015,Kentucky,KY,T21,T21 Amusements License,0,2015,2
Q2-2015,Kentucky,KY,T22,T22 Corporations In General License,2,2015,2
Q2-2015,Kentucky,KY,T23,T23 Hunting and Fishing License,7,2015,2
Q2-2015,Kentucky,KY,T24,T24 Motor Vehicles License,57,2015,2
Q2-2015,Kentucky,KY,T25,T25 Motor Vehicle Operators License,4,2015,2
Q2-2015,Kentucky,KY,T27,T27 Public Utilities License,0,2015,2
Q2-2015,Kentucky,KY,T28,"T28 Occupation and Business License, Not Elsewhere Classified",31,2015,2
Q2-2015,Kentucky,KY,T29,T29 Other License Taxes,1,2015,2
Q2-2015,Kentucky,KY,T40,T40 Individual Income Taxes,1253,2015,2
Q2-2015,Kentucky,KY,T41,T41 Corporation Net Income Taxes,331,2015,2
Q2-2015,Kentucky,KY,T50,T50 Death and Gift Taxes,15,2015,2
Q2-2015,Kentucky,KY,T51,T51 Documentary and Stock Transfer Taxes,1,2015,2
Q2-2015,Kentucky,KY,T53,T53 Severance Taxes,50,2015,2
Q2-2015,Kentucky,KY,TOTAL,Total Taxes,3182,2015,2
Q3-2015,Kentucky,KY,T01,T01 Property Taxes,47,2015,3
Q3-2015,Kentucky,KY,T09,T09 General Sales and Gross Receipts Taxes,860,2015,3
Q3-2015,Kentucky,KY,T10,T10 Alcoholic Beverages Sales Tax,37,2015,3
Q3-2015,Kentucky,KY,T11,T11 Amusements Sales Tax,0,2015,3
Q3-2015,Kentucky,KY,T12,T12 Insurance Premiums Sales Tax,30,2015,3
Q3-2015,Kentucky,KY,T13,T13 Motor Fuels Sales Tax,196,2015,3
Q3-2015,Kentucky,KY,T14,T14 Pari-Mutuels Sales Tax,1,2015,3
Q3-2015,Kentucky,KY,T15,T15 Public Utilities Sales Tax,16,2015,3
Q3-2015,Kentucky,KY,T16,T16 Tobacco Products Sales Tax,64,2015,3
Q3-2015,Kentucky,KY,T19,T19 Other Selective Sales and Gross Receipts Taxes,188,2015,3
Q3-2015,Kentucky,KY,T20,T20 Alcoholic Beverages License,2,2015,3
Q3-2015,Kentucky,KY,T21,T21 Amusements License,0,2015,3
Q3-2015,Kentucky,KY,T22,T22 Corporations In General License,-1,2015,3
Q3-2015,Kentucky,KY,T23,T23 Hunting and Fishing License,7,2015,3
Q3-2015,Kentucky,KY,T24,T24 Motor Vehicles License,39,2015,3
Q3-2015,Kentucky,KY,T25,T25 Motor Vehicle Operators License,4,2015,3
Q3-2015,Kentucky,KY,T27,T27 Public Utilities License,0,2015,3
Q3-2015,Kentucky,KY,T28,"T28 Occupation and Business License, Not Elsewhere Classified",32,2015,3
Q3-2015,Kentucky,KY,T29,T29 Other License Taxes,1,2015,3
Q3-2015,Kentucky,KY,T40,T40 Individual Income Taxes,1040,2015,3
Q3-2015,Kentucky,KY,T41,T41 Corporation Net Income Taxes,170,2015,3
Q3-2015,Kentucky,KY,T50,T50 Death and Gift Taxes,14,2015,3
Q3-2015,Kentucky,KY,T51,T51 Documentary and Stock Transfer Taxes,4,2015,3
Q3-2015,Kentucky,KY,T53,T53 Severance Taxes,47,2015,3
Q3-2015,Kentucky,KY,TOTAL,Total Taxes,2796,2015,3
Q4-2015,Kentucky,KY,T01,T01 Property Taxes,333,2015,4
Q4-2015,Kentucky,KY,T09,T09 General Sales and Gross Receipts Taxes,868,2015,4
Q4-2015,Kentucky,KY,T10,T10 Alcoholic Beverages Sales Tax,36,2015,4
Q4-2015,Kentucky,KY,T11,T11 Amusements Sales Tax,0,2015,4
Q4-2015,Kentucky,KY,T12,T12 Insurance Premiums Sales Tax,16,2015,4
Q4-2015,Kentucky,KY,T13,T13 Motor Fuels Sales Tax,186,2015,4
Q4-2015,Kentucky,KY,T14,T14 Pari-Mutuels Sales Tax,1,2015,4
Q4-2015,Kentucky,KY,T15,T15 Public Utilities Sales Tax,16,2015,4
Q4-2015,Kentucky,KY,T16,T16 Tobacco Products Sales Tax,63,2015,4
Q4-2015,Kentucky,KY,T19,T19 Other Selective Sales and Gross Receipts Taxes,188,2015,4
Q4-2015,Kentucky,KY,T20,T20 Alcoholic Beverages License,2,2015,4
Q4-2015,Kentucky,KY,T21,T21 Amusements License,0,2015,4
Q4-2015,Kentucky,KY,T22,T22 Corporations In General License,2,2015,4
Q4-2015,Kentucky,KY,T23,T23 Hunting and Fishing License,7,2015,4
Q4-2015,Kentucky,KY,T24,T24 Motor Vehicles License,52,2015,4
Q4-2015,Kentucky,KY,T25,T25 Motor Vehicle Operators License,4,2015,4
Q4-2015,Kentucky,KY,T27,T27 Public Utilities License,0,2015,4
Q4-2015,Kentucky,KY,T28,"T28 Occupation and Business License, Not Elsewhere Classified",32,2015,4
Q4-2015,Kentucky,KY,T29,T29 Other License Taxes,1,2015,4
Q4-2015,Kentucky,KY,T40,T40 Individual Income Taxes,1030,2015,4
Q4-2015,Kentucky,KY,T41,T41 Corporation Net Income Taxes,138,2015,4
Q4-2015,Kentucky,KY,T50,T50 Death and Gift Taxes,14,2015,4
Q4-2015,Kentucky,KY,T51,T51 Documentary and Stock Transfer Taxes,4,2015,4
Q4-2015,Kentucky,KY,T53,T53 Severance Taxes,43,2015,4
Q4-2015,Kentucky,KY,TOTAL,Total Taxes,3033,2015,4
Q1-2016,Kentucky,KY,T01,T01 Property Taxes,137,2016,1
Q1-2016,Kentucky,KY,T09,T09 General Sales and Gross Receipts Taxes,836,2016,1
Q1-2016,Kentucky,KY,T10,T10 Alcoholic Beverages Sales Tax,32,2016,1
Q1-2016,Kentucky,KY,T11,T11 Amusements Sales Tax,0,2016,1
Q1-2016,Kentucky,KY,T12,T12 Insurance Premiums Sales Tax,51,2016,1
Q1-2016,Kentucky,KY,T13,T13 Motor Fuels Sales Tax,175,2016,1
Q1-2016,Kentucky,KY,T14,T14 Pari-Mutuels Sales Tax,1,2016,1
Q1-2016,Kentucky,KY,T15,T15 Public Utilities Sales Tax,16,2016,1
Q1-2016,Kentucky,KY,T16,T16 Tobacco Products Sales Tax,56,2016,1
Q1-2016,Kentucky,KY,T19,T19 Other Selective Sales and Gross Receipts Taxes,164,2016,1
Q1-2016,Kentucky,KY,T20,T20 Alcoholic Beverages License,2,2016,1
Q1-2016,Kentucky,KY,T21,T21 Amusements License,0,2016,1
Q1-2016,Kentucky,KY,T22,T22 Corporations In General License,107,2016,1
Q1-2016,Kentucky,KY,T23,T23 Hunting and Fishing License,7,2016,1
Q1-2016,Kentucky,KY,T24,T24 Motor Vehicles License,60,2016,1
Q1-2016,Kentucky,KY,T25,T25 Motor Vehicle Operators License,4,2016,1
Q1-2016,Kentucky,KY,T27,T27 Public Utilities License,0,2016,1
Q1-2016,Kentucky,KY,T28,"T28 Occupation and Business License, Not Elsewhere Classified",31,2016,1
Q1-2016,Kentucky,KY,T29,T29 Other License Taxes,1,2016,1
Q1-2016,Kentucky,KY,T40,T40 Individual Income Taxes,960,2016,1
Q1-2016,Kentucky,KY,T41,T41 Corporation Net Income Taxes,93,2016,1
Q1-2016,Kentucky,KY,T50,T50 Death and Gift Taxes,9,2016,1
Q1-2016,Kentucky,KY,T51,T51 Documentary and Stock Transfer Taxes,1,2016,1
Q1-2016,Kentucky,KY,T53,T53 Severance Taxes,30,2016,1
Q1-2016,Kentucky,KY,TOTAL,Total Taxes,2774,2016,1
Q2-2016,Kentucky,KY,T01,T01 Property Taxes,60,2016,2
Q2-2016,Kentucky,KY,T09,T09 General Sales and Gross Receipts Taxes,899,2016,2
Q2-2016,Kentucky,KY,T10,T10 Alcoholic Beverages Sales Tax,35,2016,2
Q2-2016,Kentucky,KY,T11,T11 Amusements Sales Tax,0,2016,2
Q2-2016,Kentucky,KY,T12,T12 Insurance Premiums Sales Tax,48,2016,2
Q2-2016,Kentucky,KY,T13,T13 Motor Fuels Sales Tax,193,2016,2
Q2-2016,Kentucky,KY,T14,T14 Pari-Mutuels Sales Tax,2,2016,2
Q2-2016,Kentucky,KY,T15,T15 Public Utilities Sales Tax,16,2016,2
Q2-2016,Kentucky,KY,T16,T16 Tobacco Products Sales Tax,63,2016,2
Q2-2016,Kentucky,KY,T19,T19 Other Selective Sales and Gross Receipts Taxes,169,2016,2
Q2-2016,Kentucky,KY,T20,T20 Alcoholic Beverages License,2,2016,2
Q2-2016,Kentucky,KY,T21,T21 Amusements License,0,2016,2
Q2-2016,Kentucky,KY,T22,T22 Corporations In General License,2,2016,2
Q2-2016,Kentucky,KY,T23,T23 Hunting and Fishing License,7,2016,2
Q2-2016,Kentucky,KY,T24,T24 Motor Vehicles License,56,2016,2
Q2-2016,Kentucky,KY,T25,T25 Motor Vehicle Operators License,4,2016,2
Q2-2016,Kentucky,KY,T27,T27 Public Utilities License,0,2016,2
Q2-2016,Kentucky,KY,T28,"T28 Occupation and Business License, Not Elsewhere Classified",32,2016,2
Q2-2016,Kentucky,KY,T29,T29 Other License Taxes,1,2016,2
Q2-2016,Kentucky,KY,T40,T40 Individual Income Taxes,1252,2016,2
Q2-2016,Kentucky,KY,T41,T41 Corporation Net Income Taxes,294,2016,2
Q2-2016,Kentucky,KY,T50,T50 Death and Gift Taxes,14,2016,2
Q2-2016,Kentucky,KY,T51,T51 Documentary and Stock Transfer Taxes,1,2016,2
Q2-2016,Kentucky,KY,T53,T53 Severance Taxes,29,2016,2
Q2-2016,Kentucky,KY,TOTAL,Total Taxes,3179,2016,2
Q3-2016,Kentucky,KY,T01,T01 Property Taxes,52,2016,3
Q3-2016,Kentucky,KY,T09,T09 General Sales and Gross Receipts Taxes,896,2016,3
Q3-2016,Kentucky,KY,T10,T10 Alcoholic Beverages Sales Tax,37,2016,3
Q3-2016,Kentucky,KY,T11,T11 Amusements Sales Tax,0,2016,3
Q3-2016,Kentucky,KY,T12,T12 Insurance Premiums Sales Tax,37,2016,3
Q3-2016,Kentucky,KY,T13,T13 Motor Fuels Sales Tax,198,2016,3
Q3-2016,Kentucky,KY,T14,T14 Pari-Mutuels Sales Tax,1,2016,3
Q3-2016,Kentucky,KY,T15,T15 Public Utilities Sales Tax,16,2016,3
Q3-2016,Kentucky,KY,T16,T16 Tobacco Products Sales Tax,63,2016,3
Q3-2016,Kentucky,KY,T19,T19 Other Selective Sales and Gross Receipts Taxes,196,2016,3
Q3-2016,Kentucky,KY,T20,T20 Alcoholic Beverages License,2,2016,3
Q3-2016,Kentucky,KY,T21,T21 Amusements License,0,2016,3
Q3-2016,Kentucky,KY,T22,T22 Corporations In General License,-2,2016,3
Q3-2016,Kentucky,KY,T23,T23 Hunting and Fishing License,7,2016,3
Q3-2016,Kentucky,KY,T24,T24 Motor Vehicles License,44,2016,3
Q3-2016,Kentucky,KY,T25,T25 Motor Vehicle Operators License,4,2016,3
Q3-2016,Kentucky,KY,T27,T27 Public Utilities License,0,2016,3
Q3-2016,Kentucky,KY,T28,"T28 Occupation and Business License, Not Elsewhere Classified",33,2016,3
Q3-2016,Kentucky,KY,T29,T29 Other License Taxes,1,2016,3
Q3-2016,Kentucky,KY,T40,T40 Individual Income Taxes,1090,2016,3
Q3-2016,Kentucky,KY,T41,T41 Corporation Net Income Taxes,174,2016,3
Q3-2016,Kentucky,KY,T50,T50 Death and Gift Taxes,11,2016,3
Q3-2016,Kentucky,KY,T51,T51 Documentary and Stock Transfer Taxes,3,2016,3
Q3-2016,Kentucky,KY,T53,T53 Severance Taxes,30,2016,3
Q3-2016,Kentucky,KY,TOTAL,Total Taxes,2895,2016,3
Q4-2016,Kentucky,KY,T01,T01 Property Taxes,342,2016,4
Q4-2016,Kentucky,KY,T09,T09 General Sales and Gross Receipts Taxes,864,2016,4
Q4-2016,Kentucky,KY,T10,T10 Alcoholic Beverages Sales Tax,39,2016,4
Q4-2016,Kentucky,KY,T11,T11 Amusements Sales Tax,0,2016,4
Q4-2016,Kentucky,KY,T12,T12 Insurance Premiums Sales Tax,10,2016,4
Q4-2016,Kentucky,KY,T13,T13 Motor Fuels Sales Tax,192,2016,4
Q4-2016,Kentucky,KY,T14,T14 Pari-Mutuels Sales Tax,1,2016,4
Q4-2016,Kentucky,KY,T15,T15 Public Utilities Sales Tax,16,2016,4
Q4-2016,Kentucky,KY,T16,T16 Tobacco Products Sales Tax,60,2016,4
Q4-2016,Kentucky,KY,T19,T19 Other Selective Sales and Gross Receipts Taxes,196,2016,4
Q4-2016,Kentucky,KY,T20,T20 Alcoholic Beverages License,2,2016,4
Q4-2016,Kentucky,KY,T21,T21 Amusements License,0,2016,4
Q4-2016,Kentucky,KY,T22,T22 Corporations In General License,0,2016,4
Q4-2016,Kentucky,KY,T23,T23 Hunting and Fishing License,7,2016,4
Q4-2016,Kentucky,KY,T24,T24 Motor Vehicles License,45,2016,4
Q4-2016,Kentucky,KY,T25,T25 Motor Vehicle Operators License,4,2016,4
Q4-2016,Kentucky,KY,T27,T27 Public Utilities License,0,2016,4
Q4-2016,Kentucky,KY,T28,"T28 Occupation and Business License, Not Elsewhere Classified",32,2016,4
Q4-2016,Kentucky,KY,T29,T29 Other License Taxes,1,2016,4
Q4-2016,Kentucky,KY,T40,T40 Individual Income Taxes,1068,2016,4
Q4-2016,Kentucky,KY,T41,T41 Corporation Net Income Taxes,195,2016,4
Q4-2016,Kentucky,KY,T50,T50 Death and Gift Taxes,12,2016,4
Q4-2016,Kentucky,KY,T51,T51 Documentary and Stock Transfer Taxes,3,2016,4
Q4-2016,Kentucky,KY,T53,T53 Severance Taxes,35,2016,4
Q4-2016,Kentucky,KY,TOTAL,Total Taxes,3124,2016,4
Q1-2017,Kentucky,KY,T01,T01 Property Taxes,138,2017,1
Q1-2017,Kentucky,KY,T09,T09 General Sales and Gross Receipts Taxes,819,2017,1
Q1-2017,Kentucky,KY,T10,T10 Alcoholic Beverages Sales Tax,33,2017,1
Q1-2017,Kentucky,KY,T11,T11 Amusements Sales Tax,0,2017,1
Q1-2017,Kentucky,KY,T12,T12 Insurance Premiums Sales Tax,53,2017,1
Q1-2017,Kentucky,KY,T13,T13 Motor Fuels Sales Tax,176,2017,1
Q1-2017,Kentucky,KY,T14,T14 Pari-Mutuels Sales Tax,2,2017,1
Q1-2017,Kentucky,KY,T15,T15 Public Utilities Sales Tax,15,2017,1
Q1-2017,Kentucky,KY,T16,T16 Tobacco Products Sales Tax,57,2017,1
Q1-2017,Kentucky,KY,T19,T19 Other Selective Sales and Gross Receipts Taxes,174,2017,1
Q1-2017,Kentucky,KY,T20,T20 Alcoholic Beverages License,2,2017,1
Q1-2017,Kentucky,KY,T21,T21 Amusements License,0,2017,1
Q1-2017,Kentucky,KY,T22,T22 Corporations In General License,105,2017,1
Q1-2017,Kentucky,KY,T23,T23 Hunting and Fishing License,7,2017,1
Q1-2017,Kentucky,KY,T24,T24 Motor Vehicles License,60,2017,1
Q1-2017,Kentucky,KY,T25,T25 Motor Vehicle Operators License,4,2017,1
Q1-2017,Kentucky,KY,T27,T27 Public Utilities License,0,2017,1
Q1-2017,Kentucky,KY,T28,"T28 Occupation and Business License, Not Elsewhere Classified",32,2017,1
Q1-2017,Kentucky,KY,T29,T29 Other License Taxes,1,2017,1
Q1-2017,Kentucky,KY,T40,T40 Individual Income Taxes,944,2017,1
Q1-2017,Kentucky,KY,T41,T41 Corporation Net Income Taxes,78,2017,1
Q1-2017,Kentucky,KY,T50,T50 Death and Gift Taxes,10,2017,1
Q1-2017,Kentucky,KY,T51,T51 Documentary and Stock Transfer Taxes,1,2017,1
Q1-2017,Kentucky,KY,T53,T53 Severance Taxes,34,2017,1
Q1-2017,Kentucky,KY,TOTAL,Total Taxes,2745,2017,1
Q2-2017,Kentucky,KY,T01,T01 Property Taxes,70,2017,2
Q2-2017,Kentucky,KY,T09,T09 General Sales and Gross Receipts Taxes,907,2017,2
Q2-2017,Kentucky,KY,T10,T10 Alcoholic Beverages Sales Tax,37,2017,2
Q2-2017,Kentucky,KY,T11,T11 Amusements Sales Tax,0,2017,2
Q2-2017,Kentucky,KY,T12,T12 Insurance Premiums Sales Tax,48,2017,2
Q2-2017,Kentucky,KY,T13,T13 Motor Fuels Sales Tax,195,2017,2
Q2-2017,Kentucky,KY,T14,T14 Pari-Mutuels Sales Tax,3,2017,2
Q2-2017,Kentucky,KY,T15,T15 Public Utilities Sales Tax,16,2017,2
Q2-2017,Kentucky,KY,T16,T16 Tobacco Products Sales Tax,64,2017,2
Q2-2017,Kentucky,KY,T19,T19 Other Selective Sales and Gross Receipts Taxes,164,2017,2
Q2-2017,Kentucky,KY,T20,T20 Alcoholic Beverages License,2,2017,2
Q2-2017,Kentucky,KY,T21,T21 Amusements License,0,2017,2
Q2-2017,Kentucky,KY,T22,T22 Corporations In General License,5,2017,2
Q2-2017,Kentucky,KY,T23,T23 Hunting and Fishing License,7,2017,2
Q2-2017,Kentucky,KY,T24,T24 Motor Vehicles License,59,2017,2
Q2-2017,Kentucky,KY,T25,T25 Motor Vehicle Operators License,4,2017,2
Q2-2017,Kentucky,KY,T27,T27 Public Utilities License,0,2017,2
Q2-2017,Kentucky,KY,T28,"T28 Occupation and Business License, Not Elsewhere Classified",31,2017,2
Q2-2017,Kentucky,KY,T29,T29 Other License Taxes,1,2017,2
Q2-2017,Kentucky,KY,T40,T40 Individual Income Taxes,1292,2017,2
Q2-2017,Kentucky,KY,T41,T41 Corporation Net Income Taxes,296,2017,2
Q2-2017,Kentucky,KY,T50,T50 Death and Gift Taxes,12,2017,2
Q2-2017,Kentucky,KY,T51,T51 Documentary and Stock Transfer Taxes,1,2017,2
Q2-2017,Kentucky,KY,T53,T53 Severance Taxes,31,2017,2
Q2-2017,Kentucky,KY,TOTAL,Total Taxes,3245,2017,2
Q3-2017,Kentucky,KY,T01,T01 Property Taxes,54,2017,3
Q3-2017,Kentucky,KY,T09,T09 General Sales and Gross Receipts Taxes,903,2017,3
Q3-2017,Kentucky,KY,T10,T10 Alcoholic Beverages Sales Tax,38,2017,3
Q3-2017,Kentucky,KY,T11,T11 Amusements Sales Tax,0,2017,3
Q3-2017,Kentucky,KY,T12,T12 Insurance Premiums Sales Tax,36,2017,3
Q3-2017,Kentucky,KY,T13,T13 Motor Fuels Sales Tax,199,2017,3
Q3-2017,Kentucky,KY,T14,T14 Pari-Mutuels Sales Tax,1,2017,3
Q3-2017,Kentucky,KY,T15,T15 Public Utilities Sales Tax,16,2017,3
Q3-2017,Kentucky,KY,T16,T16 Tobacco Products Sales Tax,61,2017,3
Q3-2017,Kentucky,KY,T19,T19 Other Selective Sales and Gross Receipts Taxes,199,2017,3
Q3-2017,Kentucky,KY,T20,T20 Alcoholic Beverages License,2,2017,3
Q3-2017,Kentucky,KY,T21,T21 Amusements License,0,2017,3
Q3-2017,Kentucky,KY,T22,T22 Corporations In General License,-1,2017,3
Q3-2017,Kentucky,KY,T23,T23 Hunting and Fishing License,7,2017,3
Q3-2017,Kentucky,KY,T24,T24 Motor Vehicles License,48,2017,3
Q3-2017,Kentucky,KY,T25,T25 Motor Vehicle Operators License,4,2017,3
Q3-2017,Kentucky,KY,T27,T27 Public Utilities License,0,2017,3
Q3-2017,Kentucky,KY,T28,"T28 Occupation and Business License, Not Elsewhere Classified",33,2017,3
Q3-2017,Kentucky,KY,T29,T29 Other License Taxes,1,2017,3
Q3-2017,Kentucky,KY,T40,T40 Individual Income Taxes,1123,2017,3
Q3-2017,Kentucky,KY,T41,T41 Corporation Net Income Taxes,197,2017,3
Q3-2017,Kentucky,KY,T50,T50 Death and Gift Taxes,13,2017,3
Q3-2017,Kentucky,KY,T51,T51 Documentary and Stock Transfer Taxes,3,2017,3
Q3-2017,Kentucky,KY,T53,T53 Severance Taxes,34,2017,3
Q3-2017,Kentucky,KY,TOTAL,Total Taxes,2970,2017,3
Q4-2017,Kentucky,KY,T01,T01 Property Taxes,362,2017,4
Q4-2017,Kentucky,KY,T09,T09 General Sales and Gross Receipts Taxes,905,2017,4
Q4-2017,Kentucky,KY,T10,T10 Alcoholic Beverages Sales Tax,37,2017,4
Q4-2017,Kentucky,KY,T11,T11 Amusements Sales Tax,0,2017,4
Q4-2017,Kentucky,KY,T12,T12 Insurance Premiums Sales Tax,10,2017,4
Q4-2017,Kentucky,KY,T13,T13 Motor Fuels Sales Tax,190,2017,4
Q4-2017,Kentucky,KY,T14,T14 Pari-Mutuels Sales Tax,2,2017,4
Q4-2017,Kentucky,KY,T15,T15 Public Utilities Sales Tax,16,2017,4
Q4-2017,Kentucky,KY,T16,T16 Tobacco Products Sales Tax,56,2017,4
Q4-2017,Kentucky,KY,T19,T19 Other Selective Sales and Gross Receipts Taxes,205,2017,4
Q4-2017,Kentucky,KY,T20,T20 Alcoholic Beverages License,2,2017,4
Q4-2017,Kentucky,KY,T21,T21 Amusements License,0,2017,4
Q4-2017,Kentucky,KY,T22,T22 Corporations In General License,1,2017,4
Q4-2017,Kentucky,KY,T23,T23 Hunting and Fishing License,7,2017,4
Q4-2017,Kentucky,KY,T24,T24 Motor Vehicles License,42,2017,4
Q4-2017,Kentucky,KY,T25,T25 Motor Vehicle Operators License,4,2017,4
Q4-2017,Kentucky,KY,T27,T27 Public Utilities License,0,2017,4
Q4-2017,Kentucky,KY,T28,"T28 Occupation and Business License, Not Elsewhere Classified",33,2017,4
Q4-2017,Kentucky,KY,T29,T29 Other License Taxes,1,2017,4
Q4-2017,Kentucky,KY,T40,T40 Individual Income Taxes,1113,2017,4
Q4-2017,Kentucky,KY,T41,T41 Corporation Net Income Taxes,184,2017,4
Q4-2017,Kentucky,KY,T50,T50 Death and Gift Taxes,14,2017,4
Q4-2017,Kentucky,KY,T51,T51 Documentary and Stock Transfer Taxes,3,2017,4
Q4-2017,Kentucky,KY,T53,T53 Severance Taxes,31,2017,4
Q4-2017,Kentucky,KY,TOTAL,Total Taxes,3217,2017,4
Q1-2010,Louisiana,LA,T01,T01 Property Taxes,16,2010,1
Q1-2010,Louisiana,LA,T09,T09 General Sales and Gross Receipts Taxes,614,2010,1
Q1-2010,Louisiana,LA,T10,T10 Alcoholic Beverages Sales Tax,13,2010,1
Q1-2010,Louisiana,LA,T11,T11 Amusements Sales Tax,183,2010,1
Q1-2010,Louisiana,LA,T12,T12 Insurance Premiums Sales Tax,107,2010,1
Q1-2010,Louisiana,LA,T13,T13 Motor Fuels Sales Tax,149,2010,1
Q1-2010,Louisiana,LA,T14,T14 Pari-Mutuels Sales Tax,3,2010,1
Q1-2010,Louisiana,LA,T15,T15 Public Utilities Sales Tax,2,2010,1
Q1-2010,Louisiana,LA,T16,T16 Tobacco Products Sales Tax,33,2010,1
Q1-2010,Louisiana,LA,T19,T19 Other Selective Sales and Gross Receipts Taxes,12,2010,1
Q1-2010,Louisiana,LA,T20,T20 Alcoholic Beverages License,0,2010,1
Q1-2010,Louisiana,LA,T21,T21 Amusements License,0,2010,1
Q1-2010,Louisiana,LA,T22,T22 Corporations In General License,-4,2010,1
Q1-2010,Louisiana,LA,T23,T23 Hunting and Fishing License,3,2010,1
Q1-2010,Louisiana,LA,T24,T24 Motor Vehicles License,12,2010,1
Q1-2010,Louisiana,LA,T25,T25 Motor Vehicle Operators License,3,2010,1
Q1-2010,Louisiana,LA,T27,T27 Public Utilities License,1,2010,1
Q1-2010,Louisiana,LA,T28,"T28 Occupation and Business License, Not Elsewhere Classified",22,2010,1
Q1-2010,Louisiana,LA,T29,T29 Other License Taxes,1,2010,1
Q1-2010,Louisiana,LA,T40,T40 Individual Income Taxes,328,2010,1
Q1-2010,Louisiana,LA,T41,T41 Corporation Net Income Taxes,-13,2010,1
Q1-2010,Louisiana,LA,T50,T50 Death and Gift Taxes,1,2010,1
Q1-2010,Louisiana,LA,T51,T51 Documentary and Stock Transfer Taxes,0,2010,1
Q1-2010,Louisiana,LA,T53,T53 Severance Taxes,186,2010,1
Q1-2010,Louisiana,LA,T99,"T99 Taxes, Not Elsewhere Classified",0,2010,1
Q1-2010,Louisiana,LA,TOTAL,Total Taxes,1670,2010,1
Q2-2010,Louisiana,LA,T01,T01 Property Taxes,16,2010,2
Q2-2010,Louisiana,LA,T09,T09 General Sales and Gross Receipts Taxes,713,2010,2
Q2-2010,Louisiana,LA,T10,T10 Alcoholic Beverages Sales Tax,14,2010,2
Q2-2010,Louisiana,LA,T11,T11 Amusements Sales Tax,161,2010,2
Q2-2010,Louisiana,LA,T12,T12 Insurance Premiums Sales Tax,84,2010,2
Q2-2010,Louisiana,LA,T13,T13 Motor Fuels Sales Tax,152,2010,2
Q2-2010,Louisiana,LA,T14,T14 Pari-Mutuels Sales Tax,1,2010,2
Q2-2010,Louisiana,LA,T15,T15 Public Utilities Sales Tax,2,2010,2
Q2-2010,Louisiana,LA,T16,T16 Tobacco Products Sales Tax,34,2010,2
Q2-2010,Louisiana,LA,T19,T19 Other Selective Sales and Gross Receipts Taxes,18,2010,2
Q2-2010,Louisiana,LA,T20,T20 Alcoholic Beverages License,0,2010,2
Q2-2010,Louisiana,LA,T21,T21 Amusements License,0,2010,2
Q2-2010,Louisiana,LA,T22,T22 Corporations In General License,20,2010,2
Q2-2010,Louisiana,LA,T23,T23 Hunting and Fishing License,3,2010,2
Q2-2010,Louisiana,LA,T24,T24 Motor Vehicles License,6,2010,2
Q2-2010,Louisiana,LA,T25,T25 Motor Vehicle Operators License,2,2010,2
Q2-2010,Louisiana,LA,T27,T27 Public Utilities License,2,2010,2
Q2-2010,Louisiana,LA,T28,"T28 Occupation and Business License, Not Elsewhere Classified",10,2010,2
Q2-2010,Louisiana,LA,T29,T29 Other License Taxes,1,2010,2
Q2-2010,Louisiana,LA,T40,T40 Individual Income Taxes,596,2010,2
Q2-2010,Louisiana,LA,T41,T41 Corporation Net Income Taxes,60,2010,2
Q2-2010,Louisiana,LA,T50,T50 Death and Gift Taxes,0,2010,2
Q2-2010,Louisiana,LA,T51,T51 Documentary and Stock Transfer Taxes,0,2010,2
Q2-2010,Louisiana,LA,T53,T53 Severance Taxes,206,2010,2
Q2-2010,Louisiana,LA,T99,"T99 Taxes, Not Elsewhere Classified",0,2010,2
Q2-2010,Louisiana,LA,TOTAL,Total Taxes,2104,2010,2
Q3-2010,Louisiana,LA,T01,T01 Property Taxes,13,2010,3
Q3-2010,Louisiana,LA,T09,T09 General Sales and Gross Receipts Taxes,704,2010,3
Q3-2010,Louisiana,LA,T10,T10 Alcoholic Beverages Sales Tax,14,2010,3
Q3-2010,Louisiana,LA,T11,T11 Amusements Sales Tax,166,2010,3
Q3-2010,Louisiana,LA,T12,T12 Insurance Premiums Sales Tax,169,2010,3
Q3-2010,Louisiana,LA,T13,T13 Motor Fuels Sales Tax,157,2010,3
Q3-2010,Louisiana,LA,T14,T14 Pari-Mutuels Sales Tax,1,2010,3
Q3-2010,Louisiana,LA,T15,T15 Public Utilities Sales Tax,-4,2010,3
Q3-2010,Louisiana,LA,T16,T16 Tobacco Products Sales Tax,37,2010,3
Q3-2010,Louisiana,LA,T19,T19 Other Selective Sales and Gross Receipts Taxes,16,2010,3
Q3-2010,Louisiana,LA,T20,T20 Alcoholic Beverages License,0,2010,3
Q3-2010,Louisiana,LA,T21,T21 Amusements License,0,2010,3
Q3-2010,Louisiana,LA,T22,T22 Corporations In General License,0,2010,3
Q3-2010,Louisiana,LA,T23,T23 Hunting and Fishing License,8,2010,3
Q3-2010,Louisiana,LA,T24,T24 Motor Vehicles License,9,2010,3
Q3-2010,Louisiana,LA,T25,T25 Motor Vehicle Operators License,2,2010,3
Q3-2010,Louisiana,LA,T27,T27 Public Utilities License,2,2010,3
Q3-2010,Louisiana,LA,T28,"T28 Occupation and Business License, Not Elsewhere Classified",12,2010,3
Q3-2010,Louisiana,LA,T29,T29 Other License Taxes,1,2010,3
Q3-2010,Louisiana,LA,T40,T40 Individual Income Taxes,621,2010,3
Q3-2010,Louisiana,LA,T41,T41 Corporation Net Income Taxes,45,2010,3
Q3-2010,Louisiana,LA,T50,T50 Death and Gift Taxes,0,2010,3
Q3-2010,Louisiana,LA,T51,T51 Documentary and Stock Transfer Taxes,0,2010,3
Q3-2010,Louisiana,LA,T53,T53 Severance Taxes,185,2010,3
Q3-2010,Louisiana,LA,T99,"T99 Taxes, Not Elsewhere Classified",0,2010,3
Q3-2010,Louisiana,LA,TOTAL,Total Taxes,2159,2010,3
Q4-2010,Louisiana,LA,T01,T01 Property Taxes,13,2010,4
Q4-2010,Louisiana,LA,T09,T09 General Sales and Gross Receipts Taxes,704,2010,4
Q4-2010,Louisiana,LA,T10,T10 Alcoholic Beverages Sales Tax,14,2010,4
Q4-2010,Louisiana,LA,T11,T11 Amusements Sales Tax,161,2010,4
Q4-2010,Louisiana,LA,T12,T12 Insurance Premiums Sales Tax,85,2010,4
Q4-2010,Louisiana,LA,T13,T13 Motor Fuels Sales Tax,152,2010,4
Q4-2010,Louisiana,LA,T14,T14 Pari-Mutuels Sales Tax,2,2010,4
Q4-2010,Louisiana,LA,T15,T15 Public Utilities Sales Tax,15,2010,4
Q4-2010,Louisiana,LA,T16,T16 Tobacco Products Sales Tax,34,2010,4
Q4-2010,Louisiana,LA,T19,T19 Other Selective Sales and Gross Receipts Taxes,12,2010,4
Q4-2010,Louisiana,LA,T20,T20 Alcoholic Beverages License,0,2010,4
Q4-2010,Louisiana,LA,T21,T21 Amusements License,0,2010,4
Q4-2010,Louisiana,LA,T22,T22 Corporations In General License,0,2010,4
Q4-2010,Louisiana,LA,T23,T23 Hunting and Fishing License,10,2010,4
Q4-2010,Louisiana,LA,T24,T24 Motor Vehicles License,4,2010,4
Q4-2010,Louisiana,LA,T25,T25 Motor Vehicle Operators License,2,2010,4
Q4-2010,Louisiana,LA,T27,T27 Public Utilities License,3,2010,4
Q4-2010,Louisiana,LA,T28,"T28 Occupation and Business License, Not Elsewhere Classified",19,2010,4
Q4-2010,Louisiana,LA,T29,T29 Other License Taxes,1,2010,4
Q4-2010,Louisiana,LA,T40,T40 Individual Income Taxes,622,2010,4
Q4-2010,Louisiana,LA,T41,T41 Corporation Net Income Taxes,48,2010,4
Q4-2010,Louisiana,LA,T50,T50 Death and Gift Taxes,0,2010,4
Q4-2010,Louisiana,LA,T51,T51 Documentary and Stock Transfer Taxes,0,2010,4
Q4-2010,Louisiana,LA,T53,T53 Severance Taxes,176,2010,4
Q4-2010,Louisiana,LA,T99,"T99 Taxes, Not Elsewhere Classified",0,2010,4
Q4-2010,Louisiana,LA,TOTAL,Total Taxes,2077,2010,4
Q1-2011,Louisiana,LA,T01,T01 Property Taxes,13,2011,1
Q1-2011,Louisiana,LA,T09,T09 General Sales and Gross Receipts Taxes,699,2011,1
Q1-2011,Louisiana,LA,T10,T10 Alcoholic Beverages Sales Tax,13,2011,1
Q1-2011,Louisiana,LA,T11,T11 Amusements Sales Tax,169,2011,1
Q1-2011,Louisiana,LA,T12,T12 Insurance Premiums Sales Tax,99,2011,1
Q1-2011,Louisiana,LA,T13,T13 Motor Fuels Sales Tax,149,2011,1
Q1-2011,Louisiana,LA,T14,T14 Pari-Mutuels Sales Tax,2,2011,1
Q1-2011,Louisiana,LA,T15,T15 Public Utilities Sales Tax,2,2011,1
Q1-2011,Louisiana,LA,T16,T16 Tobacco Products Sales Tax,30,2011,1
Q1-2011,Louisiana,LA,T19,T19 Other Selective Sales and Gross Receipts Taxes,14,2011,1
Q1-2011,Louisiana,LA,T22,T22 Corporations In General License,0,2011,1
Q1-2011,Louisiana,LA,T23,T23 Hunting and Fishing License,4,2011,1
Q1-2011,Louisiana,LA,T24,T24 Motor Vehicles License,12,2011,1
Q1-2011,Louisiana,LA,T25,T25 Motor Vehicle Operators License,3,2011,1
Q1-2011,Louisiana,LA,T27,T27 Public Utilities License,2,2011,1
Q1-2011,Louisiana,LA,T28,"T28 Occupation and Business License, Not Elsewhere Classified",27,2011,1
Q1-2011,Louisiana,LA,T29,T29 Other License Taxes,1,2011,1
Q1-2011,Louisiana,LA,T40,T40 Individual Income Taxes,466,2011,1
Q1-2011,Louisiana,LA,T41,T41 Corporation Net Income Taxes,-57,2011,1
Q1-2011,Louisiana,LA,T50,T50 Death and Gift Taxes,1,2011,1
Q1-2011,Louisiana,LA,T53,T53 Severance Taxes,188,2011,1
Q1-2011,Louisiana,LA,TOTAL,Total Taxes,1835,2011,1
Q2-2011,Louisiana,LA,T01,T01 Property Taxes,13,2011,2
Q2-2011,Louisiana,LA,T09,T09 General Sales and Gross Receipts Taxes,774,2011,2
Q2-2011,Louisiana,LA,T10,T10 Alcoholic Beverages Sales Tax,15,2011,2
Q2-2011,Louisiana,LA,T11,T11 Amusements Sales Tax,164,2011,2
Q2-2011,Louisiana,LA,T12,T12 Insurance Premiums Sales Tax,86,2011,2
Q2-2011,Louisiana,LA,T13,T13 Motor Fuels Sales Tax,159,2011,2
Q2-2011,Louisiana,LA,T14,T14 Pari-Mutuels Sales Tax,3,2011,2
Q2-2011,Louisiana,LA,T15,T15 Public Utilities Sales Tax,2,2011,2
Q2-2011,Louisiana,LA,T16,T16 Tobacco Products Sales Tax,40,2011,2
Q2-2011,Louisiana,LA,T19,T19 Other Selective Sales and Gross Receipts Taxes,20,2011,2
Q2-2011,Louisiana,LA,T22,T22 Corporations In General License,0,2011,2
Q2-2011,Louisiana,LA,T23,T23 Hunting and Fishing License,4,2011,2
Q2-2011,Louisiana,LA,T24,T24 Motor Vehicles License,6,2011,2
Q2-2011,Louisiana,LA,T25,T25 Motor Vehicle Operators License,2,2011,2
Q2-2011,Louisiana,LA,T27,T27 Public Utilities License,3,2011,2
Q2-2011,Louisiana,LA,T28,"T28 Occupation and Business License, Not Elsewhere Classified",13,2011,2
Q2-2011,Louisiana,LA,T29,T29 Other License Taxes,1,2011,2
Q2-2011,Louisiana,LA,T40,T40 Individual Income Taxes,680,2011,2
Q2-2011,Louisiana,LA,T41,T41 Corporation Net Income Taxes,228,2011,2
Q2-2011,Louisiana,LA,T50,T50 Death and Gift Taxes,0,2011,2
Q2-2011,Louisiana,LA,T53,T53 Severance Taxes,215,2011,2
Q2-2011,Louisiana,LA,TOTAL,Total Taxes,2429,2011,2
Q3-2011,Louisiana,LA,T01,T01 Property Taxes,13,2011,3
Q3-2011,Louisiana,LA,T09,T09 General Sales and Gross Receipts Taxes,730,2011,3
Q3-2011,Louisiana,LA,T10,T10 Alcoholic Beverages Sales Tax,14,2011,3
Q3-2011,Louisiana,LA,T11,T11 Amusements Sales Tax,164,2011,3
Q3-2011,Louisiana,LA,T12,T12 Insurance Premiums Sales Tax,176,2011,3
Q3-2011,Louisiana,LA,T13,T13 Motor Fuels Sales Tax,137,2011,3
Q3-2011,Louisiana,LA,T14,T14 Pari-Mutuels Sales Tax,1,2011,3
Q3-2011,Louisiana,LA,T15,T15 Public Utilities Sales Tax,3,2011,3
Q3-2011,Louisiana,LA,T16,T16 Tobacco Products Sales Tax,47,2011,3
Q3-2011,Louisiana,LA,T19,T19 Other Selective Sales and Gross Receipts Taxes,16,2011,3
Q3-2011,Louisiana,LA,T22,T22 Corporations In General License,0,2011,3
Q3-2011,Louisiana,LA,T23,T23 Hunting and Fishing License,9,2011,3
Q3-2011,Louisiana,LA,T24,T24 Motor Vehicles License,8,2011,3
Q3-2011,Louisiana,LA,T25,T25 Motor Vehicle Operators License,2,2011,3
Q3-2011,Louisiana,LA,T27,T27 Public Utilities License,2,2011,3
Q3-2011,Louisiana,LA,T28,"T28 Occupation and Business License, Not Elsewhere Classified",16,2011,3
Q3-2011,Louisiana,LA,T29,T29 Other License Taxes,1,2011,3
Q3-2011,Louisiana,LA,T40,T40 Individual Income Taxes,681,2011,3
Q3-2011,Louisiana,LA,T41,T41 Corporation Net Income Taxes,22,2011,3
Q3-2011,Louisiana,LA,T50,T50 Death and Gift Taxes,0,2011,3
Q3-2011,Louisiana,LA,T53,T53 Severance Taxes,189,2011,3
Q3-2011,Louisiana,LA,TOTAL,Total Taxes,2230,2011,3
Q4-2011,Louisiana,LA,T01,T01 Property Taxes,13,2011,4
Q4-2011,Louisiana,LA,T09,T09 General Sales and Gross Receipts Taxes,696,2011,4
Q4-2011,Louisiana,LA,T10,T10 Alcoholic Beverages Sales Tax,14,2011,4
Q4-2011,Louisiana,LA,T11,T11 Amusements Sales Tax,156,2011,4
Q4-2011,Louisiana,LA,T12,T12 Insurance Premiums Sales Tax,85,2011,4
Q4-2011,Louisiana,LA,T13,T13 Motor Fuels Sales Tax,148,2011,4
Q4-2011,Louisiana,LA,T14,T14 Pari-Mutuels Sales Tax,1,2011,4
Q4-2011,Louisiana,LA,T15,T15 Public Utilities Sales Tax,2,2011,4
Q4-2011,Louisiana,LA,T16,T16 Tobacco Products Sales Tax,32,2011,4
Q4-2011,Louisiana,LA,T19,T19 Other Selective Sales and Gross Receipts Taxes,13,2011,4
Q4-2011,Louisiana,LA,T22,T22 Corporations In General License,3,2011,4
Q4-2011,Louisiana,LA,T23,T23 Hunting and Fishing License,8,2011,4
Q4-2011,Louisiana,LA,T24,T24 Motor Vehicles License,7,2011,4
Q4-2011,Louisiana,LA,T25,T25 Motor Vehicle Operators License,2,2011,4
Q4-2011,Louisiana,LA,T27,T27 Public Utilities License,2,2011,4
Q4-2011,Louisiana,LA,T28,"T28 Occupation and Business License, Not Elsewhere Classified",14,2011,4
Q4-2011,Louisiana,LA,T29,T29 Other License Taxes,1,2011,4
Q4-2011,Louisiana,LA,T40,T40 Individual Income Taxes,596,2011,4
Q4-2011,Louisiana,LA,T41,T41 Corporation Net Income Taxes,8,2011,4
Q4-2011,Louisiana,LA,T50,T50 Death and Gift Taxes,0,2011,4
Q4-2011,Louisiana,LA,T53,T53 Severance Taxes,185,2011,4
Q4-2011,Louisiana,LA,TOTAL,Total Taxes,1986,2011,4
Q1-2012,Louisiana,LA,T01,T01 Property Taxes,13,2012,1
Q1-2012,Louisiana,LA,T09,T09 General Sales and Gross Receipts Taxes,741,2012,1
Q1-2012,Louisiana,LA,T10,T10 Alcoholic Beverages Sales Tax,14,2012,1
Q1-2012,Louisiana,LA,T11,T11 Amusements Sales Tax,187,2012,1
Q1-2012,Louisiana,LA,T12,T12 Insurance Premiums Sales Tax,95,2012,1
Q1-2012,Louisiana,LA,T13,T13 Motor Fuels Sales Tax,144,2012,1
Q1-2012,Louisiana,LA,T14,T14 Pari-Mutuels Sales Tax,2,2012,1
Q1-2012,Louisiana,LA,T15,T15 Public Utilities Sales Tax,5,2012,1
Q1-2012,Louisiana,LA,T16,T16 Tobacco Products Sales Tax,22,2012,1
Q1-2012,Louisiana,LA,T19,T19 Other Selective Sales and Gross Receipts Taxes,16,2012,1
Q1-2012,Louisiana,LA,T22,T22 Corporations In General License,-20,2012,1
Q1-2012,Louisiana,LA,T23,T23 Hunting and Fishing License,3,2012,1
Q1-2012,Louisiana,LA,T24,T24 Motor Vehicles License,2,2012,1
Q1-2012,Louisiana,LA,T25,T25 Motor Vehicle Operators License,2,2012,1
Q1-2012,Louisiana,LA,T27,T27 Public Utilities License,1,2012,1
Q1-2012,Louisiana,LA,T28,"T28 Occupation and Business License, Not Elsewhere Classified",32,2012,1
Q1-2012,Louisiana,LA,T29,T29 Other License Taxes,1,2012,1
Q1-2012,Louisiana,LA,T40,T40 Individual Income Taxes,443,2012,1
Q1-2012,Louisiana,LA,T41,T41 Corporation Net Income Taxes,-57,2012,1
Q1-2012,Louisiana,LA,T50,T50 Death and Gift Taxes,-1,2012,1
Q1-2012,Louisiana,LA,T53,T53 Severance Taxes,225,2012,1
Q1-2012,Louisiana,LA,TOTAL,Total Taxes,1872,2012,1
Q2-2012,Louisiana,LA,T01,T01 Property Taxes,13,2012,2
Q2-2012,Louisiana,LA,T09,T09 General Sales and Gross Receipts Taxes,755,2012,2
Q2-2012,Louisiana,LA,T10,T10 Alcoholic Beverages Sales Tax,15,2012,2
Q2-2012,Louisiana,LA,T11,T11 Amusements Sales Tax,175,2012,2
Q2-2012,Louisiana,LA,T12,T12 Insurance Premiums Sales Tax,91,2012,2
Q2-2012,Louisiana,LA,T13,T13 Motor Fuels Sales Tax,151,2012,2
Q2-2012,Louisiana,LA,T14,T14 Pari-Mutuels Sales Tax,3,2012,2
Q2-2012,Louisiana,LA,T15,T15 Public Utilities Sales Tax,5,2012,2
Q2-2012,Louisiana,LA,T16,T16 Tobacco Products Sales Tax,37,2012,2
Q2-2012,Louisiana,LA,T19,T19 Other Selective Sales and Gross Receipts Taxes,22,2012,2
Q2-2012,Louisiana,LA,T22,T22 Corporations In General License,85,2012,2
Q2-2012,Louisiana,LA,T23,T23 Hunting and Fishing License,5,2012,2
Q2-2012,Louisiana,LA,T24,T24 Motor Vehicles License,11,2012,2
Q2-2012,Louisiana,LA,T25,T25 Motor Vehicle Operators License,2,2012,2
Q2-2012,Louisiana,LA,T27,T27 Public Utilities License,3,2012,2
Q2-2012,Louisiana,LA,T28,"T28 Occupation and Business License, Not Elsewhere Classified",14,2012,2
Q2-2012,Louisiana,LA,T29,T29 Other License Taxes,2,2012,2
Q2-2012,Louisiana,LA,T40,T40 Individual Income Taxes,723,2012,2
Q2-2012,Louisiana,LA,T41,T41 Corporation Net Income Taxes,254,2012,2
Q2-2012,Louisiana,LA,T50,T50 Death and Gift Taxes,0,2012,2
Q2-2012,Louisiana,LA,T53,T53 Severance Taxes,242,2012,2
Q2-2012,Louisiana,LA,TOTAL,Total Taxes,2605,2012,2
Q3-2012,Louisiana,LA,T01,T01 Property Taxes,13,2012,3
Q3-2012,Louisiana,LA,T09,T09 General Sales and Gross Receipts Taxes,689,2012,3
Q3-2012,Louisiana,LA,T10,T10 Alcoholic Beverages Sales Tax,14,2012,3
Q3-2012,Louisiana,LA,T11,T11 Amusements Sales Tax,176,2012,3
Q3-2012,Louisiana,LA,T12,T12 Insurance Premiums Sales Tax,175,2012,3
Q3-2012,Louisiana,LA,T13,T13 Motor Fuels Sales Tax,175,2012,3
Q3-2012,Louisiana,LA,T14,T14 Pari-Mutuels Sales Tax,1,2012,3
Q3-2012,Louisiana,LA,T15,T15 Public Utilities Sales Tax,2,2012,3
Q3-2012,Louisiana,LA,T16,T16 Tobacco Products Sales Tax,47,2012,3
Q3-2012,Louisiana,LA,T19,T19 Other Selective Sales and Gross Receipts Taxes,17,2012,3
Q3-2012,Louisiana,LA,T22,T22 Corporations In General License,25,2012,3
Q3-2012,Louisiana,LA,T23,T23 Hunting and Fishing License,8,2012,3
Q3-2012,Louisiana,LA,T24,T24 Motor Vehicles License,7,2012,3
Q3-2012,Louisiana,LA,T25,T25 Motor Vehicle Operators License,2,2012,3
Q3-2012,Louisiana,LA,T27,T27 Public Utilities License,2,2012,3
Q3-2012,Louisiana,LA,T28,"T28 Occupation and Business License, Not Elsewhere Classified",17,2012,3
Q3-2012,Louisiana,LA,T29,T29 Other License Taxes,1,2012,3
Q3-2012,Louisiana,LA,T40,T40 Individual Income Taxes,697,2012,3
Q3-2012,Louisiana,LA,T41,T41 Corporation Net Income Taxes,78,2012,3
Q3-2012,Louisiana,LA,T50,T50 Death and Gift Taxes,0,2012,3
Q3-2012,Louisiana,LA,T53,T53 Severance Taxes,201,2012,3
Q3-2012,Louisiana,LA,TOTAL,Total Taxes,2346,2012,3
Q4-2012,Louisiana,LA,T01,T01 Property Taxes,13,2012,4
Q4-2012,Louisiana,LA,T09,T09 General Sales and Gross Receipts Taxes,722,2012,4
Q4-2012,Louisiana,LA,T10,T10 Alcoholic Beverages Sales Tax,15,2012,4
Q4-2012,Louisiana,LA,T11,T11 Amusements Sales Tax,162,2012,4
Q4-2012,Louisiana,LA,T12,T12 Insurance Premiums Sales Tax,93,2012,4
Q4-2012,Louisiana,LA,T13,T13 Motor Fuels Sales Tax,145,2012,4
Q4-2012,Louisiana,LA,T14,T14 Pari-Mutuels Sales Tax,1,2012,4
Q4-2012,Louisiana,LA,T15,T15 Public Utilities Sales Tax,2,2012,4
Q4-2012,Louisiana,LA,T16,T16 Tobacco Products Sales Tax,35,2012,4
Q4-2012,Louisiana,LA,T19,T19 Other Selective Sales and Gross Receipts Taxes,15,2012,4
Q4-2012,Louisiana,LA,T22,T22 Corporations In General License,6,2012,4
Q4-2012,Louisiana,LA,T23,T23 Hunting and Fishing License,9,2012,4
Q4-2012,Louisiana,LA,T24,T24 Motor Vehicles License,7,2012,4
Q4-2012,Louisiana,LA,T25,T25 Motor Vehicle Operators License,2,2012,4
Q4-2012,Louisiana,LA,T27,T27 Public Utilities License,2,2012,4
Q4-2012,Louisiana,LA,T28,"T28 Occupation and Business License, Not Elsewhere Classified",20,2012,4
Q4-2012,Louisiana,LA,T29,T29 Other License Taxes,1,2012,4
Q4-2012,Louisiana,LA,T40,T40 Individual Income Taxes,734,2012,4
Q4-2012,Louisiana,LA,T41,T41 Corporation Net Income Taxes,17,2012,4
Q4-2012,Louisiana,LA,T50,T50 Death and Gift Taxes,0,2012,4
Q4-2012,Louisiana,LA,T53,T53 Severance Taxes,207,2012,4
Q4-2012,Louisiana,LA,TOTAL,Total Taxes,2208,2012,4
Q1-2013,Louisiana,LA,T01,T01 Property Taxes,13,2013,1
Q1-2013,Louisiana,LA,T09,T09 General Sales and Gross Receipts Taxes,739,2013,1
Q1-2013,Louisiana,LA,T10,T10 Alcoholic Beverages Sales Tax,15,2013,1
Q1-2013,Louisiana,LA,T11,T11 Amusements Sales Tax,195,2013,1
Q1-2013,Louisiana,LA,T12,T12 Insurance Premiums Sales Tax,95,2013,1
Q1-2013,Louisiana,LA,T13,T13 Motor Fuels Sales Tax,137,2013,1
Q1-2013,Louisiana,LA,T14,T14 Pari-Mutuels Sales Tax,2,2013,1
Q1-2013,Louisiana,LA,T15,T15 Public Utilities Sales Tax,3,2013,1
Q1-2013,Louisiana,LA,T16,T16 Tobacco Products Sales Tax,33,2013,1
Q1-2013,Louisiana,LA,T19,T19 Other Selective Sales and Gross Receipts Taxes,15,2013,1
Q1-2013,Louisiana,LA,T22,T22 Corporations In General License,-8,2013,1
Q1-2013,Louisiana,LA,T23,T23 Hunting and Fishing License,3,2013,1
Q1-2013,Louisiana,LA,T24,T24 Motor Vehicles License,8,2013,1
Q1-2013,Louisiana,LA,T25,T25 Motor Vehicle Operators License,2,2013,1
Q1-2013,Louisiana,LA,T27,T27 Public Utilities License,2,2013,1
Q1-2013,Louisiana,LA,T28,"T28 Occupation and Business License, Not Elsewhere Classified",32,2013,1
Q1-2013,Louisiana,LA,T29,T29 Other License Taxes,1,2013,1
Q1-2013,Louisiana,LA,T40,T40 Individual Income Taxes,524,2013,1
Q1-2013,Louisiana,LA,T41,T41 Corporation Net Income Taxes,-25,2013,1
Q1-2013,Louisiana,LA,T50,T50 Death and Gift Taxes,0,2013,1
Q1-2013,Louisiana,LA,T53,T53 Severance Taxes,222,2013,1
Q1-2013,Louisiana,LA,TOTAL,Total Taxes,2008,2013,1
Q2-2013,Louisiana,LA,T01,T01 Property Taxes,13,2013,2
Q2-2013,Louisiana,LA,T09,T09 General Sales and Gross Receipts Taxes,778,2013,2
Q2-2013,Louisiana,LA,T10,T10 Alcoholic Beverages Sales Tax,15,2013,2
Q2-2013,Louisiana,LA,T11,T11 Amusements Sales Tax,168,2013,2
Q2-2013,Louisiana,LA,T12,T12 Insurance Premiums Sales Tax,141,2013,2
Q2-2013,Louisiana,LA,T13,T13 Motor Fuels Sales Tax,153,2013,2
Q2-2013,Louisiana,LA,T14,T14 Pari-Mutuels Sales Tax,3,2013,2
Q2-2013,Louisiana,LA,T15,T15 Public Utilities Sales Tax,2,2013,2
Q2-2013,Louisiana,LA,T16,T16 Tobacco Products Sales Tax,36,2013,2
Q2-2013,Louisiana,LA,T19,T19 Other Selective Sales and Gross Receipts Taxes,24,2013,2
Q2-2013,Louisiana,LA,T20,T20 Alcoholic Beverages License,0,2013,2
Q2-2013,Louisiana,LA,T21,T21 Amusements License,0,2013,2
Q2-2013,Louisiana,LA,T22,T22 Corporations In General License,73,2013,2
Q2-2013,Louisiana,LA,T23,T23 Hunting and Fishing License,4,2013,2
Q2-2013,Louisiana,LA,T24,T24 Motor Vehicles License,9,2013,2
Q2-2013,Louisiana,LA,T25,T25 Motor Vehicle Operators License,2,2013,2
Q2-2013,Louisiana,LA,T27,T27 Public Utilities License,0,2013,2
Q2-2013,Louisiana,LA,T28,"T28 Occupation and Business License, Not Elsewhere Classified",14,2013,2
Q2-2013,Louisiana,LA,T29,T29 Other License Taxes,1,2013,2
Q2-2013,Louisiana,LA,T40,T40 Individual Income Taxes,781,2013,2
Q2-2013,Louisiana,LA,T41,T41 Corporation Net Income Taxes,218,2013,2
Q2-2013,Louisiana,LA,T50,T50 Death and Gift Taxes,0,2013,2
Q2-2013,Louisiana,LA,T51,T51 Documentary and Stock Transfer Taxes,0,2013,2
Q2-2013,Louisiana,LA,T53,T53 Severance Taxes,213,2013,2
Q2-2013,Louisiana,LA,T99,"T99 Taxes, Not Elsewhere Classified",0,2013,2
Q2-2013,Louisiana,LA,TOTAL,Total Taxes,2648,2013,2
Q3-2013,Louisiana,LA,T01,T01 Property Taxes,13,2013,3
Q3-2013,Louisiana,LA,T09,T09 General Sales and Gross Receipts Taxes,758,2013,3
Q3-2013,Louisiana,LA,T10,T10 Alcoholic Beverages Sales Tax,12,2013,3
Q3-2013,Louisiana,LA,T11,T11 Amusements Sales Tax,166,2013,3
Q3-2013,Louisiana,LA,T12,T12 Insurance Premiums Sales Tax,191,2013,3
Q3-2013,Louisiana,LA,T13,T13 Motor Fuels Sales Tax,150,2013,3
Q3-2013,Louisiana,LA,T14,T14 Pari-Mutuels Sales Tax,1,2013,3
Q3-2013,Louisiana,LA,T15,T15 Public Utilities Sales Tax,2,2013,3
Q3-2013,Louisiana,LA,T16,T16 Tobacco Products Sales Tax,31,2013,3
Q3-2013,Louisiana,LA,T19,T19 Other Selective Sales and Gross Receipts Taxes,122,2013,3
Q3-2013,Louisiana,LA,T20,T20 Alcoholic Beverages License,0,2013,3
Q3-2013,Louisiana,LA,T21,T21 Amusements License,0,2013,3
Q3-2013,Louisiana,LA,T22,T22 Corporations In General License,12,2013,3
Q3-2013,Louisiana,LA,T23,T23 Hunting and Fishing License,9,2013,3
Q3-2013,Louisiana,LA,T24,T24 Motor Vehicles License,8,2013,3
Q3-2013,Louisiana,LA,T25,T25 Motor Vehicle Operators License,2,2013,3
Q3-2013,Louisiana,LA,T27,T27 Public Utilities License,2,2013,3
Q3-2013,Louisiana,LA,T28,"T28 Occupation and Business License, Not Elsewhere Classified",13,2013,3
Q3-2013,Louisiana,LA,T29,T29 Other License Taxes,1,2013,3
Q3-2013,Louisiana,LA,T40,T40 Individual Income Taxes,802,2013,3
Q3-2013,Louisiana,LA,T41,T41 Corporation Net Income Taxes,36,2013,3
Q3-2013,Louisiana,LA,T50,T50 Death and Gift Taxes,0,2013,3
Q3-2013,Louisiana,LA,T51,T51 Documentary and Stock Transfer Taxes,0,2013,3
Q3-2013,Louisiana,LA,T53,T53 Severance Taxes,224,2013,3
Q3-2013,Louisiana,LA,T99,"T99 Taxes, Not Elsewhere Classified",0,2013,3
Q3-2013,Louisiana,LA,TOTAL,Total Taxes,2555,2013,3
Q4-2013,Louisiana,LA,T01,T01 Property Taxes,13,2013,4
Q4-2013,Louisiana,LA,T09,T09 General Sales and Gross Receipts Taxes,742,2013,4
Q4-2013,Louisiana,LA,T10,T10 Alcoholic Beverages Sales Tax,14,2013,4
Q4-2013,Louisiana,LA,T11,T11 Amusements Sales Tax,162,2013,4
Q4-2013,Louisiana,LA,T12,T12 Insurance Premiums Sales Tax,107,2013,4
Q4-2013,Louisiana,LA,T13,T13 Motor Fuels Sales Tax,146,2013,4
Q4-2013,Louisiana,LA,T14,T14 Pari-Mutuels Sales Tax,1,2013,4
Q4-2013,Louisiana,LA,T15,T15 Public Utilities Sales Tax,2,2013,4
Q4-2013,Louisiana,LA,T16,T16 Tobacco Products Sales Tax,33,2013,4
Q4-2013,Louisiana,LA,T19,T19 Other Selective Sales and Gross Receipts Taxes,118,2013,4
Q4-2013,Louisiana,LA,T20,T20 Alcoholic Beverages License,0,2013,4
Q4-2013,Louisiana,LA,T21,T21 Amusements License,0,2013,4
Q4-2013,Louisiana,LA,T22,T22 Corporations In General License,66,2013,4
Q4-2013,Louisiana,LA,T23,T23 Hunting and Fishing License,9,2013,4
Q4-2013,Louisiana,LA,T24,T24 Motor Vehicles License,7,2013,4
Q4-2013,Louisiana,LA,T25,T25 Motor Vehicle Operators License,2,2013,4
Q4-2013,Louisiana,LA,T27,T27 Public Utilities License,2,2013,4
Q4-2013,Louisiana,LA,T28,"T28 Occupation and Business License, Not Elsewhere Classified",12,2013,4
Q4-2013,Louisiana,LA,T29,T29 Other License Taxes,1,2013,4
Q4-2013,Louisiana,LA,T40,T40 Individual Income Taxes,726,2013,4
Q4-2013,Louisiana,LA,T41,T41 Corporation Net Income Taxes,198,2013,4
Q4-2013,Louisiana,LA,T50,T50 Death and Gift Taxes,0,2013,4
Q4-2013,Louisiana,LA,T51,T51 Documentary and Stock Transfer Taxes,0,2013,4
Q4-2013,Louisiana,LA,T53,T53 Severance Taxes,203,2013,4
Q4-2013,Louisiana,LA,T99,"T99 Taxes, Not Elsewhere Classified",0,2013,4
Q4-2013,Louisiana,LA,TOTAL,Total Taxes,2564,2013,4
Q1-2014,Louisiana,LA,T01,T01 Property Taxes,13,2014,1
Q1-2014,Louisiana,LA,T09,T09 General Sales and Gross Receipts Taxes,741,2014,1
Q1-2014,Louisiana,LA,T10,T10 Alcoholic Beverages Sales Tax,14,2014,1
Q1-2014,Louisiana,LA,T11,T11 Amusements Sales Tax,170,2014,1
Q1-2014,Louisiana,LA,T12,T12 Insurance Premiums Sales Tax,109,2014,1
Q1-2014,Louisiana,LA,T13,T13 Motor Fuels Sales Tax,142,2014,1
Q1-2014,Louisiana,LA,T14,T14 Pari-Mutuels Sales Tax,2,2014,1
Q1-2014,Louisiana,LA,T15,T15 Public Utilities Sales Tax,3,2014,1
Q1-2014,Louisiana,LA,T16,T16 Tobacco Products Sales Tax,28,2014,1
Q1-2014,Louisiana,LA,T19,T19 Other Selective Sales and Gross Receipts Taxes,125,2014,1
Q1-2014,Louisiana,LA,T22,T22 Corporations In General License,29,2014,1
Q1-2014,Louisiana,LA,T23,T23 Hunting and Fishing License,3,2014,1
Q1-2014,Louisiana,LA,T24,T24 Motor Vehicles License,9,2014,1
Q1-2014,Louisiana,LA,T25,T25 Motor Vehicle Operators License,3,2014,1
Q1-2014,Louisiana,LA,T27,T27 Public Utilities License,2,2014,1
Q1-2014,Louisiana,LA,T28,"T28 Occupation and Business License, Not Elsewhere Classified",22,2014,1
Q1-2014,Louisiana,LA,T29,T29 Other License Taxes,1,2014,1
Q1-2014,Louisiana,LA,T40,T40 Individual Income Taxes,550,2014,1
Q1-2014,Louisiana,LA,T41,T41 Corporation Net Income Taxes,88,2014,1
Q1-2014,Louisiana,LA,T50,T50 Death and Gift Taxes,0,2014,1
Q1-2014,Louisiana,LA,T53,T53 Severance Taxes,191,2014,1
Q1-2014,Louisiana,LA,TOTAL,Total Taxes,2246,2014,1
Q2-2014,Louisiana,LA,T01,T01 Property Taxes,13,2014,2
Q2-2014,Louisiana,LA,T09,T09 General Sales and Gross Receipts Taxes,778,2014,2
Q2-2014,Louisiana,LA,T10,T10 Alcoholic Beverages Sales Tax,15,2014,2
Q2-2014,Louisiana,LA,T11,T11 Amusements Sales Tax,166,2014,2
Q2-2014,Louisiana,LA,T12,T12 Insurance Premiums Sales Tax,122,2014,2
Q2-2014,Louisiana,LA,T13,T13 Motor Fuels Sales Tax,152,2014,2
Q2-2014,Louisiana,LA,T14,T14 Pari-Mutuels Sales Tax,3,2014,2
Q2-2014,Louisiana,LA,T15,T15 Public Utilities Sales Tax,2,2014,2
Q2-2014,Louisiana,LA,T16,T16 Tobacco Products Sales Tax,23,2014,2
Q2-2014,Louisiana,LA,T19,T19 Other Selective Sales and Gross Receipts Taxes,134,2014,2
Q2-2014,Louisiana,LA,T20,T20 Alcoholic Beverages License,0,2014,2
Q2-2014,Louisiana,LA,T22,T22 Corporations In General License,48,2014,2
Q2-2014,Louisiana,LA,T23,T23 Hunting and Fishing License,4,2014,2
Q2-2014,Louisiana,LA,T24,T24 Motor Vehicles License,9,2014,2
Q2-2014,Louisiana,LA,T25,T25 Motor Vehicle Operators License,2,2014,2
Q2-2014,Louisiana,LA,T27,T27 Public Utilities License,2,2014,2
Q2-2014,Louisiana,LA,T28,"T28 Occupation and Business License, Not Elsewhere Classified",13,2014,2
Q2-2014,Louisiana,LA,T29,T29 Other License Taxes,1,2014,2
Q2-2014,Louisiana,LA,T40,T40 Individual Income Taxes,743,2014,2
Q2-2014,Louisiana,LA,T41,T41 Corporation Net Income Taxes,145,2014,2
Q2-2014,Louisiana,LA,T50,T50 Death and Gift Taxes,0,2014,2
Q2-2014,Louisiana,LA,T53,T53 Severance Taxes,209,2014,2
Q2-2014,Louisiana,LA,TOTAL,Total Taxes,2586,2014,2
Q3-2014,Louisiana,LA,T01,T01 Property Taxes,13,2014,3
Q3-2014,Louisiana,LA,T09,T09 General Sales and Gross Receipts Taxes,796,2014,3
Q3-2014,Louisiana,LA,T10,T10 Alcoholic Beverages Sales Tax,14,2014,3
Q3-2014,Louisiana,LA,T11,T11 Amusements Sales Tax,183,2014,3
Q3-2014,Louisiana,LA,T12,T12 Insurance Premiums Sales Tax,203,2014,3
Q3-2014,Louisiana,LA,T13,T13 Motor Fuels Sales Tax,152,2014,3
Q3-2014,Louisiana,LA,T14,T14 Pari-Mutuels Sales Tax,1,2014,3
Q3-2014,Louisiana,LA,T15,T15 Public Utilities Sales Tax,3,2014,3
Q3-2014,Louisiana,LA,T16,T16 Tobacco Products Sales Tax,34,2014,3
Q3-2014,Louisiana,LA,T19,T19 Other Selective Sales and Gross Receipts Taxes,133,2014,3
Q3-2014,Louisiana,LA,T20,T20 Alcoholic Beverages License,0,2014,3
Q3-2014,Louisiana,LA,T22,T22 Corporations In General License,24,2014,3
Q3-2014,Louisiana,LA,T23,T23 Hunting and Fishing License,9,2014,3
Q3-2014,Louisiana,LA,T24,T24 Motor Vehicles License,8,2014,3
Q3-2014,Louisiana,LA,T25,T25 Motor Vehicle Operators License,2,2014,3
Q3-2014,Louisiana,LA,T27,T27 Public Utilities License,2,2014,3
Q3-2014,Louisiana,LA,T28,"T28 Occupation and Business License, Not Elsewhere Classified",16,2014,3
Q3-2014,Louisiana,LA,T29,T29 Other License Taxes,1,2014,3
Q3-2014,Louisiana,LA,T40,T40 Individual Income Taxes,781,2014,3
Q3-2014,Louisiana,LA,T41,T41 Corporation Net Income Taxes,72,2014,3
Q3-2014,Louisiana,LA,T50,T50 Death and Gift Taxes,0,2014,3
Q3-2014,Louisiana,LA,T53,T53 Severance Taxes,233,2014,3
Q3-2014,Louisiana,LA,TOTAL,Total Taxes,2683,2014,3
Q4-2014,Louisiana,LA,T01,T01 Property Taxes,13,2014,4
Q4-2014,Louisiana,LA,T09,T09 General Sales and Gross Receipts Taxes,775,2014,4
Q4-2014,Louisiana,LA,T10,T10 Alcoholic Beverages Sales Tax,14,2014,4
Q4-2014,Louisiana,LA,T11,T11 Amusements Sales Tax,173,2014,4
Q4-2014,Louisiana,LA,T12,T12 Insurance Premiums Sales Tax,106,2014,4
Q4-2014,Louisiana,LA,T13,T13 Motor Fuels Sales Tax,153,2014,4
Q4-2014,Louisiana,LA,T14,T14 Pari-Mutuels Sales Tax,1,2014,4
Q4-2014,Louisiana,LA,T15,T15 Public Utilities Sales Tax,2,2014,4
Q4-2014,Louisiana,LA,T16,T16 Tobacco Products Sales Tax,34,2014,4
Q4-2014,Louisiana,LA,T19,T19 Other Selective Sales and Gross Receipts Taxes,122,2014,4
Q4-2014,Louisiana,LA,T20,T20 Alcoholic Beverages License,0,2014,4
Q4-2014,Louisiana,LA,T22,T22 Corporations In General License,55,2014,4
Q4-2014,Louisiana,LA,T23,T23 Hunting and Fishing License,10,2014,4
Q4-2014,Louisiana,LA,T24,T24 Motor Vehicles License,7,2014,4
Q4-2014,Louisiana,LA,T25,T25 Motor Vehicle Operators License,2,2014,4
Q4-2014,Louisiana,LA,T27,T27 Public Utilities License,2,2014,4
Q4-2014,Louisiana,LA,T28,"T28 Occupation and Business License, Not Elsewhere Classified",13,2014,4
Q4-2014,Louisiana,LA,T29,T29 Other License Taxes,1,2014,4
Q4-2014,Louisiana,LA,T40,T40 Individual Income Taxes,752,2014,4
Q4-2014,Louisiana,LA,T41,T41 Corporation Net Income Taxes,165,2014,4
Q4-2014,Louisiana,LA,T50,T50 Death and Gift Taxes,0,2014,4
Q4-2014,Louisiana,LA,T53,T53 Severance Taxes,219,2014,4
Q4-2014,Louisiana,LA,TOTAL,Total Taxes,2619,2014,4
Q1-2015,Louisiana,LA,T01,T01 Property Taxes,13,2015,1
Q1-2015,Louisiana,LA,T09,T09 General Sales and Gross Receipts Taxes,780,2015,1
Q1-2015,Louisiana,LA,T10,T10 Alcoholic Beverages Sales Tax,15,2015,1
Q1-2015,Louisiana,LA,T11,T11 Amusements Sales Tax,181,2015,1
Q1-2015,Louisiana,LA,T12,T12 Insurance Premiums Sales Tax,104,2015,1
Q1-2015,Louisiana,LA,T13,T13 Motor Fuels Sales Tax,144,2015,1
Q1-2015,Louisiana,LA,T14,T14 Pari-Mutuels Sales Tax,1,2015,1
Q1-2015,Louisiana,LA,T15,T15 Public Utilities Sales Tax,2,2015,1
Q1-2015,Louisiana,LA,T16,T16 Tobacco Products Sales Tax,35,2015,1
Q1-2015,Louisiana,LA,T19,T19 Other Selective Sales and Gross Receipts Taxes,137,2015,1
Q1-2015,Louisiana,LA,T20,T20 Alcoholic Beverages License,0,2015,1
Q1-2015,Louisiana,LA,T22,T22 Corporations In General License,-19,2015,1
Q1-2015,Louisiana,LA,T23,T23 Hunting and Fishing License,3,2015,1
Q1-2015,Louisiana,LA,T24,T24 Motor Vehicles License,8,2015,1
Q1-2015,Louisiana,LA,T25,T25 Motor Vehicle Operators License,3,2015,1
Q1-2015,Louisiana,LA,T27,T27 Public Utilities License,2,2015,1
Q1-2015,Louisiana,LA,T28,"T28 Occupation and Business License, Not Elsewhere Classified",22,2015,1
Q1-2015,Louisiana,LA,T29,T29 Other License Taxes,1,2015,1
Q1-2015,Louisiana,LA,T40,T40 Individual Income Taxes,578,2015,1
Q1-2015,Louisiana,LA,T41,T41 Corporation Net Income Taxes,-55,2015,1
Q1-2015,Louisiana,LA,T50,T50 Death and Gift Taxes,0,2015,1
Q1-2015,Louisiana,LA,T53,T53 Severance Taxes,159,2015,1
Q1-2015,Louisiana,LA,TOTAL,Total Taxes,2115,2015,1
Q2-2015,Louisiana,LA,T01,T01 Property Taxes,13,2015,2
Q2-2015,Louisiana,LA,T09,T09 General Sales and Gross Receipts Taxes,774,2015,2
Q2-2015,Louisiana,LA,T10,T10 Alcoholic Beverages Sales Tax,14,2015,2
Q2-2015,Louisiana,LA,T11,T11 Amusements Sales Tax,166,2015,2
Q2-2015,Louisiana,LA,T12,T12 Insurance Premiums Sales Tax,127,2015,2
Q2-2015,Louisiana,LA,T13,T13 Motor Fuels Sales Tax,155,2015,2
Q2-2015,Louisiana,LA,T14,T14 Pari-Mutuels Sales Tax,2,2015,2
Q2-2015,Louisiana,LA,T15,T15 Public Utilities Sales Tax,2,2015,2
Q2-2015,Louisiana,LA,T16,T16 Tobacco Products Sales Tax,53,2015,2
Q2-2015,Louisiana,LA,T19,T19 Other Selective Sales and Gross Receipts Taxes,147,2015,2
Q2-2015,Louisiana,LA,T20,T20 Alcoholic Beverages License,0,2015,2
Q2-2015,Louisiana,LA,T22,T22 Corporations In General License,63,2015,2
Q2-2015,Louisiana,LA,T23,T23 Hunting and Fishing License,4,2015,2
Q2-2015,Louisiana,LA,T24,T24 Motor Vehicles License,10,2015,2
Q2-2015,Louisiana,LA,T25,T25 Motor Vehicle Operators License,2,2015,2
Q2-2015,Louisiana,LA,T27,T27 Public Utilities License,2,2015,2
Q2-2015,Louisiana,LA,T28,"T28 Occupation and Business License, Not Elsewhere Classified",13,2015,2
Q2-2015,Louisiana,LA,T29,T29 Other License Taxes,1,2015,2
Q2-2015,Louisiana,LA,T40,T40 Individual Income Taxes,805,2015,2
Q2-2015,Louisiana,LA,T41,T41 Corporation Net Income Taxes,192,2015,2
Q2-2015,Louisiana,LA,T50,T50 Death and Gift Taxes,0,2015,2
Q2-2015,Louisiana,LA,T53,T53 Severance Taxes,124,2015,2
Q2-2015,Louisiana,LA,TOTAL,Total Taxes,2670,2015,2
Q3-2015,Louisiana,LA,T01,T01 Property Taxes,13,2015,3
Q3-2015,Louisiana,LA,T09,T09 General Sales and Gross Receipts Taxes,751,2015,3
Q3-2015,Louisiana,LA,T10,T10 Alcoholic Beverages Sales Tax,15,2015,3
Q3-2015,Louisiana,LA,T11,T11 Amusements Sales Tax,162,2015,3
Q3-2015,Louisiana,LA,T12,T12 Insurance Premiums Sales Tax,205,2015,3
Q3-2015,Louisiana,LA,T13,T13 Motor Fuels Sales Tax,157,2015,3
Q3-2015,Louisiana,LA,T14,T14 Pari-Mutuels Sales Tax,1,2015,3
Q3-2015,Louisiana,LA,T15,T15 Public Utilities Sales Tax,2,2015,3
Q3-2015,Louisiana,LA,T16,T16 Tobacco Products Sales Tax,38,2015,3
Q3-2015,Louisiana,LA,T19,T19 Other Selective Sales and Gross Receipts Taxes,138,2015,3
Q3-2015,Louisiana,LA,T20,T20 Alcoholic Beverages License,0,2015,3
Q3-2015,Louisiana,LA,T22,T22 Corporations In General License,-24,2015,3
Q3-2015,Louisiana,LA,T23,T23 Hunting and Fishing License,9,2015,3
Q3-2015,Louisiana,LA,T24,T24 Motor Vehicles License,19,2015,3
Q3-2015,Louisiana,LA,T25,T25 Motor Vehicle Operators License,3,2015,3
Q3-2015,Louisiana,LA,T27,T27 Public Utilities License,2,2015,3
Q3-2015,Louisiana,LA,T28,"T28 Occupation and Business License, Not Elsewhere Classified",12,2015,3
Q3-2015,Louisiana,LA,T29,T29 Other License Taxes,1,2015,3
Q3-2015,Louisiana,LA,T40,T40 Individual Income Taxes,778,2015,3
Q3-2015,Louisiana,LA,T41,T41 Corporation Net Income Taxes,-71,2015,3
Q3-2015,Louisiana,LA,T50,T50 Death and Gift Taxes,0,2015,3
Q3-2015,Louisiana,LA,T53,T53 Severance Taxes,142,2015,3
Q3-2015,Louisiana,LA,TOTAL,Total Taxes,2354,2015,3
Q4-2015,Louisiana,LA,T01,T01 Property Taxes,13,2015,4
Q4-2015,Louisiana,LA,T09,T09 General Sales and Gross Receipts Taxes,747,2015,4
Q4-2015,Louisiana,LA,T10,T10 Alcoholic Beverages Sales Tax,15,2015,4
Q4-2015,Louisiana,LA,T11,T11 Amusements Sales Tax,159,2015,4
Q4-2015,Louisiana,LA,T12,T12 Insurance Premiums Sales Tax,104,2015,4
Q4-2015,Louisiana,LA,T13,T13 Motor Fuels Sales Tax,153,2015,4
Q4-2015,Louisiana,LA,T14,T14 Pari-Mutuels Sales Tax,1,2015,4
Q4-2015,Louisiana,LA,T15,T15 Public Utilities Sales Tax,3,2015,4
Q4-2015,Louisiana,LA,T16,T16 Tobacco Products Sales Tax,67,2015,4
Q4-2015,Louisiana,LA,T19,T19 Other Selective Sales and Gross Receipts Taxes,133,2015,4
Q4-2015,Louisiana,LA,T20,T20 Alcoholic Beverages License,0,2015,4
Q4-2015,Louisiana,LA,T22,T22 Corporations In General License,-15,2015,4
Q4-2015,Louisiana,LA,T23,T23 Hunting and Fishing License,10,2015,4
Q4-2015,Louisiana,LA,T24,T24 Motor Vehicles License,22,2015,4
Q4-2015,Louisiana,LA,T25,T25 Motor Vehicle Operators License,3,2015,4
Q4-2015,Louisiana,LA,T27,T27 Public Utilities License,2,2015,4
Q4-2015,Louisiana,LA,T28,"T28 Occupation and Business License, Not Elsewhere Classified",12,2015,4
Q4-2015,Louisiana,LA,T29,T29 Other License Taxes,1,2015,4
Q4-2015,Louisiana,LA,T40,T40 Individual Income Taxes,762,2015,4
Q4-2015,Louisiana,LA,T41,T41 Corporation Net Income Taxes,-45,2015,4
Q4-2015,Louisiana,LA,T50,T50 Death and Gift Taxes,0,2015,4
Q4-2015,Louisiana,LA,T53,T53 Severance Taxes,119,2015,4
Q4-2015,Louisiana,LA,TOTAL,Total Taxes,2267,2015,4
Q1-2016,Louisiana,LA,T01,T01 Property Taxes,13,2016,1
Q1-2016,Louisiana,LA,T09,T09 General Sales and Gross Receipts Taxes,763,2016,1
Q1-2016,Louisiana,LA,T10,T10 Alcoholic Beverages Sales Tax,14,2016,1
Q1-2016,Louisiana,LA,T11,T11 Amusements Sales Tax,166,2016,1
Q1-2016,Louisiana,LA,T12,T12 Insurance Premiums Sales Tax,181,2016,1
Q1-2016,Louisiana,LA,T13,T13 Motor Fuels Sales Tax,150,2016,1
Q1-2016,Louisiana,LA,T14,T14 Pari-Mutuels Sales Tax,1,2016,1
Q1-2016,Louisiana,LA,T15,T15 Public Utilities Sales Tax,7,2016,1
Q1-2016,Louisiana,LA,T16,T16 Tobacco Products Sales Tax,72,2016,1
Q1-2016,Louisiana,LA,T19,T19 Other Selective Sales and Gross Receipts Taxes,129,2016,1
Q1-2016,Louisiana,LA,T20,T20 Alcoholic Beverages License,0,2016,1
Q1-2016,Louisiana,LA,T22,T22 Corporations In General License,16,2016,1
Q1-2016,Louisiana,LA,T23,T23 Hunting and Fishing License,3,2016,1
Q1-2016,Louisiana,LA,T24,T24 Motor Vehicles License,23,2016,1
Q1-2016,Louisiana,LA,T25,T25 Motor Vehicle Operators License,3,2016,1
Q1-2016,Louisiana,LA,T27,T27 Public Utilities License,2,2016,1
Q1-2016,Louisiana,LA,T28,"T28 Occupation and Business License, Not Elsewhere Classified",24,2016,1
Q1-2016,Louisiana,LA,T29,T29 Other License Taxes,1,2016,1
Q1-2016,Louisiana,LA,T40,T40 Individual Income Taxes,753,2016,1
Q1-2016,Louisiana,LA,T41,T41 Corporation Net Income Taxes,47,2016,1
Q1-2016,Louisiana,LA,T50,T50 Death and Gift Taxes,0,2016,1
Q1-2016,Louisiana,LA,T53,T53 Severance Taxes,98,2016,1
Q1-2016,Louisiana,LA,TOTAL,Total Taxes,2469,2016,1
Q2-2016,Louisiana,LA,T01,T01 Property Taxes,13,2016,2
Q2-2016,Louisiana,LA,T09,T09 General Sales and Gross Receipts Taxes,961,2016,2
Q2-2016,Louisiana,LA,T10,T10 Alcoholic Beverages Sales Tax,18,2016,2
Q2-2016,Louisiana,LA,T11,T11 Amusements Sales Tax,158,2016,2
Q2-2016,Louisiana,LA,T12,T12 Insurance Premiums Sales Tax,119,2016,2
Q2-2016,Louisiana,LA,T13,T13 Motor Fuels Sales Tax,160,2016,2
Q2-2016,Louisiana,LA,T14,T14 Pari-Mutuels Sales Tax,2,2016,2
Q2-2016,Louisiana,LA,T15,T15 Public Utilities Sales Tax,2,2016,2
Q2-2016,Louisiana,LA,T16,T16 Tobacco Products Sales Tax,43,2016,2
Q2-2016,Louisiana,LA,T19,T19 Other Selective Sales and Gross Receipts Taxes,142,2016,2
Q2-2016,Louisiana,LA,T20,T20 Alcoholic Beverages License,0,2016,2
Q2-2016,Louisiana,LA,T22,T22 Corporations In General License,71,2016,2
Q2-2016,Louisiana,LA,T23,T23 Hunting and Fishing License,5,2016,2
Q2-2016,Louisiana,LA,T24,T24 Motor Vehicles License,25,2016,2
Q2-2016,Louisiana,LA,T25,T25 Motor Vehicle Operators License,3,2016,2
Q2-2016,Louisiana,LA,T27,T27 Public Utilities License,2,2016,2
Q2-2016,Louisiana,LA,T28,"T28 Occupation and Business License, Not Elsewhere Classified",13,2016,2
Q2-2016,Louisiana,LA,T29,T29 Other License Taxes,1,2016,2
Q2-2016,Louisiana,LA,T40,T40 Individual Income Taxes,574,2016,2
Q2-2016,Louisiana,LA,T41,T41 Corporation Net Income Taxes,214,2016,2
Q2-2016,Louisiana,LA,T50,T50 Death and Gift Taxes,0,2016,2
Q2-2016,Louisiana,LA,T53,T53 Severance Taxes,87,2016,2
Q2-2016,Louisiana,LA,TOTAL,Total Taxes,2612,2016,2
Q3-2016,Louisiana,LA,T01,T01 Property Taxes,14,2016,3
Q3-2016,Louisiana,LA,T09,T09 General Sales and Gross Receipts Taxes,1012,2016,3
Q3-2016,Louisiana,LA,T10,T10 Alcoholic Beverages Sales Tax,19,2016,3
Q3-2016,Louisiana,LA,T11,T11 Amusements Sales Tax,158,2016,3
Q3-2016,Louisiana,LA,T12,T12 Insurance Premiums Sales Tax,221,2016,3
Q3-2016,Louisiana,LA,T13,T13 Motor Fuels Sales Tax,158,2016,3
Q3-2016,Louisiana,LA,T14,T14 Pari-Mutuels Sales Tax,1,2016,3
Q3-2016,Louisiana,LA,T15,T15 Public Utilities Sales Tax,2,2016,3
Q3-2016,Louisiana,LA,T16,T16 Tobacco Products Sales Tax,72,2016,3
Q3-2016,Louisiana,LA,T19,T19 Other Selective Sales and Gross Receipts Taxes,139,2016,3
Q3-2016,Louisiana,LA,T20,T20 Alcoholic Beverages License,0,2016,3
Q3-2016,Louisiana,LA,T22,T22 Corporations In General License,24,2016,3
Q3-2016,Louisiana,LA,T23,T23 Hunting and Fishing License,9,2016,3
Q3-2016,Louisiana,LA,T24,T24 Motor Vehicles License,8,2016,3
Q3-2016,Louisiana,LA,T25,T25 Motor Vehicle Operators License,3,2016,3
Q3-2016,Louisiana,LA,T27,T27 Public Utilities License,2,2016,3
Q3-2016,Louisiana,LA,T28,"T28 Occupation and Business License, Not Elsewhere Classified",12,2016,3
Q3-2016,Louisiana,LA,T29,T29 Other License Taxes,1,2016,3
Q3-2016,Louisiana,LA,T40,T40 Individual Income Taxes,784,2016,3
Q3-2016,Louisiana,LA,T41,T41 Corporation Net Income Taxes,72,2016,3
Q3-2016,Louisiana,LA,T50,T50 Death and Gift Taxes,0,2016,3
Q3-2016,Louisiana,LA,T53,T53 Severance Taxes,104,2016,3
Q3-2016,Louisiana,LA,TOTAL,Total Taxes,2814,2016,3
Q4-2016,Louisiana,LA,T01,T01 Property Taxes,13,2016,4
Q4-2016,Louisiana,LA,T09,T09 General Sales and Gross Receipts Taxes,1066,2016,4
Q4-2016,Louisiana,LA,T10,T10 Alcoholic Beverages Sales Tax,20,2016,4
Q4-2016,Louisiana,LA,T11,T11 Amusements Sales Tax,159,2016,4
Q4-2016,Louisiana,LA,T12,T12 Insurance Premiums Sales Tax,121,2016,4
Q4-2016,Louisiana,LA,T13,T13 Motor Fuels Sales Tax,162,2016,4
Q4-2016,Louisiana,LA,T14,T14 Pari-Mutuels Sales Tax,1,2016,4
Q4-2016,Louisiana,LA,T15,T15 Public Utilities Sales Tax,3,2016,4
Q4-2016,Louisiana,LA,T16,T16 Tobacco Products Sales Tax,84,2016,4
Q4-2016,Louisiana,LA,T19,T19 Other Selective Sales and Gross Receipts Taxes,148,2016,4
Q4-2016,Louisiana,LA,T20,T20 Alcoholic Beverages License,0,2016,4
Q4-2016,Louisiana,LA,T22,T22 Corporations In General License,-21,2016,4
Q4-2016,Louisiana,LA,T23,T23 Hunting and Fishing License,11,2016,4
Q4-2016,Louisiana,LA,T24,T24 Motor Vehicles License,7,2016,4
Q4-2016,Louisiana,LA,T25,T25 Motor Vehicle Operators License,3,2016,4
Q4-2016,Louisiana,LA,T27,T27 Public Utilities License,2,2016,4
Q4-2016,Louisiana,LA,T28,"T28 Occupation and Business License, Not Elsewhere Classified",11,2016,4
Q4-2016,Louisiana,LA,T29,T29 Other License Taxes,1,2016,4
Q4-2016,Louisiana,LA,T40,T40 Individual Income Taxes,690,2016,4
Q4-2016,Louisiana,LA,T41,T41 Corporation Net Income Taxes,-63,2016,4
Q4-2016,Louisiana,LA,T50,T50 Death and Gift Taxes,0,2016,4
Q4-2016,Louisiana,LA,T53,T53 Severance Taxes,80,2016,4
Q4-2016,Louisiana,LA,TOTAL,Total Taxes,2497,2016,4
Q1-2017,Louisiana,LA,T01,T01 Property Taxes,13,2017,1
Q1-2017,Louisiana,LA,T09,T09 General Sales and Gross Receipts Taxes,1110,2017,1
Q1-2017,Louisiana,LA,T10,T10 Alcoholic Beverages Sales Tax,19,2017,1
Q1-2017,Louisiana,LA,T11,T11 Amusements Sales Tax,162,2017,1
Q1-2017,Louisiana,LA,T12,T12 Insurance Premiums Sales Tax,374,2017,1
Q1-2017,Louisiana,LA,T13,T13 Motor Fuels Sales Tax,141,2017,1
Q1-2017,Louisiana,LA,T14,T14 Pari-Mutuels Sales Tax,1,2017,1
Q1-2017,Louisiana,LA,T15,T15 Public Utilities Sales Tax,2,2017,1
Q1-2017,Louisiana,LA,T16,T16 Tobacco Products Sales Tax,71,2017,1
Q1-2017,Louisiana,LA,T19,T19 Other Selective Sales and Gross Receipts Taxes,152,2017,1
Q1-2017,Louisiana,LA,T20,T20 Alcoholic Beverages License,0,2017,1
Q1-2017,Louisiana,LA,T22,T22 Corporations In General License,12,2017,1
Q1-2017,Louisiana,LA,T23,T23 Hunting and Fishing License,4,2017,1
Q1-2017,Louisiana,LA,T24,T24 Motor Vehicles License,9,2017,1
Q1-2017,Louisiana,LA,T25,T25 Motor Vehicle Operators License,3,2017,1
Q1-2017,Louisiana,LA,T27,T27 Public Utilities License,2,2017,1
Q1-2017,Louisiana,LA,T28,"T28 Occupation and Business License, Not Elsewhere Classified",14,2017,1
Q1-2017,Louisiana,LA,T29,T29 Other License Taxes,1,2017,1
Q1-2017,Louisiana,LA,T40,T40 Individual Income Taxes,746,2017,1
Q1-2017,Louisiana,LA,T41,T41 Corporation Net Income Taxes,37,2017,1
Q1-2017,Louisiana,LA,T50,T50 Death and Gift Taxes,0,2017,1
Q1-2017,Louisiana,LA,T53,T53 Severance Taxes,95,2017,1
Q1-2017,Louisiana,LA,TOTAL,Total Taxes,2970,2017,1
Q2-2017,Louisiana,LA,T01,T01 Property Taxes,7,2017,2
Q2-2017,Louisiana,LA,T09,T09 General Sales and Gross Receipts Taxes,1121,2017,2
Q2-2017,Louisiana,LA,T10,T10 Alcoholic Beverages Sales Tax,20,2017,2
Q2-2017,Louisiana,LA,T11,T11 Amusements Sales Tax,162,2017,2
Q2-2017,Louisiana,LA,T12,T12 Insurance Premiums Sales Tax,193,2017,2
Q2-2017,Louisiana,LA,T13,T13 Motor Fuels Sales Tax,141,2017,2
Q2-2017,Louisiana,LA,T14,T14 Pari-Mutuels Sales Tax,1,2017,2
Q2-2017,Louisiana,LA,T15,T15 Public Utilities Sales Tax,2,2017,2
Q2-2017,Louisiana,LA,T16,T16 Tobacco Products Sales Tax,71,2017,2
Q2-2017,Louisiana,LA,T19,T19 Other Selective Sales and Gross Receipts Taxes,148,2017,2
Q2-2017,Louisiana,LA,T20,T20 Alcoholic Beverages License,0,2017,2
Q2-2017,Louisiana,LA,T22,T22 Corporations In General License,76,2017,2
Q2-2017,Louisiana,LA,T23,T23 Hunting and Fishing License,4,2017,2
Q2-2017,Louisiana,LA,T24,T24 Motor Vehicles License,10,2017,2
Q2-2017,Louisiana,LA,T25,T25 Motor Vehicle Operators License,3,2017,2
Q2-2017,Louisiana,LA,T27,T27 Public Utilities License,2,2017,2
Q2-2017,Louisiana,LA,T28,"T28 Occupation and Business License, Not Elsewhere Classified",22,2017,2
Q2-2017,Louisiana,LA,T29,T29 Other License Taxes,1,2017,2
Q2-2017,Louisiana,LA,T40,T40 Individual Income Taxes,746,2017,2
Q2-2017,Louisiana,LA,T41,T41 Corporation Net Income Taxes,228,2017,2
Q2-2017,Louisiana,LA,T50,T50 Death and Gift Taxes,0,2017,2
Q2-2017,Louisiana,LA,T53,T53 Severance Taxes,95,2017,2
Q2-2017,Louisiana,LA,TOTAL,Total Taxes,3054,2017,2
Q3-2017,Louisiana,LA,T01,T01 Property Taxes,15,2017,3
Q3-2017,Louisiana,LA,T09,T09 General Sales and Gross Receipts Taxes,1046,2017,3
Q3-2017,Louisiana,LA,T10,T10 Alcoholic Beverages Sales Tax,16,2017,3
Q3-2017,Louisiana,LA,T11,T11 Amusements Sales Tax,158,2017,3
Q3-2017,Louisiana,LA,T12,T12 Insurance Premiums Sales Tax,279,2017,3
Q3-2017,Louisiana,LA,T13,T13 Motor Fuels Sales Tax,142,2017,3
Q3-2017,Louisiana,LA,T14,T14 Pari-Mutuels Sales Tax,1,2017,3
Q3-2017,Louisiana,LA,T15,T15 Public Utilities Sales Tax,2,2017,3
Q3-2017,Louisiana,LA,T16,T16 Tobacco Products Sales Tax,74,2017,3
Q3-2017,Louisiana,LA,T19,T19 Other Selective Sales and Gross Receipts Taxes,135,2017,3
Q3-2017,Louisiana,LA,T20,T20 Alcoholic Beverages License,0,2017,3
Q3-2017,Louisiana,LA,T22,T22 Corporations In General License,26,2017,3
Q3-2017,Louisiana,LA,T23,T23 Hunting and Fishing License,9,2017,3
Q3-2017,Louisiana,LA,T24,T24 Motor Vehicles License,7,2017,3
Q3-2017,Louisiana,LA,T25,T25 Motor Vehicle Operators License,3,2017,3
Q3-2017,Louisiana,LA,T27,T27 Public Utilities License,2,2017,3
Q3-2017,Louisiana,LA,T28,"T28 Occupation and Business License, Not Elsewhere Classified",11,2017,3
Q3-2017,Louisiana,LA,T29,T29 Other License Taxes,1,2017,3
Q3-2017,Louisiana,LA,T40,T40 Individual Income Taxes,755,2017,3
Q3-2017,Louisiana,LA,T41,T41 Corporation Net Income Taxes,78,2017,3
Q3-2017,Louisiana,LA,T50,T50 Death and Gift Taxes,0,2017,3
Q3-2017,Louisiana,LA,T53,T53 Severance Taxes,96,2017,3
Q3-2017,Louisiana,LA,TOTAL,Total Taxes,2856,2017,3
Q4-2017,Louisiana,LA,T01,T01 Property Taxes,13,2017,4
Q4-2017,Louisiana,LA,T09,T09 General Sales and Gross Receipts Taxes,1127,2017,4
Q4-2017,Louisiana,LA,T10,T10 Alcoholic Beverages Sales Tax,20,2017,4
Q4-2017,Louisiana,LA,T11,T11 Amusements Sales Tax,157,2017,4
Q4-2017,Louisiana,LA,T12,T12 Insurance Premiums Sales Tax,183,2017,4
Q4-2017,Louisiana,LA,T13,T13 Motor Fuels Sales Tax,166,2017,4
Q4-2017,Louisiana,LA,T14,T14 Pari-Mutuels Sales Tax,1,2017,4
Q4-2017,Louisiana,LA,T15,T15 Public Utilities Sales Tax,3,2017,4
Q4-2017,Louisiana,LA,T16,T16 Tobacco Products Sales Tax,81,2017,4
Q4-2017,Louisiana,LA,T19,T19 Other Selective Sales and Gross Receipts Taxes,132,2017,4
Q4-2017,Louisiana,LA,T20,T20 Alcoholic Beverages License,0,2017,4
Q4-2017,Louisiana,LA,T22,T22 Corporations In General License,-23,2017,4
Q4-2017,Louisiana,LA,T23,T23 Hunting and Fishing License,11,2017,4
Q4-2017,Louisiana,LA,T24,T24 Motor Vehicles License,7,2017,4
Q4-2017,Louisiana,LA,T25,T25 Motor Vehicle Operators License,3,2017,4
Q4-2017,Louisiana,LA,T27,T27 Public Utilities License,2,2017,4
Q4-2017,Louisiana,LA,T28,"T28 Occupation and Business License, Not Elsewhere Classified",12,2017,4
Q4-2017,Louisiana,LA,T29,T29 Other License Taxes,1,2017,4
Q4-2017,Louisiana,LA,T40,T40 Individual Income Taxes,806,2017,4
Q4-2017,Louisiana,LA,T41,T41 Corporation Net Income Taxes,30,2017,4
Q4-2017,Louisiana,LA,T50,T50 Death and Gift Taxes,0,2017,4
Q4-2017,Louisiana,LA,T53,T53 Severance Taxes,86,2017,4
Q4-2017,Louisiana,LA,TOTAL,Total Taxes,2818,2017,4
Q1-2010,Mississippi,MS,T01,T01 Property Taxes,27,2010,1
Q1-2010,Mississippi,MS,T09,T09 General Sales and Gross Receipts Taxes,703,2010,1
Q1-2010,Mississippi,MS,T10,T10 Alcoholic Beverages Sales Tax,10,2010,1
Q1-2010,Mississippi,MS,T11,T11 Amusements Sales Tax,41,2010,1
Q1-2010,Mississippi,MS,T12,T12 Insurance Premiums Sales Tax,39,2010,1
Q1-2010,Mississippi,MS,T13,T13 Motor Fuels Sales Tax,93,2010,1
Q1-2010,Mississippi,MS,T14,T14 Pari-Mutuels Sales Tax,0,2010,1
Q1-2010,Mississippi,MS,T15,T15 Public Utilities Sales Tax,0,2010,1
Q1-2010,Mississippi,MS,T16,T16 Tobacco Products Sales Tax,38,2010,1
Q1-2010,Mississippi,MS,T19,T19 Other Selective Sales and Gross Receipts Taxes,23,2010,1
Q1-2010,Mississippi,MS,T20,T20 Alcoholic Beverages License,1,2010,1
Q1-2010,Mississippi,MS,T21,T21 Amusements License,2,2010,1
Q1-2010,Mississippi,MS,T22,T22 Corporations In General License,46,2010,1
Q1-2010,Mississippi,MS,T23,T23 Hunting and Fishing License,3,2010,1
Q1-2010,Mississippi,MS,T24,T24 Motor Vehicles License,28,2010,1
Q1-2010,Mississippi,MS,T25,T25 Motor Vehicle Operators License,8,2010,1
Q1-2010,Mississippi,MS,T27,T27 Public Utilities License,0,2010,1
Q1-2010,Mississippi,MS,T28,"T28 Occupation and Business License, Not Elsewhere Classified",16,2010,1
Q1-2010,Mississippi,MS,T29,T29 Other License Taxes,10,2010,1
Q1-2010,Mississippi,MS,T40,T40 Individual Income Taxes,179,2010,1
Q1-2010,Mississippi,MS,T41,T41 Corporation Net Income Taxes,129,2010,1
Q1-2010,Mississippi,MS,T50,T50 Death and Gift Taxes,0,2010,1
Q1-2010,Mississippi,MS,T51,T51 Documentary and Stock Transfer Taxes,0,2010,1
Q1-2010,Mississippi,MS,T53,T53 Severance Taxes,24,2010,1
Q1-2010,Mississippi,MS,T99,"T99 Taxes, Not Elsewhere Classified",0,2010,1
Q1-2010,Mississippi,MS,TOTAL,Total Taxes,1420,2010,1
Q2-2010,Mississippi,MS,T01,T01 Property Taxes,0,2010,2
Q2-2010,Mississippi,MS,T09,T09 General Sales and Gross Receipts Taxes,839,2010,2
Q2-2010,Mississippi,MS,T10,T10 Alcoholic Beverages Sales Tax,11,2010,2
Q2-2010,Mississippi,MS,T11,T11 Amusements Sales Tax,39,2010,2
Q2-2010,Mississippi,MS,T12,T12 Insurance Premiums Sales Tax,75,2010,2
Q2-2010,Mississippi,MS,T13,T13 Motor Fuels Sales Tax,109,2010,2
Q2-2010,Mississippi,MS,T14,T14 Pari-Mutuels Sales Tax,0,2010,2
Q2-2010,Mississippi,MS,T15,T15 Public Utilities Sales Tax,0,2010,2
Q2-2010,Mississippi,MS,T16,T16 Tobacco Products Sales Tax,41,2010,2
Q2-2010,Mississippi,MS,T19,T19 Other Selective Sales and Gross Receipts Taxes,210,2010,2
Q2-2010,Mississippi,MS,T20,T20 Alcoholic Beverages License,1,2010,2
Q2-2010,Mississippi,MS,T21,T21 Amusements License,2,2010,2
Q2-2010,Mississippi,MS,T22,T22 Corporations In General License,27,2010,2
Q2-2010,Mississippi,MS,T23,T23 Hunting and Fishing License,0,2010,2
Q2-2010,Mississippi,MS,T24,T24 Motor Vehicles License,36,2010,2
Q2-2010,Mississippi,MS,T25,T25 Motor Vehicle Operators License,10,2010,2
Q2-2010,Mississippi,MS,T27,T27 Public Utilities License,0,2010,2
Q2-2010,Mississippi,MS,T28,"T28 Occupation and Business License, Not Elsewhere Classified",33,2010,2
Q2-2010,Mississippi,MS,T29,T29 Other License Taxes,7,2010,2
Q2-2010,Mississippi,MS,T40,T40 Individual Income Taxes,495,2010,2
Q2-2010,Mississippi,MS,T41,T41 Corporation Net Income Taxes,73,2010,2
Q2-2010,Mississippi,MS,T50,T50 Death and Gift Taxes,0,2010,2
Q2-2010,Mississippi,MS,T51,T51 Documentary and Stock Transfer Taxes,0,2010,2
Q2-2010,Mississippi,MS,T53,T53 Severance Taxes,24,2010,2
Q2-2010,Mississippi,MS,T99,"T99 Taxes, Not Elsewhere Classified",0,2010,2
Q2-2010,Mississippi,MS,TOTAL,Total Taxes,2033,2010,2
Q3-2010,Mississippi,MS,T01,T01 Property Taxes,0,2010,3
Q3-2010,Mississippi,MS,T09,T09 General Sales and Gross Receipts Taxes,619,2010,3
Q3-2010,Mississippi,MS,T10,T10 Alcoholic Beverages Sales Tax,11,2010,3
Q3-2010,Mississippi,MS,T11,T11 Amusements Sales Tax,40,2010,3
Q3-2010,Mississippi,MS,T12,T12 Insurance Premiums Sales Tax,17,2010,3
Q3-2010,Mississippi,MS,T13,T13 Motor Fuels Sales Tax,107,2010,3
Q3-2010,Mississippi,MS,T14,T14 Pari-Mutuels Sales Tax,0,2010,3
Q3-2010,Mississippi,MS,T15,T15 Public Utilities Sales Tax,1,2010,3
Q3-2010,Mississippi,MS,T16,T16 Tobacco Products Sales Tax,42,2010,3
Q3-2010,Mississippi,MS,T19,T19 Other Selective Sales and Gross Receipts Taxes,26,2010,3
Q3-2010,Mississippi,MS,T20,T20 Alcoholic Beverages License,1,2010,3
Q3-2010,Mississippi,MS,T21,T21 Amusements License,4,2010,3
Q3-2010,Mississippi,MS,T22,T22 Corporations In General License,23,2010,3
Q3-2010,Mississippi,MS,T23,T23 Hunting and Fishing License,3,2010,3
Q3-2010,Mississippi,MS,T24,T24 Motor Vehicles License,33,2010,3
Q3-2010,Mississippi,MS,T25,T25 Motor Vehicle Operators License,7,2010,3
Q3-2010,Mississippi,MS,T27,T27 Public Utilities License,9,2010,3
Q3-2010,Mississippi,MS,T28,"T28 Occupation and Business License, Not Elsewhere Classified",18,2010,3
Q3-2010,Mississippi,MS,T29,T29 Other License Taxes,7,2010,3
Q3-2010,Mississippi,MS,T40,T40 Individual Income Taxes,340,2010,3
Q3-2010,Mississippi,MS,T41,T41 Corporation Net Income Taxes,66,2010,3
Q3-2010,Mississippi,MS,T50,T50 Death and Gift Taxes,0,2010,3
Q3-2010,Mississippi,MS,T51,T51 Documentary and Stock Transfer Taxes,0,2010,3
Q3-2010,Mississippi,MS,T53,T53 Severance Taxes,24,2010,3
Q3-2010,Mississippi,MS,T99,"T99 Taxes, Not Elsewhere Classified",0,2010,3
Q3-2010,Mississippi,MS,TOTAL,Total Taxes,1397,2010,3
Q4-2010,Mississippi,MS,T01,T01 Property Taxes,0,2010,4
Q4-2010,Mississippi,MS,T09,T09 General Sales and Gross Receipts Taxes,705,2010,4
Q4-2010,Mississippi,MS,T10,T10 Alcoholic Beverages Sales Tax,10,2010,4
Q4-2010,Mississippi,MS,T11,T11 Amusements Sales Tax,35,2010,4
Q4-2010,Mississippi,MS,T12,T12 Insurance Premiums Sales Tax,45,2010,4
Q4-2010,Mississippi,MS,T13,T13 Motor Fuels Sales Tax,104,2010,4
Q4-2010,Mississippi,MS,T14,T14 Pari-Mutuels Sales Tax,0,2010,4
Q4-2010,Mississippi,MS,T15,T15 Public Utilities Sales Tax,0,2010,4
Q4-2010,Mississippi,MS,T16,T16 Tobacco Products Sales Tax,40,2010,4
Q4-2010,Mississippi,MS,T19,T19 Other Selective Sales and Gross Receipts Taxes,123,2010,4
Q4-2010,Mississippi,MS,T20,T20 Alcoholic Beverages License,1,2010,4
Q4-2010,Mississippi,MS,T21,T21 Amusements License,2,2010,4
Q4-2010,Mississippi,MS,T22,T22 Corporations In General License,20,2010,4
Q4-2010,Mississippi,MS,T23,T23 Hunting and Fishing License,9,2010,4
Q4-2010,Mississippi,MS,T24,T24 Motor Vehicles License,31,2010,4
Q4-2010,Mississippi,MS,T25,T25 Motor Vehicle Operators License,9,2010,4
Q4-2010,Mississippi,MS,T27,T27 Public Utilities License,0,2010,4
Q4-2010,Mississippi,MS,T28,"T28 Occupation and Business License, Not Elsewhere Classified",20,2010,4
Q4-2010,Mississippi,MS,T29,T29 Other License Taxes,9,2010,4
Q4-2010,Mississippi,MS,T40,T40 Individual Income Taxes,352,2010,4
Q4-2010,Mississippi,MS,T41,T41 Corporation Net Income Taxes,51,2010,4
Q4-2010,Mississippi,MS,T50,T50 Death and Gift Taxes,0,2010,4
Q4-2010,Mississippi,MS,T51,T51 Documentary and Stock Transfer Taxes,0,2010,4
Q4-2010,Mississippi,MS,T53,T53 Severance Taxes,24,2010,4
Q4-2010,Mississippi,MS,T99,"T99 Taxes, Not Elsewhere Classified",0,2010,4
Q4-2010,Mississippi,MS,TOTAL,Total Taxes,1590,2010,4
Q1-2011,Mississippi,MS,T01,T01 Property Taxes,0,2011,1
Q1-2011,Mississippi,MS,T09,T09 General Sales and Gross Receipts Taxes,721,2011,1
Q1-2011,Mississippi,MS,T10,T10 Alcoholic Beverages Sales Tax,9,2011,1
Q1-2011,Mississippi,MS,T11,T11 Amusements Sales Tax,40,2011,1
Q1-2011,Mississippi,MS,T12,T12 Insurance Premiums Sales Tax,37,2011,1
Q1-2011,Mississippi,MS,T13,T13 Motor Fuels Sales Tax,98,2011,1
Q1-2011,Mississippi,MS,T15,T15 Public Utilities Sales Tax,0,2011,1
Q1-2011,Mississippi,MS,T16,T16 Tobacco Products Sales Tax,38,2011,1
Q1-2011,Mississippi,MS,T19,T19 Other Selective Sales and Gross Receipts Taxes,78,2011,1
Q1-2011,Mississippi,MS,T20,T20 Alcoholic Beverages License,1,2011,1
Q1-2011,Mississippi,MS,T21,T21 Amusements License,4,2011,1
Q1-2011,Mississippi,MS,T22,T22 Corporations In General License,53,2011,1
Q1-2011,Mississippi,MS,T23,T23 Hunting and Fishing License,2,2011,1
Q1-2011,Mississippi,MS,T24,T24 Motor Vehicles License,29,2011,1
Q1-2011,Mississippi,MS,T25,T25 Motor Vehicle Operators License,11,2011,1
Q1-2011,Mississippi,MS,T27,T27 Public Utilities License,0,2011,1
Q1-2011,Mississippi,MS,T28,"T28 Occupation and Business License, Not Elsewhere Classified",17,2011,1
Q1-2011,Mississippi,MS,T29,T29 Other License Taxes,13,2011,1
Q1-2011,Mississippi,MS,T40,T40 Individual Income Taxes,175,2011,1
Q1-2011,Mississippi,MS,T41,T41 Corporation Net Income Taxes,148,2011,1
Q1-2011,Mississippi,MS,T50,T50 Death and Gift Taxes,0,2011,1
Q1-2011,Mississippi,MS,T53,T53 Severance Taxes,27,2011,1
Q1-2011,Mississippi,MS,T99,"T99 Taxes, Not Elsewhere Classified",21,2011,1
Q1-2011,Mississippi,MS,TOTAL,Total Taxes,1524,2011,1
Q2-2011,Mississippi,MS,T01,T01 Property Taxes,0,2011,2
Q2-2011,Mississippi,MS,T09,T09 General Sales and Gross Receipts Taxes,867,2011,2
Q2-2011,Mississippi,MS,T10,T10 Alcoholic Beverages Sales Tax,11,2011,2
Q2-2011,Mississippi,MS,T11,T11 Amusements Sales Tax,33,2011,2
Q2-2011,Mississippi,MS,T12,T12 Insurance Premiums Sales Tax,77,2011,2
Q2-2011,Mississippi,MS,T13,T13 Motor Fuels Sales Tax,108,2011,2
Q2-2011,Mississippi,MS,T15,T15 Public Utilities Sales Tax,0,2011,2
Q2-2011,Mississippi,MS,T16,T16 Tobacco Products Sales Tax,38,2011,2
Q2-2011,Mississippi,MS,T19,T19 Other Selective Sales and Gross Receipts Taxes,80,2011,2
Q2-2011,Mississippi,MS,T20,T20 Alcoholic Beverages License,1,2011,2
Q2-2011,Mississippi,MS,T21,T21 Amusements License,3,2011,2
Q2-2011,Mississippi,MS,T22,T22 Corporations In General License,30,2011,2
Q2-2011,Mississippi,MS,T23,T23 Hunting and Fishing License,1,2011,2
Q2-2011,Mississippi,MS,T24,T24 Motor Vehicles License,36,2011,2
Q2-2011,Mississippi,MS,T25,T25 Motor Vehicle Operators License,8,2011,2
Q2-2011,Mississippi,MS,T27,T27 Public Utilities License,0,2011,2
Q2-2011,Mississippi,MS,T28,"T28 Occupation and Business License, Not Elsewhere Classified",31,2011,2
Q2-2011,Mississippi,MS,T29,T29 Other License Taxes,10,2011,2
Q2-2011,Mississippi,MS,T40,T40 Individual Income Taxes,531,2011,2
Q2-2011,Mississippi,MS,T41,T41 Corporation Net Income Taxes,82,2011,2
Q2-2011,Mississippi,MS,T50,T50 Death and Gift Taxes,0,2011,2
Q2-2011,Mississippi,MS,T53,T53 Severance Taxes,31,2011,2
Q2-2011,Mississippi,MS,T99,"T99 Taxes, Not Elsewhere Classified",0,2011,2
Q2-2011,Mississippi,MS,TOTAL,Total Taxes,1978,2011,2
Q3-2011,Mississippi,MS,T01,T01 Property Taxes,0,2011,3
Q3-2011,Mississippi,MS,T09,T09 General Sales and Gross Receipts Taxes,630,2011,3
Q3-2011,Mississippi,MS,T10,T10 Alcoholic Beverages Sales Tax,11,2011,3
Q3-2011,Mississippi,MS,T11,T11 Amusements Sales Tax,38,2011,3
Q3-2011,Mississippi,MS,T12,T12 Insurance Premiums Sales Tax,18,2011,3
Q3-2011,Mississippi,MS,T13,T13 Motor Fuels Sales Tax,109,2011,3
Q3-2011,Mississippi,MS,T15,T15 Public Utilities Sales Tax,1,2011,3
Q3-2011,Mississippi,MS,T16,T16 Tobacco Products Sales Tax,41,2011,3
Q3-2011,Mississippi,MS,T19,T19 Other Selective Sales and Gross Receipts Taxes,29,2011,3
Q3-2011,Mississippi,MS,T20,T20 Alcoholic Beverages License,1,2011,3
Q3-2011,Mississippi,MS,T21,T21 Amusements License,2,2011,3
Q3-2011,Mississippi,MS,T22,T22 Corporations In General License,20,2011,3
Q3-2011,Mississippi,MS,T23,T23 Hunting and Fishing License,3,2011,3
Q3-2011,Mississippi,MS,T24,T24 Motor Vehicles License,34,2011,3
Q3-2011,Mississippi,MS,T25,T25 Motor Vehicle Operators License,9,2011,3
Q3-2011,Mississippi,MS,T27,T27 Public Utilities License,9,2011,3
Q3-2011,Mississippi,MS,T28,"T28 Occupation and Business License, Not Elsewhere Classified",20,2011,3
Q3-2011,Mississippi,MS,T29,T29 Other License Taxes,11,2011,3
Q3-2011,Mississippi,MS,T40,T40 Individual Income Taxes,358,2011,3
Q3-2011,Mississippi,MS,T41,T41 Corporation Net Income Taxes,68,2011,3
Q3-2011,Mississippi,MS,T50,T50 Death and Gift Taxes,0,2011,3
Q3-2011,Mississippi,MS,T53,T53 Severance Taxes,30,2011,3
Q3-2011,Mississippi,MS,T99,"T99 Taxes, Not Elsewhere Classified",0,2011,3
Q3-2011,Mississippi,MS,TOTAL,Total Taxes,1442,2011,3
Q4-2011,Mississippi,MS,T01,T01 Property Taxes,0,2011,4
Q4-2011,Mississippi,MS,T09,T09 General Sales and Gross Receipts Taxes,727,2011,4
Q4-2011,Mississippi,MS,T10,T10 Alcoholic Beverages Sales Tax,10,2011,4
Q4-2011,Mississippi,MS,T11,T11 Amusements Sales Tax,35,2011,4
Q4-2011,Mississippi,MS,T12,T12 Insurance Premiums Sales Tax,47,2011,4
Q4-2011,Mississippi,MS,T13,T13 Motor Fuels Sales Tax,101,2011,4
Q4-2011,Mississippi,MS,T15,T15 Public Utilities Sales Tax,0,2011,4
Q4-2011,Mississippi,MS,T16,T16 Tobacco Products Sales Tax,38,2011,4
Q4-2011,Mississippi,MS,T19,T19 Other Selective Sales and Gross Receipts Taxes,149,2011,4
Q4-2011,Mississippi,MS,T20,T20 Alcoholic Beverages License,1,2011,4
Q4-2011,Mississippi,MS,T21,T21 Amusements License,3,2011,4
Q4-2011,Mississippi,MS,T22,T22 Corporations In General License,21,2011,4
Q4-2011,Mississippi,MS,T23,T23 Hunting and Fishing License,8,2011,4
Q4-2011,Mississippi,MS,T24,T24 Motor Vehicles License,32,2011,4
Q4-2011,Mississippi,MS,T25,T25 Motor Vehicle Operators License,11,2011,4
Q4-2011,Mississippi,MS,T27,T27 Public Utilities License,0,2011,4
Q4-2011,Mississippi,MS,T28,"T28 Occupation and Business License, Not Elsewhere Classified",20,2011,4
Q4-2011,Mississippi,MS,T29,T29 Other License Taxes,10,2011,4
Q4-2011,Mississippi,MS,T40,T40 Individual Income Taxes,366,2011,4
Q4-2011,Mississippi,MS,T41,T41 Corporation Net Income Taxes,58,2011,4
Q4-2011,Mississippi,MS,T50,T50 Death and Gift Taxes,0,2011,4
Q4-2011,Mississippi,MS,T53,T53 Severance Taxes,28,2011,4
Q4-2011,Mississippi,MS,T99,"T99 Taxes, Not Elsewhere Classified",0,2011,4
Q4-2011,Mississippi,MS,TOTAL,Total Taxes,1667,2011,4
Q1-2012,Mississippi,MS,T01,T01 Property Taxes,0,2012,1
Q1-2012,Mississippi,MS,T09,T09 General Sales and Gross Receipts Taxes,763,2012,1
Q1-2012,Mississippi,MS,T10,T10 Alcoholic Beverages Sales Tax,10,2012,1
Q1-2012,Mississippi,MS,T11,T11 Amusements Sales Tax,40,2012,1
Q1-2012,Mississippi,MS,T12,T12 Insurance Premiums Sales Tax,42,2012,1
Q1-2012,Mississippi,MS,T13,T13 Motor Fuels Sales Tax,99,2012,1
Q1-2012,Mississippi,MS,T15,T15 Public Utilities Sales Tax,0,2012,1
Q1-2012,Mississippi,MS,T16,T16 Tobacco Products Sales Tax,39,2012,1
Q1-2012,Mississippi,MS,T19,T19 Other Selective Sales and Gross Receipts Taxes,93,2012,1
Q1-2012,Mississippi,MS,T20,T20 Alcoholic Beverages License,1,2012,1
Q1-2012,Mississippi,MS,T21,T21 Amusements License,3,2012,1
Q1-2012,Mississippi,MS,T22,T22 Corporations In General License,67,2012,1
Q1-2012,Mississippi,MS,T23,T23 Hunting and Fishing License,3,2012,1
Q1-2012,Mississippi,MS,T24,T24 Motor Vehicles License,30,2012,1
Q1-2012,Mississippi,MS,T25,T25 Motor Vehicle Operators License,8,2012,1
Q1-2012,Mississippi,MS,T27,T27 Public Utilities License,0,2012,1
Q1-2012,Mississippi,MS,T28,"T28 Occupation and Business License, Not Elsewhere Classified",18,2012,1
Q1-2012,Mississippi,MS,T29,T29 Other License Taxes,33,2012,1
Q1-2012,Mississippi,MS,T40,T40 Individual Income Taxes,200,2012,1
Q1-2012,Mississippi,MS,T41,T41 Corporation Net Income Taxes,187,2012,1
Q1-2012,Mississippi,MS,T50,T50 Death and Gift Taxes,0,2012,1
Q1-2012,Mississippi,MS,T53,T53 Severance Taxes,28,2012,1
Q1-2012,Mississippi,MS,T99,"T99 Taxes, Not Elsewhere Classified",21,2012,1
Q1-2012,Mississippi,MS,TOTAL,Total Taxes,1687,2012,1
Q2-2012,Mississippi,MS,T01,T01 Property Taxes,0,2012,2
Q2-2012,Mississippi,MS,T09,T09 General Sales and Gross Receipts Taxes,895,2012,2
Q2-2012,Mississippi,MS,T10,T10 Alcoholic Beverages Sales Tax,11,2012,2
Q2-2012,Mississippi,MS,T11,T11 Amusements Sales Tax,39,2012,2
Q2-2012,Mississippi,MS,T12,T12 Insurance Premiums Sales Tax,83,2012,2
Q2-2012,Mississippi,MS,T13,T13 Motor Fuels Sales Tax,108,2012,2
Q2-2012,Mississippi,MS,T15,T15 Public Utilities Sales Tax,0,2012,2
Q2-2012,Mississippi,MS,T16,T16 Tobacco Products Sales Tax,42,2012,2
Q2-2012,Mississippi,MS,T19,T19 Other Selective Sales and Gross Receipts Taxes,91,2012,2
Q2-2012,Mississippi,MS,T20,T20 Alcoholic Beverages License,1,2012,2
Q2-2012,Mississippi,MS,T21,T21 Amusements License,3,2012,2
Q2-2012,Mississippi,MS,T22,T22 Corporations In General License,24,2012,2
Q2-2012,Mississippi,MS,T23,T23 Hunting and Fishing License,2,2012,2
Q2-2012,Mississippi,MS,T24,T24 Motor Vehicles License,37,2012,2
Q2-2012,Mississippi,MS,T25,T25 Motor Vehicle Operators License,11,2012,2
Q2-2012,Mississippi,MS,T27,T27 Public Utilities License,0,2012,2
Q2-2012,Mississippi,MS,T28,"T28 Occupation and Business License, Not Elsewhere Classified",33,2012,2
Q2-2012,Mississippi,MS,T29,T29 Other License Taxes,10,2012,2
Q2-2012,Mississippi,MS,T40,T40 Individual Income Taxes,576,2012,2
Q2-2012,Mississippi,MS,T41,T41 Corporation Net Income Taxes,82,2012,2
Q2-2012,Mississippi,MS,T50,T50 Death and Gift Taxes,0,2012,2
Q2-2012,Mississippi,MS,T53,T53 Severance Taxes,30,2012,2
Q2-2012,Mississippi,MS,T99,"T99 Taxes, Not Elsewhere Classified",0,2012,2
Q2-2012,Mississippi,MS,TOTAL,Total Taxes,2077,2012,2
Q3-2012,Mississippi,MS,T01,T01 Property Taxes,0,2012,3
Q3-2012,Mississippi,MS,T09,T09 General Sales and Gross Receipts Taxes,645,2012,3
Q3-2012,Mississippi,MS,T10,T10 Alcoholic Beverages Sales Tax,11,2012,3
Q3-2012,Mississippi,MS,T11,T11 Amusements Sales Tax,33,2012,3
Q3-2012,Mississippi,MS,T12,T12 Insurance Premiums Sales Tax,26,2012,3
Q3-2012,Mississippi,MS,T13,T13 Motor Fuels Sales Tax,108,2012,3
Q3-2012,Mississippi,MS,T15,T15 Public Utilities Sales Tax,3,2012,3
Q3-2012,Mississippi,MS,T16,T16 Tobacco Products Sales Tax,39,2012,3
Q3-2012,Mississippi,MS,T19,T19 Other Selective Sales and Gross Receipts Taxes,26,2012,3
Q3-2012,Mississippi,MS,T20,T20 Alcoholic Beverages License,1,2012,3
Q3-2012,Mississippi,MS,T21,T21 Amusements License,4,2012,3
Q3-2012,Mississippi,MS,T22,T22 Corporations In General License,24,2012,3
Q3-2012,Mississippi,MS,T23,T23 Hunting and Fishing License,2,2012,3
Q3-2012,Mississippi,MS,T24,T24 Motor Vehicles License,36,2012,3
Q3-2012,Mississippi,MS,T25,T25 Motor Vehicle Operators License,8,2012,3
Q3-2012,Mississippi,MS,T27,T27 Public Utilities License,9,2012,3
Q3-2012,Mississippi,MS,T28,"T28 Occupation and Business License, Not Elsewhere Classified",19,2012,3
Q3-2012,Mississippi,MS,T29,T29 Other License Taxes,9,2012,3
Q3-2012,Mississippi,MS,T40,T40 Individual Income Taxes,361,2012,3
Q3-2012,Mississippi,MS,T41,T41 Corporation Net Income Taxes,67,2012,3
Q3-2012,Mississippi,MS,T50,T50 Death and Gift Taxes,0,2012,3
Q3-2012,Mississippi,MS,T53,T53 Severance Taxes,25,2012,3
Q3-2012,Mississippi,MS,T99,"T99 Taxes, Not Elsewhere Classified",0,2012,3
Q3-2012,Mississippi,MS,TOTAL,Total Taxes,1456,2012,3
Q4-2012,Mississippi,MS,T01,T01 Property Taxes,0,2012,4
Q4-2012,Mississippi,MS,T09,T09 General Sales and Gross Receipts Taxes,760,2012,4
Q4-2012,Mississippi,MS,T10,T10 Alcoholic Beverages Sales Tax,11,2012,4
Q4-2012,Mississippi,MS,T11,T11 Amusements Sales Tax,34,2012,4
Q4-2012,Mississippi,MS,T12,T12 Insurance Premiums Sales Tax,54,2012,4
Q4-2012,Mississippi,MS,T13,T13 Motor Fuels Sales Tax,101,2012,4
Q4-2012,Mississippi,MS,T15,T15 Public Utilities Sales Tax,1,2012,4
Q4-2012,Mississippi,MS,T16,T16 Tobacco Products Sales Tax,38,2012,4
Q4-2012,Mississippi,MS,T19,T19 Other Selective Sales and Gross Receipts Taxes,165,2012,4
Q4-2012,Mississippi,MS,T20,T20 Alcoholic Beverages License,1,2012,4
Q4-2012,Mississippi,MS,T21,T21 Amusements License,3,2012,4
Q4-2012,Mississippi,MS,T22,T22 Corporations In General License,22,2012,4
Q4-2012,Mississippi,MS,T23,T23 Hunting and Fishing License,10,2012,4
Q4-2012,Mississippi,MS,T24,T24 Motor Vehicles License,39,2012,4
Q4-2012,Mississippi,MS,T25,T25 Motor Vehicle Operators License,10,2012,4
Q4-2012,Mississippi,MS,T27,T27 Public Utilities License,0,2012,4
Q4-2012,Mississippi,MS,T28,"T28 Occupation and Business License, Not Elsewhere Classified",24,2012,4
Q4-2012,Mississippi,MS,T29,T29 Other License Taxes,13,2012,4
Q4-2012,Mississippi,MS,T40,T40 Individual Income Taxes,473,2012,4
Q4-2012,Mississippi,MS,T41,T41 Corporation Net Income Taxes,60,2012,4
Q4-2012,Mississippi,MS,T50,T50 Death and Gift Taxes,0,2012,4
Q4-2012,Mississippi,MS,T53,T53 Severance Taxes,27,2012,4
Q4-2012,Mississippi,MS,T99,"T99 Taxes, Not Elsewhere Classified",0,2012,4
Q4-2012,Mississippi,MS,TOTAL,Total Taxes,1845,2012,4
Q1-2013,Mississippi,MS,T01,T01 Property Taxes,20,2013,1
Q1-2013,Mississippi,MS,T09,T09 General Sales and Gross Receipts Taxes,785,2013,1
Q1-2013,Mississippi,MS,T10,T10 Alcoholic Beverages Sales Tax,10,2013,1
Q1-2013,Mississippi,MS,T11,T11 Amusements Sales Tax,36,2013,1
Q1-2013,Mississippi,MS,T12,T12 Insurance Premiums Sales Tax,45,2013,1
Q1-2013,Mississippi,MS,T13,T13 Motor Fuels Sales Tax,94,2013,1
Q1-2013,Mississippi,MS,T15,T15 Public Utilities Sales Tax,1,2013,1
Q1-2013,Mississippi,MS,T16,T16 Tobacco Products Sales Tax,36,2013,1
Q1-2013,Mississippi,MS,T19,T19 Other Selective Sales and Gross Receipts Taxes,99,2013,1
Q1-2013,Mississippi,MS,T20,T20 Alcoholic Beverages License,1,2013,1
Q1-2013,Mississippi,MS,T21,T21 Amusements License,4,2013,1
Q1-2013,Mississippi,MS,T22,T22 Corporations In General License,58,2013,1
Q1-2013,Mississippi,MS,T23,T23 Hunting and Fishing License,3,2013,1
Q1-2013,Mississippi,MS,T24,T24 Motor Vehicles License,34,2013,1
Q1-2013,Mississippi,MS,T25,T25 Motor Vehicle Operators License,10,2013,1
Q1-2013,Mississippi,MS,T27,T27 Public Utilities License,0,2013,1
Q1-2013,Mississippi,MS,T28,"T28 Occupation and Business License, Not Elsewhere Classified",20,2013,1
Q1-2013,Mississippi,MS,T29,T29 Other License Taxes,12,2013,1
Q1-2013,Mississippi,MS,T40,T40 Individual Income Taxes,333,2013,1
Q1-2013,Mississippi,MS,T41,T41 Corporation Net Income Taxes,159,2013,1
Q1-2013,Mississippi,MS,T50,T50 Death and Gift Taxes,0,2013,1
Q1-2013,Mississippi,MS,T53,T53 Severance Taxes,28,2013,1
Q1-2013,Mississippi,MS,T99,"T99 Taxes, Not Elsewhere Classified",1,2013,1
Q1-2013,Mississippi,MS,TOTAL,Total Taxes,1787,2013,1
Q2-2013,Mississippi,MS,T01,T01 Property Taxes,0,2013,2
Q2-2013,Mississippi,MS,T09,T09 General Sales and Gross Receipts Taxes,938,2013,2
Q2-2013,Mississippi,MS,T10,T10 Alcoholic Beverages Sales Tax,11,2013,2
Q2-2013,Mississippi,MS,T11,T11 Amusements Sales Tax,36,2013,2
Q2-2013,Mississippi,MS,T12,T12 Insurance Premiums Sales Tax,87,2013,2
Q2-2013,Mississippi,MS,T13,T13 Motor Fuels Sales Tax,110,2013,2
Q2-2013,Mississippi,MS,T15,T15 Public Utilities Sales Tax,2,2013,2
Q2-2013,Mississippi,MS,T16,T16 Tobacco Products Sales Tax,37,2013,2
Q2-2013,Mississippi,MS,T19,T19 Other Selective Sales and Gross Receipts Taxes,126,2013,2
Q2-2013,Mississippi,MS,T20,T20 Alcoholic Beverages License,1,2013,2
Q2-2013,Mississippi,MS,T21,T21 Amusements License,6,2013,2
Q2-2013,Mississippi,MS,T22,T22 Corporations In General License,45,2013,2
Q2-2013,Mississippi,MS,T23,T23 Hunting and Fishing License,2,2013,2
Q2-2013,Mississippi,MS,T24,T24 Motor Vehicles License,43,2013,2
Q2-2013,Mississippi,MS,T25,T25 Motor Vehicle Operators License,10,2013,2
Q2-2013,Mississippi,MS,T27,T27 Public Utilities License,6,2013,2
Q2-2013,Mississippi,MS,T28,"T28 Occupation and Business License, Not Elsewhere Classified",33,2013,2
Q2-2013,Mississippi,MS,T29,T29 Other License Taxes,9,2013,2
Q2-2013,Mississippi,MS,T40,T40 Individual Income Taxes,589,2013,2
Q2-2013,Mississippi,MS,T41,T41 Corporation Net Income Taxes,130,2013,2
Q2-2013,Mississippi,MS,T50,T50 Death and Gift Taxes,0,2013,2
Q2-2013,Mississippi,MS,T53,T53 Severance Taxes,25,2013,2
Q2-2013,Mississippi,MS,T99,"T99 Taxes, Not Elsewhere Classified",0,2013,2
Q2-2013,Mississippi,MS,TOTAL,Total Taxes,2246,2013,2
Q3-2013,Mississippi,MS,T01,T01 Property Taxes,0,2013,3
Q3-2013,Mississippi,MS,T09,T09 General Sales and Gross Receipts Taxes,684,2013,3
Q3-2013,Mississippi,MS,T10,T10 Alcoholic Beverages Sales Tax,11,2013,3
Q3-2013,Mississippi,MS,T11,T11 Amusements Sales Tax,34,2013,3
Q3-2013,Mississippi,MS,T12,T12 Insurance Premiums Sales Tax,47,2013,3
Q3-2013,Mississippi,MS,T13,T13 Motor Fuels Sales Tax,106,2013,3
Q3-2013,Mississippi,MS,T15,T15 Public Utilities Sales Tax,2,2013,3
Q3-2013,Mississippi,MS,T16,T16 Tobacco Products Sales Tax,39,2013,3
Q3-2013,Mississippi,MS,T19,T19 Other Selective Sales and Gross Receipts Taxes,26,2013,3
Q3-2013,Mississippi,MS,T20,T20 Alcoholic Beverages License,1,2013,3
Q3-2013,Mississippi,MS,T21,T21 Amusements License,4,2013,3
Q3-2013,Mississippi,MS,T22,T22 Corporations In General License,37,2013,3
Q3-2013,Mississippi,MS,T23,T23 Hunting and Fishing License,3,2013,3
Q3-2013,Mississippi,MS,T24,T24 Motor Vehicles License,40,2013,3
Q3-2013,Mississippi,MS,T25,T25 Motor Vehicle Operators License,11,2013,3
Q3-2013,Mississippi,MS,T27,T27 Public Utilities License,3,2013,3
Q3-2013,Mississippi,MS,T28,"T28 Occupation and Business License, Not Elsewhere Classified",23,2013,3
Q3-2013,Mississippi,MS,T29,T29 Other License Taxes,11,2013,3
Q3-2013,Mississippi,MS,T40,T40 Individual Income Taxes,358,2013,3
Q3-2013,Mississippi,MS,T41,T41 Corporation Net Income Taxes,107,2013,3
Q3-2013,Mississippi,MS,T50,T50 Death and Gift Taxes,0,2013,3
Q3-2013,Mississippi,MS,T53,T53 Severance Taxes,25,2013,3
Q3-2013,Mississippi,MS,T99,"T99 Taxes, Not Elsewhere Classified",0,2013,3
Q3-2013,Mississippi,MS,TOTAL,Total Taxes,1572,2013,3
Q4-2013,Mississippi,MS,T01,T01 Property Taxes,5,2013,4
Q4-2013,Mississippi,MS,T09,T09 General Sales and Gross Receipts Taxes,804,2013,4
Q4-2013,Mississippi,MS,T10,T10 Alcoholic Beverages Sales Tax,10,2013,4
Q4-2013,Mississippi,MS,T11,T11 Amusements Sales Tax,29,2013,4
Q4-2013,Mississippi,MS,T12,T12 Insurance Premiums Sales Tax,64,2013,4
Q4-2013,Mississippi,MS,T13,T13 Motor Fuels Sales Tax,102,2013,4
Q4-2013,Mississippi,MS,T15,T15 Public Utilities Sales Tax,1,2013,4
Q4-2013,Mississippi,MS,T16,T16 Tobacco Products Sales Tax,37,2013,4
Q4-2013,Mississippi,MS,T19,T19 Other Selective Sales and Gross Receipts Taxes,174,2013,4
Q4-2013,Mississippi,MS,T20,T20 Alcoholic Beverages License,1,2013,4
Q4-2013,Mississippi,MS,T21,T21 Amusements License,4,2013,4
Q4-2013,Mississippi,MS,T22,T22 Corporations In General License,35,2013,4
Q4-2013,Mississippi,MS,T23,T23 Hunting and Fishing License,9,2013,4
Q4-2013,Mississippi,MS,T24,T24 Motor Vehicles License,37,2013,4
Q4-2013,Mississippi,MS,T25,T25 Motor Vehicle Operators License,10,2013,4
Q4-2013,Mississippi,MS,T27,T27 Public Utilities License,0,2013,4
Q4-2013,Mississippi,MS,T28,"T28 Occupation and Business License, Not Elsewhere Classified",22,2013,4
Q4-2013,Mississippi,MS,T29,T29 Other License Taxes,10,2013,4
Q4-2013,Mississippi,MS,T40,T40 Individual Income Taxes,443,2013,4
Q4-2013,Mississippi,MS,T41,T41 Corporation Net Income Taxes,104,2013,4
Q4-2013,Mississippi,MS,T50,T50 Death and Gift Taxes,0,2013,4
Q4-2013,Mississippi,MS,T53,T53 Severance Taxes,24,2013,4
Q4-2013,Mississippi,MS,T99,"T99 Taxes, Not Elsewhere Classified",0,2013,4
Q4-2013,Mississippi,MS,TOTAL,Total Taxes,1924,2013,4
Q1-2014,Mississippi,MS,T01,T01 Property Taxes,20,2014,1
Q1-2014,Mississippi,MS,T09,T09 General Sales and Gross Receipts Taxes,817,2014,1
Q1-2014,Mississippi,MS,T10,T10 Alcoholic Beverages Sales Tax,10,2014,1
Q1-2014,Mississippi,MS,T11,T11 Amusements Sales Tax,33,2014,1
Q1-2014,Mississippi,MS,T12,T12 Insurance Premiums Sales Tax,3,2014,1
Q1-2014,Mississippi,MS,T13,T13 Motor Fuels Sales Tax,95,2014,1
Q1-2014,Mississippi,MS,T15,T15 Public Utilities Sales Tax,1,2014,1
Q1-2014,Mississippi,MS,T16,T16 Tobacco Products Sales Tax,33,2014,1
Q1-2014,Mississippi,MS,T19,T19 Other Selective Sales and Gross Receipts Taxes,108,2014,1
Q1-2014,Mississippi,MS,T20,T20 Alcoholic Beverages License,1,2014,1
Q1-2014,Mississippi,MS,T21,T21 Amusements License,5,2014,1
Q1-2014,Mississippi,MS,T22,T22 Corporations In General License,68,2014,1
Q1-2014,Mississippi,MS,T23,T23 Hunting and Fishing License,3,2014,1
Q1-2014,Mississippi,MS,T24,T24 Motor Vehicles License,37,2014,1
Q1-2014,Mississippi,MS,T25,T25 Motor Vehicle Operators License,9,2014,1
Q1-2014,Mississippi,MS,T27,T27 Public Utilities License,0,2014,1
Q1-2014,Mississippi,MS,T28,"T28 Occupation and Business License, Not Elsewhere Classified",21,2014,1
Q1-2014,Mississippi,MS,T29,T29 Other License Taxes,10,2014,1
Q1-2014,Mississippi,MS,T40,T40 Individual Income Taxes,321,2014,1
Q1-2014,Mississippi,MS,T41,T41 Corporation Net Income Taxes,193,2014,1
Q1-2014,Mississippi,MS,T50,T50 Death and Gift Taxes,0,2014,1
Q1-2014,Mississippi,MS,T53,T53 Severance Taxes,20,2014,1
Q1-2014,Mississippi,MS,T99,"T99 Taxes, Not Elsewhere Classified",0,2014,1
Q1-2014,Mississippi,MS,TOTAL,Total Taxes,1806,2014,1
Q2-2014,Mississippi,MS,T01,T01 Property Taxes,0,2014,2
Q2-2014,Mississippi,MS,T09,T09 General Sales and Gross Receipts Taxes,968,2014,2
Q2-2014,Mississippi,MS,T10,T10 Alcoholic Beverages Sales Tax,11,2014,2
Q2-2014,Mississippi,MS,T11,T11 Amusements Sales Tax,33,2014,2
Q2-2014,Mississippi,MS,T12,T12 Insurance Premiums Sales Tax,102,2014,2
Q2-2014,Mississippi,MS,T13,T13 Motor Fuels Sales Tax,106,2014,2
Q2-2014,Mississippi,MS,T15,T15 Public Utilities Sales Tax,1,2014,2
Q2-2014,Mississippi,MS,T16,T16 Tobacco Products Sales Tax,37,2014,2
Q2-2014,Mississippi,MS,T19,T19 Other Selective Sales and Gross Receipts Taxes,97,2014,2
Q2-2014,Mississippi,MS,T20,T20 Alcoholic Beverages License,1,2014,2
Q2-2014,Mississippi,MS,T21,T21 Amusements License,6,2014,2
Q2-2014,Mississippi,MS,T22,T22 Corporations In General License,42,2014,2
Q2-2014,Mississippi,MS,T23,T23 Hunting and Fishing License,3,2014,2
Q2-2014,Mississippi,MS,T24,T24 Motor Vehicles License,41,2014,2
Q2-2014,Mississippi,MS,T25,T25 Motor Vehicle Operators License,11,2014,2
Q2-2014,Mississippi,MS,T27,T27 Public Utilities License,0,2014,2
Q2-2014,Mississippi,MS,T28,"T28 Occupation and Business License, Not Elsewhere Classified",36,2014,2
Q2-2014,Mississippi,MS,T29,T29 Other License Taxes,9,2014,2
Q2-2014,Mississippi,MS,T40,T40 Individual Income Taxes,543,2014,2
Q2-2014,Mississippi,MS,T41,T41 Corporation Net Income Taxes,123,2014,2
Q2-2014,Mississippi,MS,T50,T50 Death and Gift Taxes,0,2014,2
Q2-2014,Mississippi,MS,T53,T53 Severance Taxes,21,2014,2
Q2-2014,Mississippi,MS,T99,"T99 Taxes, Not Elsewhere Classified",0,2014,2
Q2-2014,Mississippi,MS,TOTAL,Total Taxes,2190,2014,2
Q3-2014,Mississippi,MS,T01,T01 Property Taxes,0,2014,3
Q3-2014,Mississippi,MS,T09,T09 General Sales and Gross Receipts Taxes,730,2014,3
Q3-2014,Mississippi,MS,T10,T10 Alcoholic Beverages Sales Tax,11,2014,3
Q3-2014,Mississippi,MS,T11,T11 Amusements Sales Tax,33,2014,3
Q3-2014,Mississippi,MS,T12,T12 Insurance Premiums Sales Tax,50,2014,3
Q3-2014,Mississippi,MS,T13,T13 Motor Fuels Sales Tax,110,2014,3
Q3-2014,Mississippi,MS,T15,T15 Public Utilities Sales Tax,1,2014,3
Q3-2014,Mississippi,MS,T16,T16 Tobacco Products Sales Tax,38,2014,3
Q3-2014,Mississippi,MS,T19,T19 Other Selective Sales and Gross Receipts Taxes,29,2014,3
Q3-2014,Mississippi,MS,T20,T20 Alcoholic Beverages License,1,2014,3
Q3-2014,Mississippi,MS,T21,T21 Amusements License,8,2014,3
Q3-2014,Mississippi,MS,T22,T22 Corporations In General License,32,2014,3
Q3-2014,Mississippi,MS,T23,T23 Hunting and Fishing License,1,2014,3
Q3-2014,Mississippi,MS,T24,T24 Motor Vehicles License,41,2014,3
Q3-2014,Mississippi,MS,T25,T25 Motor Vehicle Operators License,4,2014,3
Q3-2014,Mississippi,MS,T27,T27 Public Utilities License,8,2014,3
Q3-2014,Mississippi,MS,T28,"T28 Occupation and Business License, Not Elsewhere Classified",22,2014,3
Q3-2014,Mississippi,MS,T29,T29 Other License Taxes,14,2014,3
Q3-2014,Mississippi,MS,T40,T40 Individual Income Taxes,425,2014,3
Q3-2014,Mississippi,MS,T41,T41 Corporation Net Income Taxes,107,2014,3
Q3-2014,Mississippi,MS,T50,T50 Death and Gift Taxes,0,2014,3
Q3-2014,Mississippi,MS,T53,T53 Severance Taxes,26,2014,3
Q3-2014,Mississippi,MS,T99,"T99 Taxes, Not Elsewhere Classified",0,2014,3
Q3-2014,Mississippi,MS,TOTAL,Total Taxes,1690,2014,3
Q4-2014,Mississippi,MS,T01,T01 Property Taxes,6,2014,4
Q4-2014,Mississippi,MS,T09,T09 General Sales and Gross Receipts Taxes,826,2014,4
Q4-2014,Mississippi,MS,T10,T10 Alcoholic Beverages Sales Tax,10,2014,4
Q4-2014,Mississippi,MS,T11,T11 Amusements Sales Tax,29,2014,4
Q4-2014,Mississippi,MS,T12,T12 Insurance Premiums Sales Tax,67,2014,4
Q4-2014,Mississippi,MS,T13,T13 Motor Fuels Sales Tax,108,2014,4
Q4-2014,Mississippi,MS,T15,T15 Public Utilities Sales Tax,0,2014,4
Q4-2014,Mississippi,MS,T16,T16 Tobacco Products Sales Tax,38,2014,4
Q4-2014,Mississippi,MS,T19,T19 Other Selective Sales and Gross Receipts Taxes,174,2014,4
Q4-2014,Mississippi,MS,T20,T20 Alcoholic Beverages License,1,2014,4
Q4-2014,Mississippi,MS,T21,T21 Amusements License,12,2014,4
Q4-2014,Mississippi,MS,T22,T22 Corporations In General License,29,2014,4
Q4-2014,Mississippi,MS,T23,T23 Hunting and Fishing License,1,2014,4
Q4-2014,Mississippi,MS,T24,T24 Motor Vehicles License,41,2014,4
Q4-2014,Mississippi,MS,T25,T25 Motor Vehicle Operators License,5,2014,4
Q4-2014,Mississippi,MS,T27,T27 Public Utilities License,0,2014,4
Q4-2014,Mississippi,MS,T28,"T28 Occupation and Business License, Not Elsewhere Classified",24,2014,4
Q4-2014,Mississippi,MS,T29,T29 Other License Taxes,14,2014,4
Q4-2014,Mississippi,MS,T40,T40 Individual Income Taxes,446,2014,4
Q4-2014,Mississippi,MS,T41,T41 Corporation Net Income Taxes,81,2014,4
Q4-2014,Mississippi,MS,T50,T50 Death and Gift Taxes,0,2014,4
Q4-2014,Mississippi,MS,T53,T53 Severance Taxes,22,2014,4
Q4-2014,Mississippi,MS,T99,"T99 Taxes, Not Elsewhere Classified",0,2014,4
Q4-2014,Mississippi,MS,TOTAL,Total Taxes,1933,2014,4
Q1-2015,Mississippi,MS,T01,T01 Property Taxes,20,2015,1
Q1-2015,Mississippi,MS,T09,T09 General Sales and Gross Receipts Taxes,832,2015,1
Q1-2015,Mississippi,MS,T10,T10 Alcoholic Beverages Sales Tax,10,2015,1
Q1-2015,Mississippi,MS,T11,T11 Amusements Sales Tax,35,2015,1
Q1-2015,Mississippi,MS,T12,T12 Insurance Premiums Sales Tax,65,2015,1
Q1-2015,Mississippi,MS,T13,T13 Motor Fuels Sales Tax,113,2015,1
Q1-2015,Mississippi,MS,T15,T15 Public Utilities Sales Tax,0,2015,1
Q1-2015,Mississippi,MS,T16,T16 Tobacco Products Sales Tax,35,2015,1
Q1-2015,Mississippi,MS,T19,T19 Other Selective Sales and Gross Receipts Taxes,98,2015,1
Q1-2015,Mississippi,MS,T20,T20 Alcoholic Beverages License,1,2015,1
Q1-2015,Mississippi,MS,T21,T21 Amusements License,8,2015,1
Q1-2015,Mississippi,MS,T22,T22 Corporations In General License,65,2015,1
Q1-2015,Mississippi,MS,T23,T23 Hunting and Fishing License,0,2015,1
Q1-2015,Mississippi,MS,T24,T24 Motor Vehicles License,36,2015,1
Q1-2015,Mississippi,MS,T25,T25 Motor Vehicle Operators License,8,2015,1
Q1-2015,Mississippi,MS,T27,T27 Public Utilities License,0,2015,1
Q1-2015,Mississippi,MS,T28,"T28 Occupation and Business License, Not Elsewhere Classified",30,2015,1
Q1-2015,Mississippi,MS,T29,T29 Other License Taxes,14,2015,1
Q1-2015,Mississippi,MS,T40,T40 Individual Income Taxes,338,2015,1
Q1-2015,Mississippi,MS,T41,T41 Corporation Net Income Taxes,211,2015,1
Q1-2015,Mississippi,MS,T50,T50 Death and Gift Taxes,0,2015,1
Q1-2015,Mississippi,MS,T53,T53 Severance Taxes,19,2015,1
Q1-2015,Mississippi,MS,T99,"T99 Taxes, Not Elsewhere Classified",0,2015,1
Q1-2015,Mississippi,MS,TOTAL,Total Taxes,1937,2015,1
Q2-2015,Mississippi,MS,T01,T01 Property Taxes,0,2015,2
Q2-2015,Mississippi,MS,T09,T09 General Sales and Gross Receipts Taxes,950,2015,2
Q2-2015,Mississippi,MS,T10,T10 Alcoholic Beverages Sales Tax,11,2015,2
Q2-2015,Mississippi,MS,T11,T11 Amusements Sales Tax,34,2015,2
Q2-2015,Mississippi,MS,T12,T12 Insurance Premiums Sales Tax,118,2015,2
Q2-2015,Mississippi,MS,T13,T13 Motor Fuels Sales Tax,97,2015,2
Q2-2015,Mississippi,MS,T15,T15 Public Utilities Sales Tax,0,2015,2
Q2-2015,Mississippi,MS,T16,T16 Tobacco Products Sales Tax,38,2015,2
Q2-2015,Mississippi,MS,T19,T19 Other Selective Sales and Gross Receipts Taxes,99,2015,2
Q2-2015,Mississippi,MS,T20,T20 Alcoholic Beverages License,1,2015,2
Q2-2015,Mississippi,MS,T21,T21 Amusements License,6,2015,2
Q2-2015,Mississippi,MS,T22,T22 Corporations In General License,41,2015,2
Q2-2015,Mississippi,MS,T23,T23 Hunting and Fishing License,0,2015,2
Q2-2015,Mississippi,MS,T24,T24 Motor Vehicles License,45,2015,2
Q2-2015,Mississippi,MS,T25,T25 Motor Vehicle Operators License,6,2015,2
Q2-2015,Mississippi,MS,T27,T27 Public Utilities License,1,2015,2
Q2-2015,Mississippi,MS,T28,"T28 Occupation and Business License, Not Elsewhere Classified",47,2015,2
Q2-2015,Mississippi,MS,T29,T29 Other License Taxes,14,2015,2
Q2-2015,Mississippi,MS,T40,T40 Individual Income Taxes,575,2015,2
Q2-2015,Mississippi,MS,T41,T41 Corporation Net Income Taxes,136,2015,2
Q2-2015,Mississippi,MS,T50,T50 Death and Gift Taxes,0,2015,2
Q2-2015,Mississippi,MS,T53,T53 Severance Taxes,12,2015,2
Q2-2015,Mississippi,MS,T99,"T99 Taxes, Not Elsewhere Classified",0,2015,2
Q2-2015,Mississippi,MS,TOTAL,Total Taxes,2230,2015,2
Q3-2015,Mississippi,MS,T01,T01 Property Taxes,0,2015,3
Q3-2015,Mississippi,MS,T09,T09 General Sales and Gross Receipts Taxes,736,2015,3
Q3-2015,Mississippi,MS,T10,T10 Alcoholic Beverages Sales Tax,11,2015,3
Q3-2015,Mississippi,MS,T11,T11 Amusements Sales Tax,34,2015,3
Q3-2015,Mississippi,MS,T12,T12 Insurance Premiums Sales Tax,31,2015,3
Q3-2015,Mississippi,MS,T13,T13 Motor Fuels Sales Tax,115,2015,3
Q3-2015,Mississippi,MS,T15,T15 Public Utilities Sales Tax,1,2015,3
Q3-2015,Mississippi,MS,T16,T16 Tobacco Products Sales Tax,38,2015,3
Q3-2015,Mississippi,MS,T19,T19 Other Selective Sales and Gross Receipts Taxes,28,2015,3
Q3-2015,Mississippi,MS,T20,T20 Alcoholic Beverages License,0,2015,3
Q3-2015,Mississippi,MS,T21,T21 Amusements License,8,2015,3
Q3-2015,Mississippi,MS,T22,T22 Corporations In General License,30,2015,3
Q3-2015,Mississippi,MS,T23,T23 Hunting and Fishing License,1,2015,3
Q3-2015,Mississippi,MS,T24,T24 Motor Vehicles License,43,2015,3
Q3-2015,Mississippi,MS,T25,T25 Motor Vehicle Operators License,4,2015,3
Q3-2015,Mississippi,MS,T27,T27 Public Utilities License,7,2015,3
Q3-2015,Mississippi,MS,T28,"T28 Occupation and Business License, Not Elsewhere Classified",27,2015,3
Q3-2015,Mississippi,MS,T29,T29 Other License Taxes,18,2015,3
Q3-2015,Mississippi,MS,T40,T40 Individual Income Taxes,424,2015,3
Q3-2015,Mississippi,MS,T41,T41 Corporation Net Income Taxes,102,2015,3
Q3-2015,Mississippi,MS,T50,T50 Death and Gift Taxes,0,2015,3
Q3-2015,Mississippi,MS,T53,T53 Severance Taxes,13,2015,3
Q3-2015,Mississippi,MS,T99,"T99 Taxes, Not Elsewhere Classified",0,2015,3
Q3-2015,Mississippi,MS,TOTAL,Total Taxes,1671,2015,3
Q4-2015,Mississippi,MS,T01,T01 Property Taxes,7,2015,4
Q4-2015,Mississippi,MS,T09,T09 General Sales and Gross Receipts Taxes,817,2015,4
Q4-2015,Mississippi,MS,T10,T10 Alcoholic Beverages Sales Tax,10,2015,4
Q4-2015,Mississippi,MS,T11,T11 Amusements Sales Tax,29,2015,4
Q4-2015,Mississippi,MS,T12,T12 Insurance Premiums Sales Tax,73,2015,4
Q4-2015,Mississippi,MS,T13,T13 Motor Fuels Sales Tax,105,2015,4
Q4-2015,Mississippi,MS,T15,T15 Public Utilities Sales Tax,0,2015,4
Q4-2015,Mississippi,MS,T16,T16 Tobacco Products Sales Tax,35,2015,4
Q4-2015,Mississippi,MS,T19,T19 Other Selective Sales and Gross Receipts Taxes,183,2015,4
Q4-2015,Mississippi,MS,T20,T20 Alcoholic Beverages License,0,2015,4
Q4-2015,Mississippi,MS,T21,T21 Amusements License,13,2015,4
Q4-2015,Mississippi,MS,T22,T22 Corporations In General License,24,2015,4
Q4-2015,Mississippi,MS,T23,T23 Hunting and Fishing License,1,2015,4
Q4-2015,Mississippi,MS,T24,T24 Motor Vehicles License,36,2015,4
Q4-2015,Mississippi,MS,T25,T25 Motor Vehicle Operators License,3,2015,4
Q4-2015,Mississippi,MS,T27,T27 Public Utilities License,0,2015,4
Q4-2015,Mississippi,MS,T28,"T28 Occupation and Business License, Not Elsewhere Classified",30,2015,4
Q4-2015,Mississippi,MS,T29,T29 Other License Taxes,10,2015,4
Q4-2015,Mississippi,MS,T40,T40 Individual Income Taxes,462,2015,4
Q4-2015,Mississippi,MS,T41,T41 Corporation Net Income Taxes,79,2015,4
Q4-2015,Mississippi,MS,T50,T50 Death and Gift Taxes,0,2015,4
Q4-2015,Mississippi,MS,T53,T53 Severance Taxes,10,2015,4
Q4-2015,Mississippi,MS,T99,"T99 Taxes, Not Elsewhere Classified",0,2015,4
Q4-2015,Mississippi,MS,TOTAL,Total Taxes,1927,2015,4
Q1-2016,Mississippi,MS,T01,T01 Property Taxes,20,2016,1
Q1-2016,Mississippi,MS,T09,T09 General Sales and Gross Receipts Taxes,846,2016,1
Q1-2016,Mississippi,MS,T10,T10 Alcoholic Beverages Sales Tax,10,2016,1
Q1-2016,Mississippi,MS,T11,T11 Amusements Sales Tax,36,2016,1
Q1-2016,Mississippi,MS,T12,T12 Insurance Premiums Sales Tax,68,2016,1
Q1-2016,Mississippi,MS,T13,T13 Motor Fuels Sales Tax,106,2016,1
Q1-2016,Mississippi,MS,T15,T15 Public Utilities Sales Tax,0,2016,1
Q1-2016,Mississippi,MS,T16,T16 Tobacco Products Sales Tax,36,2016,1
Q1-2016,Mississippi,MS,T19,T19 Other Selective Sales and Gross Receipts Taxes,147,2016,1
Q1-2016,Mississippi,MS,T20,T20 Alcoholic Beverages License,0,2016,1
Q1-2016,Mississippi,MS,T21,T21 Amusements License,9,2016,1
Q1-2016,Mississippi,MS,T22,T22 Corporations In General License,55,2016,1
Q1-2016,Mississippi,MS,T23,T23 Hunting and Fishing License,1,2016,1
Q1-2016,Mississippi,MS,T24,T24 Motor Vehicles License,35,2016,1
Q1-2016,Mississippi,MS,T25,T25 Motor Vehicle Operators License,4,2016,1
Q1-2016,Mississippi,MS,T27,T27 Public Utilities License,0,2016,1
Q1-2016,Mississippi,MS,T28,"T28 Occupation and Business License, Not Elsewhere Classified",31,2016,1
Q1-2016,Mississippi,MS,T29,T29 Other License Taxes,19,2016,1
Q1-2016,Mississippi,MS,T40,T40 Individual Income Taxes,346,2016,1
Q1-2016,Mississippi,MS,T41,T41 Corporation Net Income Taxes,182,2016,1
Q1-2016,Mississippi,MS,T50,T50 Death and Gift Taxes,0,2016,1
Q1-2016,Mississippi,MS,T53,T53 Severance Taxes,8,2016,1
Q1-2016,Mississippi,MS,T99,"T99 Taxes, Not Elsewhere Classified",0,2016,1
Q1-2016,Mississippi,MS,TOTAL,Total Taxes,1959,2016,1
Q2-2016,Mississippi,MS,T01,T01 Property Taxes,0,2016,2
Q2-2016,Mississippi,MS,T09,T09 General Sales and Gross Receipts Taxes,973,2016,2
Q2-2016,Mississippi,MS,T10,T10 Alcoholic Beverages Sales Tax,11,2016,2
Q2-2016,Mississippi,MS,T11,T11 Amusements Sales Tax,35,2016,2
Q2-2016,Mississippi,MS,T12,T12 Insurance Premiums Sales Tax,145,2016,2
Q2-2016,Mississippi,MS,T13,T13 Motor Fuels Sales Tax,117,2016,2
Q2-2016,Mississippi,MS,T15,T15 Public Utilities Sales Tax,0,2016,2
Q2-2016,Mississippi,MS,T16,T16 Tobacco Products Sales Tax,37,2016,2
Q2-2016,Mississippi,MS,T19,T19 Other Selective Sales and Gross Receipts Taxes,144,2016,2
Q2-2016,Mississippi,MS,T20,T20 Alcoholic Beverages License,0,2016,2
Q2-2016,Mississippi,MS,T21,T21 Amusements License,6,2016,2
Q2-2016,Mississippi,MS,T22,T22 Corporations In General License,32,2016,2
Q2-2016,Mississippi,MS,T23,T23 Hunting and Fishing License,0,2016,2
Q2-2016,Mississippi,MS,T24,T24 Motor Vehicles License,40,2016,2
Q2-2016,Mississippi,MS,T25,T25 Motor Vehicle Operators License,4,2016,2
Q2-2016,Mississippi,MS,T27,T27 Public Utilities License,0,2016,2
Q2-2016,Mississippi,MS,T28,"T28 Occupation and Business License, Not Elsewhere Classified",41,2016,2
Q2-2016,Mississippi,MS,T29,T29 Other License Taxes,12,2016,2
Q2-2016,Mississippi,MS,T40,T40 Individual Income Taxes,568,2016,2
Q2-2016,Mississippi,MS,T41,T41 Corporation Net Income Taxes,100,2016,2
Q2-2016,Mississippi,MS,T50,T50 Death and Gift Taxes,0,2016,2
Q2-2016,Mississippi,MS,T51,T51 Documentary and Stock Transfer Taxes,0,2016,2
Q2-2016,Mississippi,MS,T53,T53 Severance Taxes,9,2016,2
Q2-2016,Mississippi,MS,T99,"T99 Taxes, Not Elsewhere Classified",0,2016,2
Q2-2016,Mississippi,MS,TOTAL,Total Taxes,2275,2016,2
Q3-2016,Mississippi,MS,T01,T01 Property Taxes,5,2016,3
Q3-2016,Mississippi,MS,T09,T09 General Sales and Gross Receipts Taxes,740,2016,3
Q3-2016,Mississippi,MS,T10,T10 Alcoholic Beverages Sales Tax,11,2016,3
Q3-2016,Mississippi,MS,T11,T11 Amusements Sales Tax,33,2016,3
Q3-2016,Mississippi,MS,T12,T12 Insurance Premiums Sales Tax,33,2016,3
Q3-2016,Mississippi,MS,T13,T13 Motor Fuels Sales Tax,114,2016,3
Q3-2016,Mississippi,MS,T15,T15 Public Utilities Sales Tax,0,2016,3
Q3-2016,Mississippi,MS,T16,T16 Tobacco Products Sales Tax,37,2016,3
Q3-2016,Mississippi,MS,T19,T19 Other Selective Sales and Gross Receipts Taxes,83,2016,3
Q3-2016,Mississippi,MS,T20,T20 Alcoholic Beverages License,0,2016,3
Q3-2016,Mississippi,MS,T21,T21 Amusements License,5,2016,3
Q3-2016,Mississippi,MS,T22,T22 Corporations In General License,28,2016,3
Q3-2016,Mississippi,MS,T23,T23 Hunting and Fishing License,0,2016,3
Q3-2016,Mississippi,MS,T24,T24 Motor Vehicles License,37,2016,3
Q3-2016,Mississippi,MS,T25,T25 Motor Vehicle Operators License,3,2016,3
Q3-2016,Mississippi,MS,T27,T27 Public Utilities License,7,2016,3
Q3-2016,Mississippi,MS,T28,"T28 Occupation and Business License, Not Elsewhere Classified",18,2016,3
Q3-2016,Mississippi,MS,T29,T29 Other License Taxes,27,2016,3
Q3-2016,Mississippi,MS,T40,T40 Individual Income Taxes,416,2016,3
Q3-2016,Mississippi,MS,T41,T41 Corporation Net Income Taxes,94,2016,3
Q3-2016,Mississippi,MS,T50,T50 Death and Gift Taxes,0,2016,3
Q3-2016,Mississippi,MS,T51,T51 Documentary and Stock Transfer Taxes,0,2016,3
Q3-2016,Mississippi,MS,T53,T53 Severance Taxes,10,2016,3
Q3-2016,Mississippi,MS,T99,"T99 Taxes, Not Elsewhere Classified",0,2016,3
Q3-2016,Mississippi,MS,TOTAL,Total Taxes,1702,2016,3
Q4-2016,Mississippi,MS,T01,T01 Property Taxes,14,2016,4
Q4-2016,Mississippi,MS,T09,T09 General Sales and Gross Receipts Taxes,835,2016,4
Q4-2016,Mississippi,MS,T10,T10 Alcoholic Beverages Sales Tax,10,2016,4
Q4-2016,Mississippi,MS,T11,T11 Amusements Sales Tax,29,2016,4
Q4-2016,Mississippi,MS,T12,T12 Insurance Premiums Sales Tax,85,2016,4
Q4-2016,Mississippi,MS,T13,T13 Motor Fuels Sales Tax,111,2016,4
Q4-2016,Mississippi,MS,T15,T15 Public Utilities Sales Tax,0,2016,4
Q4-2016,Mississippi,MS,T16,T16 Tobacco Products Sales Tax,35,2016,4
Q4-2016,Mississippi,MS,T19,T19 Other Selective Sales and Gross Receipts Taxes,107,2016,4
Q4-2016,Mississippi,MS,T20,T20 Alcoholic Beverages License,0,2016,4
Q4-2016,Mississippi,MS,T21,T21 Amusements License,8,2016,4
Q4-2016,Mississippi,MS,T22,T22 Corporations In General License,15,2016,4
Q4-2016,Mississippi,MS,T23,T23 Hunting and Fishing License,1,2016,4
Q4-2016,Mississippi,MS,T24,T24 Motor Vehicles License,41,2016,4
Q4-2016,Mississippi,MS,T25,T25 Motor Vehicle Operators License,3,2016,4
Q4-2016,Mississippi,MS,T27,T27 Public Utilities License,1,2016,4
Q4-2016,Mississippi,MS,T28,"T28 Occupation and Business License, Not Elsewhere Classified",27,2016,4
Q4-2016,Mississippi,MS,T29,T29 Other License Taxes,15,2016,4
Q4-2016,Mississippi,MS,T40,T40 Individual Income Taxes,465,2016,4
Q4-2016,Mississippi,MS,T41,T41 Corporation Net Income Taxes,52,2016,4
Q4-2016,Mississippi,MS,T50,T50 Death and Gift Taxes,0,2016,4
Q4-2016,Mississippi,MS,T53,T53 Severance Taxes,10,2016,4
Q4-2016,Mississippi,MS,T99,"T99 Taxes, Not Elsewhere Classified",0,2016,4
Q4-2016,Mississippi,MS,TOTAL,Total Taxes,1865,2016,4
Q1-2017,Mississippi,MS,T01,T01 Property Taxes,25,2017,1
Q1-2017,Mississippi,MS,T09,T09 General Sales and Gross Receipts Taxes,841,2017,1
Q1-2017,Mississippi,MS,T10,T10 Alcoholic Beverages Sales Tax,10,2017,1
Q1-2017,Mississippi,MS,T11,T11 Amusements Sales Tax,36,2017,1
Q1-2017,Mississippi,MS,T12,T12 Insurance Premiums Sales Tax,63,2017,1
Q1-2017,Mississippi,MS,T13,T13 Motor Fuels Sales Tax,103,2017,1
Q1-2017,Mississippi,MS,T15,T15 Public Utilities Sales Tax,0,2017,1
Q1-2017,Mississippi,MS,T16,T16 Tobacco Products Sales Tax,36,2017,1
Q1-2017,Mississippi,MS,T19,T19 Other Selective Sales and Gross Receipts Taxes,82,2017,1
Q1-2017,Mississippi,MS,T20,T20 Alcoholic Beverages License,0,2017,1
Q1-2017,Mississippi,MS,T21,T21 Amusements License,5,2017,1
Q1-2017,Mississippi,MS,T22,T22 Corporations In General License,22,2017,1
Q1-2017,Mississippi,MS,T23,T23 Hunting and Fishing License,0,2017,1
Q1-2017,Mississippi,MS,T24,T24 Motor Vehicles License,38,2017,1
Q1-2017,Mississippi,MS,T25,T25 Motor Vehicle Operators License,3,2017,1
Q1-2017,Mississippi,MS,T27,T27 Public Utilities License,0,2017,1
Q1-2017,Mississippi,MS,T28,"T28 Occupation and Business License, Not Elsewhere Classified",15,2017,1
Q1-2017,Mississippi,MS,T29,T29 Other License Taxes,27,2017,1
Q1-2017,Mississippi,MS,T40,T40 Individual Income Taxes,333,2017,1
Q1-2017,Mississippi,MS,T41,T41 Corporation Net Income Taxes,72,2017,1
Q1-2017,Mississippi,MS,T50,T50 Death and Gift Taxes,0,2017,1
Q1-2017,Mississippi,MS,T53,T53 Severance Taxes,11,2017,1
Q1-2017,Mississippi,MS,T99,"T99 Taxes, Not Elsewhere Classified",0,2017,1
Q1-2017,Mississippi,MS,TOTAL,Total Taxes,1724,2017,1
Q2-2017,Mississippi,MS,T01,T01 Property Taxes,5,2017,2
Q2-2017,Mississippi,MS,T09,T09 General Sales and Gross Receipts Taxes,996,2017,2
Q2-2017,Mississippi,MS,T10,T10 Alcoholic Beverages Sales Tax,11,2017,2
Q2-2017,Mississippi,MS,T11,T11 Amusements Sales Tax,35,2017,2
Q2-2017,Mississippi,MS,T12,T12 Insurance Premiums Sales Tax,144,2017,2
Q2-2017,Mississippi,MS,T13,T13 Motor Fuels Sales Tax,117,2017,2
Q2-2017,Mississippi,MS,T15,T15 Public Utilities Sales Tax,0,2017,2
Q2-2017,Mississippi,MS,T16,T16 Tobacco Products Sales Tax,37,2017,2
Q2-2017,Mississippi,MS,T19,T19 Other Selective Sales and Gross Receipts Taxes,104,2017,2
Q2-2017,Mississippi,MS,T20,T20 Alcoholic Beverages License,0,2017,2
Q2-2017,Mississippi,MS,T21,T21 Amusements License,6,2017,2
Q2-2017,Mississippi,MS,T22,T22 Corporations In General License,60,2017,2
Q2-2017,Mississippi,MS,T23,T23 Hunting and Fishing License,0,2017,2
Q2-2017,Mississippi,MS,T24,T24 Motor Vehicles License,42,2017,2
Q2-2017,Mississippi,MS,T25,T25 Motor Vehicle Operators License,3,2017,2
Q2-2017,Mississippi,MS,T27,T27 Public Utilities License,0,2017,2
Q2-2017,Mississippi,MS,T28,"T28 Occupation and Business License, Not Elsewhere Classified",18,2017,2
Q2-2017,Mississippi,MS,T29,T29 Other License Taxes,11,2017,2
Q2-2017,Mississippi,MS,T40,T40 Individual Income Taxes,586,2017,2
Q2-2017,Mississippi,MS,T41,T41 Corporation Net Income Taxes,196,2017,2
Q2-2017,Mississippi,MS,T50,T50 Death and Gift Taxes,0,2017,2
Q2-2017,Mississippi,MS,T53,T53 Severance Taxes,11,2017,2
Q2-2017,Mississippi,MS,T99,"T99 Taxes, Not Elsewhere Classified",0,2017,2
Q2-2017,Mississippi,MS,TOTAL,Total Taxes,2382,2017,2
Q3-2017,Mississippi,MS,T01,T01 Property Taxes,5,2017,3
Q3-2017,Mississippi,MS,T09,T09 General Sales and Gross Receipts Taxes,746,2017,3
Q3-2017,Mississippi,MS,T10,T10 Alcoholic Beverages Sales Tax,11,2017,3
Q3-2017,Mississippi,MS,T11,T11 Amusements Sales Tax,33,2017,3
Q3-2017,Mississippi,MS,T12,T12 Insurance Premiums Sales Tax,37,2017,3
Q3-2017,Mississippi,MS,T13,T13 Motor Fuels Sales Tax,111,2017,3
Q3-2017,Mississippi,MS,T15,T15 Public Utilities Sales Tax,1,2017,3
Q3-2017,Mississippi,MS,T16,T16 Tobacco Products Sales Tax,36,2017,3
Q3-2017,Mississippi,MS,T19,T19 Other Selective Sales and Gross Receipts Taxes,85,2017,3
Q3-2017,Mississippi,MS,T20,T20 Alcoholic Beverages License,0,2017,3
Q3-2017,Mississippi,MS,T21,T21 Amusements License,5,2017,3
Q3-2017,Mississippi,MS,T22,T22 Corporations In General License,26,2017,3
Q3-2017,Mississippi,MS,T23,T23 Hunting and Fishing License,0,2017,3
Q3-2017,Mississippi,MS,T24,T24 Motor Vehicles License,39,2017,3
Q3-2017,Mississippi,MS,T25,T25 Motor Vehicle Operators License,3,2017,3
Q3-2017,Mississippi,MS,T27,T27 Public Utilities License,7,2017,3
Q3-2017,Mississippi,MS,T28,"T28 Occupation and Business License, Not Elsewhere Classified",21,2017,3
Q3-2017,Mississippi,MS,T29,T29 Other License Taxes,18,2017,3
Q3-2017,Mississippi,MS,T40,T40 Individual Income Taxes,439,2017,3
Q3-2017,Mississippi,MS,T41,T41 Corporation Net Income Taxes,97,2017,3
Q3-2017,Mississippi,MS,T50,T50 Death and Gift Taxes,0,2017,3
Q3-2017,Mississippi,MS,T53,T53 Severance Taxes,10,2017,3
Q3-2017,Mississippi,MS,T99,"T99 Taxes, Not Elsewhere Classified",0,2017,3
Q3-2017,Mississippi,MS,TOTAL,Total Taxes,1731,2017,3
Q4-2017,Mississippi,MS,T01,T01 Property Taxes,14,2017,4
Q4-2017,Mississippi,MS,T09,T09 General Sales and Gross Receipts Taxes,847,2017,4
Q4-2017,Mississippi,MS,T10,T10 Alcoholic Beverages Sales Tax,10,2017,4
Q4-2017,Mississippi,MS,T11,T11 Amusements Sales Tax,29,2017,4
Q4-2017,Mississippi,MS,T12,T12 Insurance Premiums Sales Tax,84,2017,4
Q4-2017,Mississippi,MS,T13,T13 Motor Fuels Sales Tax,113,2017,4
Q4-2017,Mississippi,MS,T15,T15 Public Utilities Sales Tax,0,2017,4
Q4-2017,Mississippi,MS,T16,T16 Tobacco Products Sales Tax,36,2017,4
Q4-2017,Mississippi,MS,T19,T19 Other Selective Sales and Gross Receipts Taxes,98,2017,4
Q4-2017,Mississippi,MS,T20,T20 Alcoholic Beverages License,0,2017,4
Q4-2017,Mississippi,MS,T21,T21 Amusements License,10,2017,4
Q4-2017,Mississippi,MS,T22,T22 Corporations In General License,16,2017,4
Q4-2017,Mississippi,MS,T23,T23 Hunting and Fishing License,1,2017,4
Q4-2017,Mississippi,MS,T24,T24 Motor Vehicles License,38,2017,4
Q4-2017,Mississippi,MS,T25,T25 Motor Vehicle Operators License,3,2017,4
Q4-2017,Mississippi,MS,T27,T27 Public Utilities License,0,2017,4
Q4-2017,Mississippi,MS,T28,"T28 Occupation and Business License, Not Elsewhere Classified",22,2017,4
Q4-2017,Mississippi,MS,T29,T29 Other License Taxes,13,2017,4
Q4-2017,Mississippi,MS,T40,T40 Individual Income Taxes,477,2017,4
Q4-2017,Mississippi,MS,T41,T41 Corporation Net Income Taxes,53,2017,4
Q4-2017,Mississippi,MS,T50,T50 Death and Gift Taxes,0,2017,4
Q4-2017,Mississippi,MS,T53,T53 Severance Taxes,11,2017,4
Q4-2017,Mississippi,MS,T99,"T99 Taxes, Not Elsewhere Classified",0,2017,4
Q4-2017,Mississippi,MS,TOTAL,Total Taxes,1877,2017,4
Q1-2010,Missouri,MO,T01,T01 Property Taxes,21,2010,1
Q1-2010,Missouri,MO,T09,T09 General Sales and Gross Receipts Taxes,711,2010,1
Q1-2010,Missouri,MO,T10,T10 Alcoholic Beverages Sales Tax,7,2010,1
Q1-2010,Missouri,MO,T11,T11 Amusements Sales Tax,104,2010,1
Q1-2010,Missouri,MO,T12,T12 Insurance Premiums Sales Tax,73,2010,1
Q1-2010,Missouri,MO,T13,T13 Motor Fuels Sales Tax,170,2010,1
Q1-2010,Missouri,MO,T14,T14 Pari-Mutuels Sales Tax,0,2010,1
Q1-2010,Missouri,MO,T15,T15 Public Utilities Sales Tax,0,2010,1
Q1-2010,Missouri,MO,T16,T16 Tobacco Products Sales Tax,24,2010,1
Q1-2010,Missouri,MO,T19,T19 Other Selective Sales and Gross Receipts Taxes,29,2010,1
Q1-2010,Missouri,MO,T20,T20 Alcoholic Beverages License,0,2010,1
Q1-2010,Missouri,MO,T21,T21 Amusements License,0,2010,1
Q1-2010,Missouri,MO,T22,T22 Corporations In General License,52,2010,1
Q1-2010,Missouri,MO,T23,T23 Hunting and Fishing License,3,2010,1
Q1-2010,Missouri,MO,T24,T24 Motor Vehicles License,72,2010,1
Q1-2010,Missouri,MO,T25,T25 Motor Vehicle Operators License,4,2010,1
Q1-2010,Missouri,MO,T27,T27 Public Utilities License,5,2010,1
Q1-2010,Missouri,MO,T28,"T28 Occupation and Business License, Not Elsewhere Classified",35,2010,1
Q1-2010,Missouri,MO,T29,T29 Other License Taxes,13,2010,1
Q1-2010,Missouri,MO,T40,T40 Individual Income Taxes,808,2010,1
Q1-2010,Missouri,MO,T41,T41 Corporation Net Income Taxes,-40,2010,1
Q1-2010,Missouri,MO,T50,T50 Death and Gift Taxes,0,2010,1
Q1-2010,Missouri,MO,T51,T51 Documentary and Stock Transfer Taxes,1,2010,1
Q1-2010,Missouri,MO,T53,T53 Severance Taxes,0,2010,1
Q1-2010,Missouri,MO,T99,"T99 Taxes, Not Elsewhere Classified",0,2010,1
Q1-2010,Missouri,MO,TOTAL,Total Taxes,2091,2010,1
Q2-2010,Missouri,MO,T01,T01 Property Taxes,2,2010,2
Q2-2010,Missouri,MO,T09,T09 General Sales and Gross Receipts Taxes,744,2010,2
Q2-2010,Missouri,MO,T10,T10 Alcoholic Beverages Sales Tax,9,2010,2
Q2-2010,Missouri,MO,T11,T11 Amusements Sales Tax,100,2010,2
Q2-2010,Missouri,MO,T12,T12 Insurance Premiums Sales Tax,86,2010,2
Q2-2010,Missouri,MO,T13,T13 Motor Fuels Sales Tax,174,2010,2
Q2-2010,Missouri,MO,T14,T14 Pari-Mutuels Sales Tax,0,2010,2
Q2-2010,Missouri,MO,T15,T15 Public Utilities Sales Tax,0,2010,2
Q2-2010,Missouri,MO,T16,T16 Tobacco Products Sales Tax,27,2010,2
Q2-2010,Missouri,MO,T19,T19 Other Selective Sales and Gross Receipts Taxes,27,2010,2
Q2-2010,Missouri,MO,T20,T20 Alcoholic Beverages License,4,2010,2
Q2-2010,Missouri,MO,T21,T21 Amusements License,0,2010,2
Q2-2010,Missouri,MO,T22,T22 Corporations In General License,14,2010,2
Q2-2010,Missouri,MO,T23,T23 Hunting and Fishing License,10,2010,2
Q2-2010,Missouri,MO,T24,T24 Motor Vehicles License,74,2010,2
Q2-2010,Missouri,MO,T25,T25 Motor Vehicle Operators License,4,2010,2
Q2-2010,Missouri,MO,T27,T27 Public Utilities License,5,2010,2
Q2-2010,Missouri,MO,T28,"T28 Occupation and Business License, Not Elsewhere Classified",32,2010,2
Q2-2010,Missouri,MO,T29,T29 Other License Taxes,22,2010,2
Q2-2010,Missouri,MO,T40,T40 Individual Income Taxes,1385,2010,2
Q2-2010,Missouri,MO,T41,T41 Corporation Net Income Taxes,142,2010,2
Q2-2010,Missouri,MO,T50,T50 Death and Gift Taxes,0,2010,2
Q2-2010,Missouri,MO,T51,T51 Documentary and Stock Transfer Taxes,1,2010,2
Q2-2010,Missouri,MO,T53,T53 Severance Taxes,0,2010,2
Q2-2010,Missouri,MO,T99,"T99 Taxes, Not Elsewhere Classified",12,2010,2
Q2-2010,Missouri,MO,TOTAL,Total Taxes,2872,2010,2
Q3-2010,Missouri,MO,T01,T01 Property Taxes,1,2010,3
Q3-2010,Missouri,MO,T09,T09 General Sales and Gross Receipts Taxes,752,2010,3
Q3-2010,Missouri,MO,T10,T10 Alcoholic Beverages Sales Tax,8,2010,3
Q3-2010,Missouri,MO,T11,T11 Amusements Sales Tax,101,2010,3
Q3-2010,Missouri,MO,T12,T12 Insurance Premiums Sales Tax,77,2010,3
Q3-2010,Missouri,MO,T13,T13 Motor Fuels Sales Tax,185,2010,3
Q3-2010,Missouri,MO,T14,T14 Pari-Mutuels Sales Tax,0,2010,3
Q3-2010,Missouri,MO,T15,T15 Public Utilities Sales Tax,0,2010,3
Q3-2010,Missouri,MO,T16,T16 Tobacco Products Sales Tax,28,2010,3
Q3-2010,Missouri,MO,T19,T19 Other Selective Sales and Gross Receipts Taxes,30,2010,3
Q3-2010,Missouri,MO,T20,T20 Alcoholic Beverages License,1,2010,3
Q3-2010,Missouri,MO,T21,T21 Amusements License,0,2010,3
Q3-2010,Missouri,MO,T22,T22 Corporations In General License,7,2010,3
Q3-2010,Missouri,MO,T23,T23 Hunting and Fishing License,6,2010,3
Q3-2010,Missouri,MO,T24,T24 Motor Vehicles License,59,2010,3
Q3-2010,Missouri,MO,T25,T25 Motor Vehicle Operators License,4,2010,3
Q3-2010,Missouri,MO,T27,T27 Public Utilities License,6,2010,3
Q3-2010,Missouri,MO,T28,"T28 Occupation and Business License, Not Elsewhere Classified",40,2010,3
Q3-2010,Missouri,MO,T29,T29 Other License Taxes,15,2010,3
Q3-2010,Missouri,MO,T40,T40 Individual Income Taxes,1102,2010,3
Q3-2010,Missouri,MO,T41,T41 Corporation Net Income Taxes,86,2010,3
Q3-2010,Missouri,MO,T50,T50 Death and Gift Taxes,1,2010,3
Q3-2010,Missouri,MO,T51,T51 Documentary and Stock Transfer Taxes,1,2010,3
Q3-2010,Missouri,MO,T53,T53 Severance Taxes,0,2010,3
Q3-2010,Missouri,MO,T99,"T99 Taxes, Not Elsewhere Classified",0,2010,3
Q3-2010,Missouri,MO,TOTAL,Total Taxes,2507,2010,3
Q4-2010,Missouri,MO,T01,T01 Property Taxes,8,2010,4
Q4-2010,Missouri,MO,T09,T09 General Sales and Gross Receipts Taxes,730,2010,4
Q4-2010,Missouri,MO,T10,T10 Alcoholic Beverages Sales Tax,9,2010,4
Q4-2010,Missouri,MO,T11,T11 Amusements Sales Tax,94,2010,4
Q4-2010,Missouri,MO,T12,T12 Insurance Premiums Sales Tax,57,2010,4
Q4-2010,Missouri,MO,T13,T13 Motor Fuels Sales Tax,183,2010,4
Q4-2010,Missouri,MO,T14,T14 Pari-Mutuels Sales Tax,0,2010,4
Q4-2010,Missouri,MO,T15,T15 Public Utilities Sales Tax,0,2010,4
Q4-2010,Missouri,MO,T16,T16 Tobacco Products Sales Tax,26,2010,4
Q4-2010,Missouri,MO,T19,T19 Other Selective Sales and Gross Receipts Taxes,29,2010,4
Q4-2010,Missouri,MO,T20,T20 Alcoholic Beverages License,0,2010,4
Q4-2010,Missouri,MO,T21,T21 Amusements License,0,2010,4
Q4-2010,Missouri,MO,T22,T22 Corporations In General License,48,2010,4
Q4-2010,Missouri,MO,T23,T23 Hunting and Fishing License,14,2010,4
Q4-2010,Missouri,MO,T24,T24 Motor Vehicles License,62,2010,4
Q4-2010,Missouri,MO,T25,T25 Motor Vehicle Operators License,4,2010,4
Q4-2010,Missouri,MO,T27,T27 Public Utilities License,4,2010,4
Q4-2010,Missouri,MO,T28,"T28 Occupation and Business License, Not Elsewhere Classified",35,2010,4
Q4-2010,Missouri,MO,T29,T29 Other License Taxes,12,2010,4
Q4-2010,Missouri,MO,T40,T40 Individual Income Taxes,1126,2010,4
Q4-2010,Missouri,MO,T41,T41 Corporation Net Income Taxes,8,2010,4
Q4-2010,Missouri,MO,T50,T50 Death and Gift Taxes,0,2010,4
Q4-2010,Missouri,MO,T51,T51 Documentary and Stock Transfer Taxes,2,2010,4
Q4-2010,Missouri,MO,T53,T53 Severance Taxes,0,2010,4
Q4-2010,Missouri,MO,T99,"T99 Taxes, Not Elsewhere Classified",0,2010,4
Q4-2010,Missouri,MO,TOTAL,Total Taxes,2452,2010,4
Q1-2011,Missouri,MO,T01,T01 Property Taxes,16,2011,1
Q1-2011,Missouri,MO,T09,T09 General Sales and Gross Receipts Taxes,729,2011,1
Q1-2011,Missouri,MO,T10,T10 Alcoholic Beverages Sales Tax,7,2011,1
Q1-2011,Missouri,MO,T11,T11 Amusements Sales Tax,102,2011,1
Q1-2011,Missouri,MO,T12,T12 Insurance Premiums Sales Tax,70,2011,1
Q1-2011,Missouri,MO,T13,T13 Motor Fuels Sales Tax,172,2011,1
Q1-2011,Missouri,MO,T15,T15 Public Utilities Sales Tax,0,2011,1
Q1-2011,Missouri,MO,T16,T16 Tobacco Products Sales Tax,24,2011,1
Q1-2011,Missouri,MO,T19,T19 Other Selective Sales and Gross Receipts Taxes,29,2011,1
Q1-2011,Missouri,MO,T20,T20 Alcoholic Beverages License,0,2011,1
Q1-2011,Missouri,MO,T21,T21 Amusements License,0,2011,1
Q1-2011,Missouri,MO,T22,T22 Corporations In General License,14,2011,1
Q1-2011,Missouri,MO,T23,T23 Hunting and Fishing License,4,2011,1
Q1-2011,Missouri,MO,T24,T24 Motor Vehicles License,76,2011,1
Q1-2011,Missouri,MO,T25,T25 Motor Vehicle Operators License,4,2011,1
Q1-2011,Missouri,MO,T27,T27 Public Utilities License,5,2011,1
Q1-2011,Missouri,MO,T28,"T28 Occupation and Business License, Not Elsewhere Classified",34,2011,1
Q1-2011,Missouri,MO,T29,T29 Other License Taxes,13,2011,1
Q1-2011,Missouri,MO,T40,T40 Individual Income Taxes,892,2011,1
Q1-2011,Missouri,MO,T41,T41 Corporation Net Income Taxes,43,2011,1
Q1-2011,Missouri,MO,T50,T50 Death and Gift Taxes,0,2011,1
Q1-2011,Missouri,MO,T51,T51 Documentary and Stock Transfer Taxes,7,2011,1
Q1-2011,Missouri,MO,T53,T53 Severance Taxes,0,2011,1
Q1-2011,Missouri,MO,T99,"T99 Taxes, Not Elsewhere Classified",0,2011,1
Q1-2011,Missouri,MO,TOTAL,Total Taxes,2242,2011,1
Q2-2011,Missouri,MO,T01,T01 Property Taxes,2,2011,2
Q2-2011,Missouri,MO,T09,T09 General Sales and Gross Receipts Taxes,762,2011,2
Q2-2011,Missouri,MO,T10,T10 Alcoholic Beverages Sales Tax,9,2011,2
Q2-2011,Missouri,MO,T11,T11 Amusements Sales Tax,101,2011,2
Q2-2011,Missouri,MO,T12,T12 Insurance Premiums Sales Tax,80,2011,2
Q2-2011,Missouri,MO,T13,T13 Motor Fuels Sales Tax,169,2011,2
Q2-2011,Missouri,MO,T15,T15 Public Utilities Sales Tax,0,2011,2
Q2-2011,Missouri,MO,T16,T16 Tobacco Products Sales Tax,27,2011,2
Q2-2011,Missouri,MO,T19,T19 Other Selective Sales and Gross Receipts Taxes,27,2011,2
Q2-2011,Missouri,MO,T20,T20 Alcoholic Beverages License,4,2011,2
Q2-2011,Missouri,MO,T21,T21 Amusements License,0,2011,2
Q2-2011,Missouri,MO,T22,T22 Corporations In General License,11,2011,2
Q2-2011,Missouri,MO,T23,T23 Hunting and Fishing License,8,2011,2
Q2-2011,Missouri,MO,T24,T24 Motor Vehicles License,68,2011,2
Q2-2011,Missouri,MO,T25,T25 Motor Vehicle Operators License,4,2011,2
Q2-2011,Missouri,MO,T27,T27 Public Utilities License,5,2011,2
Q2-2011,Missouri,MO,T28,"T28 Occupation and Business License, Not Elsewhere Classified",28,2011,2
Q2-2011,Missouri,MO,T29,T29 Other License Taxes,22,2011,2
Q2-2011,Missouri,MO,T40,T40 Individual Income Taxes,1414,2011,2
Q2-2011,Missouri,MO,T41,T41 Corporation Net Income Taxes,186,2011,2
Q2-2011,Missouri,MO,T50,T50 Death and Gift Taxes,1,2011,2
Q2-2011,Missouri,MO,T51,T51 Documentary and Stock Transfer Taxes,1,2011,2
Q2-2011,Missouri,MO,T53,T53 Severance Taxes,0,2011,2
Q2-2011,Missouri,MO,T99,"T99 Taxes, Not Elsewhere Classified",12,2011,2
Q2-2011,Missouri,MO,TOTAL,Total Taxes,2941,2011,2
Q3-2011,Missouri,MO,T01,T01 Property Taxes,1,2011,3
Q3-2011,Missouri,MO,T09,T09 General Sales and Gross Receipts Taxes,781,2011,3
Q3-2011,Missouri,MO,T10,T10 Alcoholic Beverages Sales Tax,9,2011,3
Q3-2011,Missouri,MO,T11,T11 Amusements Sales Tax,98,2011,3
Q3-2011,Missouri,MO,T12,T12 Insurance Premiums Sales Tax,55,2011,3
Q3-2011,Missouri,MO,T13,T13 Motor Fuels Sales Tax,179,2011,3
Q3-2011,Missouri,MO,T15,T15 Public Utilities Sales Tax,0,2011,3
Q3-2011,Missouri,MO,T16,T16 Tobacco Products Sales Tax,28,2011,3
Q3-2011,Missouri,MO,T19,T19 Other Selective Sales and Gross Receipts Taxes,30,2011,3
Q3-2011,Missouri,MO,T20,T20 Alcoholic Beverages License,0,2011,3
Q3-2011,Missouri,MO,T21,T21 Amusements License,0,2011,3
Q3-2011,Missouri,MO,T22,T22 Corporations In General License,9,2011,3
Q3-2011,Missouri,MO,T23,T23 Hunting and Fishing License,5,2011,3
Q3-2011,Missouri,MO,T24,T24 Motor Vehicles License,57,2011,3
Q3-2011,Missouri,MO,T25,T25 Motor Vehicle Operators License,5,2011,3
Q3-2011,Missouri,MO,T27,T27 Public Utilities License,6,2011,3
Q3-2011,Missouri,MO,T28,"T28 Occupation and Business License, Not Elsewhere Classified",38,2011,3
Q3-2011,Missouri,MO,T29,T29 Other License Taxes,17,2011,3
Q3-2011,Missouri,MO,T40,T40 Individual Income Taxes,1153,2011,3
Q3-2011,Missouri,MO,T41,T41 Corporation Net Income Taxes,65,2011,3
Q3-2011,Missouri,MO,T50,T50 Death and Gift Taxes,0,2011,3
Q3-2011,Missouri,MO,T51,T51 Documentary and Stock Transfer Taxes,1,2011,3
Q3-2011,Missouri,MO,T53,T53 Severance Taxes,0,2011,3
Q3-2011,Missouri,MO,T99,"T99 Taxes, Not Elsewhere Classified",0,2011,3
Q3-2011,Missouri,MO,TOTAL,Total Taxes,2537,2011,3
Q4-2011,Missouri,MO,T01,T01 Property Taxes,6,2011,4
Q4-2011,Missouri,MO,T09,T09 General Sales and Gross Receipts Taxes,736,2011,4
Q4-2011,Missouri,MO,T10,T10 Alcoholic Beverages Sales Tax,9,2011,4
Q4-2011,Missouri,MO,T11,T11 Amusements Sales Tax,95,2011,4
Q4-2011,Missouri,MO,T12,T12 Insurance Premiums Sales Tax,57,2011,4
Q4-2011,Missouri,MO,T13,T13 Motor Fuels Sales Tax,179,2011,4
Q4-2011,Missouri,MO,T15,T15 Public Utilities Sales Tax,0,2011,4
Q4-2011,Missouri,MO,T16,T16 Tobacco Products Sales Tax,26,2011,4
Q4-2011,Missouri,MO,T19,T19 Other Selective Sales and Gross Receipts Taxes,30,2011,4
Q4-2011,Missouri,MO,T20,T20 Alcoholic Beverages License,0,2011,4
Q4-2011,Missouri,MO,T21,T21 Amusements License,0,2011,4
Q4-2011,Missouri,MO,T22,T22 Corporations In General License,25,2011,4
Q4-2011,Missouri,MO,T23,T23 Hunting and Fishing License,14,2011,4
Q4-2011,Missouri,MO,T24,T24 Motor Vehicles License,62,2011,4
Q4-2011,Missouri,MO,T25,T25 Motor Vehicle Operators License,4,2011,4
Q4-2011,Missouri,MO,T27,T27 Public Utilities License,4,2011,4
Q4-2011,Missouri,MO,T28,"T28 Occupation and Business License, Not Elsewhere Classified",33,2011,4
Q4-2011,Missouri,MO,T29,T29 Other License Taxes,13,2011,4
Q4-2011,Missouri,MO,T40,T40 Individual Income Taxes,1164,2011,4
Q4-2011,Missouri,MO,T41,T41 Corporation Net Income Taxes,29,2011,4
Q4-2011,Missouri,MO,T50,T50 Death and Gift Taxes,0,2011,4
Q4-2011,Missouri,MO,T51,T51 Documentary and Stock Transfer Taxes,2,2011,4
Q4-2011,Missouri,MO,T53,T53 Severance Taxes,0,2011,4
Q4-2011,Missouri,MO,T99,"T99 Taxes, Not Elsewhere Classified",0,2011,4
Q4-2011,Missouri,MO,TOTAL,Total Taxes,2486,2011,4
Q1-2012,Missouri,MO,T01,T01 Property Taxes,21,2012,1
Q1-2012,Missouri,MO,T09,T09 General Sales and Gross Receipts Taxes,793,2012,1
Q1-2012,Missouri,MO,T10,T10 Alcoholic Beverages Sales Tax,8,2012,1
Q1-2012,Missouri,MO,T11,T11 Amusements Sales Tax,101,2012,1
Q1-2012,Missouri,MO,T12,T12 Insurance Premiums Sales Tax,67,2012,1
Q1-2012,Missouri,MO,T13,T13 Motor Fuels Sales Tax,169,2012,1
Q1-2012,Missouri,MO,T15,T15 Public Utilities Sales Tax,0,2012,1
Q1-2012,Missouri,MO,T16,T16 Tobacco Products Sales Tax,25,2012,1
Q1-2012,Missouri,MO,T19,T19 Other Selective Sales and Gross Receipts Taxes,49,2012,1
Q1-2012,Missouri,MO,T20,T20 Alcoholic Beverages License,0,2012,1
Q1-2012,Missouri,MO,T21,T21 Amusements License,0,2012,1
Q1-2012,Missouri,MO,T22,T22 Corporations In General License,24,2012,1
Q1-2012,Missouri,MO,T23,T23 Hunting and Fishing License,5,2012,1
Q1-2012,Missouri,MO,T24,T24 Motor Vehicles License,77,2012,1
Q1-2012,Missouri,MO,T25,T25 Motor Vehicle Operators License,5,2012,1
Q1-2012,Missouri,MO,T27,T27 Public Utilities License,5,2012,1
Q1-2012,Missouri,MO,T28,"T28 Occupation and Business License, Not Elsewhere Classified",39,2012,1
Q1-2012,Missouri,MO,T29,T29 Other License Taxes,14,2012,1
Q1-2012,Missouri,MO,T40,T40 Individual Income Taxes,971,2012,1
Q1-2012,Missouri,MO,T41,T41 Corporation Net Income Taxes,7,2012,1
Q1-2012,Missouri,MO,T50,T50 Death and Gift Taxes,0,2012,1
Q1-2012,Missouri,MO,T51,T51 Documentary and Stock Transfer Taxes,1,2012,1
Q1-2012,Missouri,MO,T53,T53 Severance Taxes,0,2012,1
Q1-2012,Missouri,MO,T99,"T99 Taxes, Not Elsewhere Classified",0,2012,1
Q1-2012,Missouri,MO,TOTAL,Total Taxes,2380,2012,1
Q2-2012,Missouri,MO,T01,T01 Property Taxes,1,2012,2
Q2-2012,Missouri,MO,T09,T09 General Sales and Gross Receipts Taxes,794,2012,2
Q2-2012,Missouri,MO,T10,T10 Alcoholic Beverages Sales Tax,9,2012,2
Q2-2012,Missouri,MO,T11,T11 Amusements Sales Tax,97,2012,2
Q2-2012,Missouri,MO,T12,T12 Insurance Premiums Sales Tax,92,2012,2
Q2-2012,Missouri,MO,T13,T13 Motor Fuels Sales Tax,175,2012,2
Q2-2012,Missouri,MO,T15,T15 Public Utilities Sales Tax,0,2012,2
Q2-2012,Missouri,MO,T16,T16 Tobacco Products Sales Tax,27,2012,2
Q2-2012,Missouri,MO,T19,T19 Other Selective Sales and Gross Receipts Taxes,42,2012,2
Q2-2012,Missouri,MO,T20,T20 Alcoholic Beverages License,4,2012,2
Q2-2012,Missouri,MO,T21,T21 Amusements License,0,2012,2
Q2-2012,Missouri,MO,T22,T22 Corporations In General License,6,2012,2
Q2-2012,Missouri,MO,T23,T23 Hunting and Fishing License,9,2012,2
Q2-2012,Missouri,MO,T24,T24 Motor Vehicles License,71,2012,2
Q2-2012,Missouri,MO,T25,T25 Motor Vehicle Operators License,5,2012,2
Q2-2012,Missouri,MO,T27,T27 Public Utilities License,5,2012,2
Q2-2012,Missouri,MO,T28,"T28 Occupation and Business License, Not Elsewhere Classified",25,2012,2
Q2-2012,Missouri,MO,T29,T29 Other License Taxes,23,2012,2
Q2-2012,Missouri,MO,T40,T40 Individual Income Taxes,1844,2012,2
Q2-2012,Missouri,MO,T41,T41 Corporation Net Income Taxes,200,2012,2
Q2-2012,Missouri,MO,T50,T50 Death and Gift Taxes,0,2012,2
Q2-2012,Missouri,MO,T51,T51 Documentary and Stock Transfer Taxes,1,2012,2
Q2-2012,Missouri,MO,T53,T53 Severance Taxes,0,2012,2
Q2-2012,Missouri,MO,T99,"T99 Taxes, Not Elsewhere Classified",6,2012,2
Q2-2012,Missouri,MO,TOTAL,Total Taxes,3434,2012,2
Q3-2012,Missouri,MO,T01,T01 Property Taxes,1,2012,3
Q3-2012,Missouri,MO,T09,T09 General Sales and Gross Receipts Taxes,793,2012,3
Q3-2012,Missouri,MO,T10,T10 Alcoholic Beverages Sales Tax,9,2012,3
Q3-2012,Missouri,MO,T11,T11 Amusements Sales Tax,95,2012,3
Q3-2012,Missouri,MO,T12,T12 Insurance Premiums Sales Tax,56,2012,3
Q3-2012,Missouri,MO,T13,T13 Motor Fuels Sales Tax,177,2012,3
Q3-2012,Missouri,MO,T15,T15 Public Utilities Sales Tax,0,2012,3
Q3-2012,Missouri,MO,T16,T16 Tobacco Products Sales Tax,27,2012,3
Q3-2012,Missouri,MO,T19,T19 Other Selective Sales and Gross Receipts Taxes,34,2012,3
Q3-2012,Missouri,MO,T20,T20 Alcoholic Beverages License,0,2012,3
Q3-2012,Missouri,MO,T21,T21 Amusements License,0,2012,3
Q3-2012,Missouri,MO,T22,T22 Corporations In General License,7,2012,3
Q3-2012,Missouri,MO,T23,T23 Hunting and Fishing License,5,2012,3
Q3-2012,Missouri,MO,T24,T24 Motor Vehicles License,57,2012,3
Q3-2012,Missouri,MO,T25,T25 Motor Vehicle Operators License,5,2012,3
Q3-2012,Missouri,MO,T27,T27 Public Utilities License,6,2012,3
Q3-2012,Missouri,MO,T28,"T28 Occupation and Business License, Not Elsewhere Classified",35,2012,3
Q3-2012,Missouri,MO,T29,T29 Other License Taxes,17,2012,3
Q3-2012,Missouri,MO,T40,T40 Individual Income Taxes,1222,2012,3
Q3-2012,Missouri,MO,T41,T41 Corporation Net Income Taxes,81,2012,3
Q3-2012,Missouri,MO,T50,T50 Death and Gift Taxes,0,2012,3
Q3-2012,Missouri,MO,T51,T51 Documentary and Stock Transfer Taxes,0,2012,3
Q3-2012,Missouri,MO,T53,T53 Severance Taxes,0,2012,3
Q3-2012,Missouri,MO,T99,"T99 Taxes, Not Elsewhere Classified",0,2012,3
Q3-2012,Missouri,MO,TOTAL,Total Taxes,2629,2012,3
Q4-2012,Missouri,MO,T01,T01 Property Taxes,8,2012,4
Q4-2012,Missouri,MO,T09,T09 General Sales and Gross Receipts Taxes,751,2012,4
Q4-2012,Missouri,MO,T10,T10 Alcoholic Beverages Sales Tax,9,2012,4
Q4-2012,Missouri,MO,T11,T11 Amusements Sales Tax,92,2012,4
Q4-2012,Missouri,MO,T12,T12 Insurance Premiums Sales Tax,57,2012,4
Q4-2012,Missouri,MO,T13,T13 Motor Fuels Sales Tax,181,2012,4
Q4-2012,Missouri,MO,T15,T15 Public Utilities Sales Tax,0,2012,4
Q4-2012,Missouri,MO,T16,T16 Tobacco Products Sales Tax,28,2012,4
Q4-2012,Missouri,MO,T19,T19 Other Selective Sales and Gross Receipts Taxes,34,2012,4
Q4-2012,Missouri,MO,T20,T20 Alcoholic Beverages License,0,2012,4
Q4-2012,Missouri,MO,T21,T21 Amusements License,0,2012,4
Q4-2012,Missouri,MO,T22,T22 Corporations In General License,17,2012,4
Q4-2012,Missouri,MO,T23,T23 Hunting and Fishing License,14,2012,4
Q4-2012,Missouri,MO,T24,T24 Motor Vehicles License,67,2012,4
Q4-2012,Missouri,MO,T25,T25 Motor Vehicle Operators License,5,2012,4
Q4-2012,Missouri,MO,T27,T27 Public Utilities License,5,2012,4
Q4-2012,Missouri,MO,T28,"T28 Occupation and Business License, Not Elsewhere Classified",33,2012,4
Q4-2012,Missouri,MO,T29,T29 Other License Taxes,13,2012,4
Q4-2012,Missouri,MO,T40,T40 Individual Income Taxes,1258,2012,4
Q4-2012,Missouri,MO,T41,T41 Corporation Net Income Taxes,59,2012,4
Q4-2012,Missouri,MO,T50,T50 Death and Gift Taxes,0,2012,4
Q4-2012,Missouri,MO,T51,T51 Documentary and Stock Transfer Taxes,2,2012,4
Q4-2012,Missouri,MO,T53,T53 Severance Taxes,0,2012,4
Q4-2012,Missouri,MO,T99,"T99 Taxes, Not Elsewhere Classified",0,2012,4
Q4-2012,Missouri,MO,TOTAL,Total Taxes,2633,2012,4
Q1-2013,Missouri,MO,T01,T01 Property Taxes,20,2013,1
Q1-2013,Missouri,MO,T09,T09 General Sales and Gross Receipts Taxes,798,2013,1
Q1-2013,Missouri,MO,T10,T10 Alcoholic Beverages Sales Tax,9,2013,1
Q1-2013,Missouri,MO,T11,T11 Amusements Sales Tax,97,2013,1
Q1-2013,Missouri,MO,T12,T12 Insurance Premiums Sales Tax,67,2013,1
Q1-2013,Missouri,MO,T13,T13 Motor Fuels Sales Tax,177,2013,1
Q1-2013,Missouri,MO,T15,T15 Public Utilities Sales Tax,0,2013,1
Q1-2013,Missouri,MO,T16,T16 Tobacco Products Sales Tax,22,2013,1
Q1-2013,Missouri,MO,T19,T19 Other Selective Sales and Gross Receipts Taxes,35,2013,1
Q1-2013,Missouri,MO,T20,T20 Alcoholic Beverages License,0,2013,1
Q1-2013,Missouri,MO,T21,T21 Amusements License,0,2013,1
Q1-2013,Missouri,MO,T22,T22 Corporations In General License,24,2013,1
Q1-2013,Missouri,MO,T23,T23 Hunting and Fishing License,3,2013,1
Q1-2013,Missouri,MO,T24,T24 Motor Vehicles License,73,2013,1
Q1-2013,Missouri,MO,T25,T25 Motor Vehicle Operators License,4,2013,1
Q1-2013,Missouri,MO,T27,T27 Public Utilities License,5,2013,1
Q1-2013,Missouri,MO,T28,"T28 Occupation and Business License, Not Elsewhere Classified",33,2013,1
Q1-2013,Missouri,MO,T29,T29 Other License Taxes,14,2013,1
Q1-2013,Missouri,MO,T40,T40 Individual Income Taxes,1079,2013,1
Q1-2013,Missouri,MO,T41,T41 Corporation Net Income Taxes,43,2013,1
Q1-2013,Missouri,MO,T50,T50 Death and Gift Taxes,0,2013,1
Q1-2013,Missouri,MO,T51,T51 Documentary and Stock Transfer Taxes,8,2013,1
Q1-2013,Missouri,MO,T53,T53 Severance Taxes,0,2013,1
Q1-2013,Missouri,MO,T99,"T99 Taxes, Not Elsewhere Classified",0,2013,1
Q1-2013,Missouri,MO,TOTAL,Total Taxes,2512,2013,1
Q2-2013,Missouri,MO,T01,T01 Property Taxes,1,2013,2
Q2-2013,Missouri,MO,T09,T09 General Sales and Gross Receipts Taxes,813,2013,2
Q2-2013,Missouri,MO,T10,T10 Alcoholic Beverages Sales Tax,9,2013,2
Q2-2013,Missouri,MO,T11,T11 Amusements Sales Tax,96,2013,2
Q2-2013,Missouri,MO,T12,T12 Insurance Premiums Sales Tax,94,2013,2
Q2-2013,Missouri,MO,T13,T13 Motor Fuels Sales Tax,166,2013,2
Q2-2013,Missouri,MO,T15,T15 Public Utilities Sales Tax,0,2013,2
Q2-2013,Missouri,MO,T16,T16 Tobacco Products Sales Tax,27,2013,2
Q2-2013,Missouri,MO,T19,T19 Other Selective Sales and Gross Receipts Taxes,38,2013,2
Q2-2013,Missouri,MO,T20,T20 Alcoholic Beverages License,4,2013,2
Q2-2013,Missouri,MO,T21,T21 Amusements License,0,2013,2
Q2-2013,Missouri,MO,T22,T22 Corporations In General License,6,2013,2
Q2-2013,Missouri,MO,T23,T23 Hunting and Fishing License,10,2013,2
Q2-2013,Missouri,MO,T24,T24 Motor Vehicles License,71,2013,2
Q2-2013,Missouri,MO,T25,T25 Motor Vehicle Operators License,4,2013,2
Q2-2013,Missouri,MO,T27,T27 Public Utilities License,4,2013,2
Q2-2013,Missouri,MO,T28,"T28 Occupation and Business License, Not Elsewhere Classified",29,2013,2
Q2-2013,Missouri,MO,T29,T29 Other License Taxes,22,2013,2
Q2-2013,Missouri,MO,T40,T40 Individual Income Taxes,1821,2013,2
Q2-2013,Missouri,MO,T41,T41 Corporation Net Income Taxes,194,2013,2
Q2-2013,Missouri,MO,T50,T50 Death and Gift Taxes,0,2013,2
Q2-2013,Missouri,MO,T51,T51 Documentary and Stock Transfer Taxes,1,2013,2
Q2-2013,Missouri,MO,T53,T53 Severance Taxes,0,2013,2
Q2-2013,Missouri,MO,T99,"T99 Taxes, Not Elsewhere Classified",0,2013,2
Q2-2013,Missouri,MO,TOTAL,Total Taxes,3409,2013,2
Q3-2013,Missouri,MO,T01,T01 Property Taxes,1,2013,3
Q3-2013,Missouri,MO,T09,T09 General Sales and Gross Receipts Taxes,835,2013,3
Q3-2013,Missouri,MO,T10,T10 Alcoholic Beverages Sales Tax,10,2013,3
Q3-2013,Missouri,MO,T11,T11 Amusements Sales Tax,92,2013,3
Q3-2013,Missouri,MO,T12,T12 Insurance Premiums Sales Tax,56,2013,3
Q3-2013,Missouri,MO,T13,T13 Motor Fuels Sales Tax,178,2013,3
Q3-2013,Missouri,MO,T15,T15 Public Utilities Sales Tax,0,2013,3
Q3-2013,Missouri,MO,T16,T16 Tobacco Products Sales Tax,26,2013,3
Q3-2013,Missouri,MO,T19,T19 Other Selective Sales and Gross Receipts Taxes,34,2013,3
Q3-2013,Missouri,MO,T20,T20 Alcoholic Beverages License,1,2013,3
Q3-2013,Missouri,MO,T21,T21 Amusements License,0,2013,3
Q3-2013,Missouri,MO,T22,T22 Corporations In General License,19,2013,3
Q3-2013,Missouri,MO,T23,T23 Hunting and Fishing License,5,2013,3
Q3-2013,Missouri,MO,T24,T24 Motor Vehicles License,58,2013,3
Q3-2013,Missouri,MO,T25,T25 Motor Vehicle Operators License,4,2013,3
Q3-2013,Missouri,MO,T27,T27 Public Utilities License,7,2013,3
Q3-2013,Missouri,MO,T28,"T28 Occupation and Business License, Not Elsewhere Classified",38,2013,3
Q3-2013,Missouri,MO,T29,T29 Other License Taxes,18,2013,3
Q3-2013,Missouri,MO,T40,T40 Individual Income Taxes,1280,2013,3
Q3-2013,Missouri,MO,T41,T41 Corporation Net Income Taxes,99,2013,3
Q3-2013,Missouri,MO,T50,T50 Death and Gift Taxes,0,2013,3
Q3-2013,Missouri,MO,T51,T51 Documentary and Stock Transfer Taxes,1,2013,3
Q3-2013,Missouri,MO,T53,T53 Severance Taxes,0,2013,3
Q3-2013,Missouri,MO,T99,"T99 Taxes, Not Elsewhere Classified",0,2013,3
Q3-2013,Missouri,MO,TOTAL,Total Taxes,2762,2013,3
Q4-2013,Missouri,MO,T01,T01 Property Taxes,7,2013,4
Q4-2013,Missouri,MO,T09,T09 General Sales and Gross Receipts Taxes,798,2013,4
Q4-2013,Missouri,MO,T10,T10 Alcoholic Beverages Sales Tax,9,2013,4
Q4-2013,Missouri,MO,T11,T11 Amusements Sales Tax,89,2013,4
Q4-2013,Missouri,MO,T12,T12 Insurance Premiums Sales Tax,54,2013,4
Q4-2013,Missouri,MO,T13,T13 Motor Fuels Sales Tax,159,2013,4
Q4-2013,Missouri,MO,T15,T15 Public Utilities Sales Tax,0,2013,4
Q4-2013,Missouri,MO,T16,T16 Tobacco Products Sales Tax,26,2013,4
Q4-2013,Missouri,MO,T19,T19 Other Selective Sales and Gross Receipts Taxes,34,2013,4
Q4-2013,Missouri,MO,T20,T20 Alcoholic Beverages License,0,2013,4
Q4-2013,Missouri,MO,T21,T21 Amusements License,0,2013,4
Q4-2013,Missouri,MO,T22,T22 Corporations In General License,31,2013,4
Q4-2013,Missouri,MO,T23,T23 Hunting and Fishing License,14,2013,4
Q4-2013,Missouri,MO,T24,T24 Motor Vehicles License,69,2013,4
Q4-2013,Missouri,MO,T25,T25 Motor Vehicle Operators License,4,2013,4
Q4-2013,Missouri,MO,T27,T27 Public Utilities License,4,2013,4
Q4-2013,Missouri,MO,T28,"T28 Occupation and Business License, Not Elsewhere Classified",33,2013,4
Q4-2013,Missouri,MO,T29,T29 Other License Taxes,14,2013,4
Q4-2013,Missouri,MO,T40,T40 Individual Income Taxes,1296,2013,4
Q4-2013,Missouri,MO,T41,T41 Corporation Net Income Taxes,56,2013,4
Q4-2013,Missouri,MO,T50,T50 Death and Gift Taxes,0,2013,4
Q4-2013,Missouri,MO,T51,T51 Documentary and Stock Transfer Taxes,9,2013,4
Q4-2013,Missouri,MO,T53,T53 Severance Taxes,0,2013,4
Q4-2013,Missouri,MO,T99,"T99 Taxes, Not Elsewhere Classified",0,2013,4
Q4-2013,Missouri,MO,TOTAL,Total Taxes,2708,2013,4
Q1-2014,Missouri,MO,T01,T01 Property Taxes,21,2014,1
Q1-2014,Missouri,MO,T09,T09 General Sales and Gross Receipts Taxes,795,2014,1
Q1-2014,Missouri,MO,T10,T10 Alcoholic Beverages Sales Tax,8,2014,1
Q1-2014,Missouri,MO,T11,T11 Amusements Sales Tax,88,2014,1
Q1-2014,Missouri,MO,T12,T12 Insurance Premiums Sales Tax,72,2014,1
Q1-2014,Missouri,MO,T13,T13 Motor Fuels Sales Tax,181,2014,1
Q1-2014,Missouri,MO,T15,T15 Public Utilities Sales Tax,0,2014,1
Q1-2014,Missouri,MO,T16,T16 Tobacco Products Sales Tax,22,2014,1
Q1-2014,Missouri,MO,T19,T19 Other Selective Sales and Gross Receipts Taxes,35,2014,1
Q1-2014,Missouri,MO,T20,T20 Alcoholic Beverages License,0,2014,1
Q1-2014,Missouri,MO,T21,T21 Amusements License,0,2014,1
Q1-2014,Missouri,MO,T22,T22 Corporations In General License,6,2014,1
Q1-2014,Missouri,MO,T23,T23 Hunting and Fishing License,3,2014,1
Q1-2014,Missouri,MO,T24,T24 Motor Vehicles License,74,2014,1
Q1-2014,Missouri,MO,T25,T25 Motor Vehicle Operators License,4,2014,1
Q1-2014,Missouri,MO,T27,T27 Public Utilities License,4,2014,1
Q1-2014,Missouri,MO,T28,"T28 Occupation and Business License, Not Elsewhere Classified",33,2014,1
Q1-2014,Missouri,MO,T29,T29 Other License Taxes,14,2014,1
Q1-2014,Missouri,MO,T40,T40 Individual Income Taxes,1140,2014,1
Q1-2014,Missouri,MO,T41,T41 Corporation Net Income Taxes,36,2014,1
Q1-2014,Missouri,MO,T50,T50 Death and Gift Taxes,0,2014,1
Q1-2014,Missouri,MO,T51,T51 Documentary and Stock Transfer Taxes,1,2014,1
Q1-2014,Missouri,MO,T53,T53 Severance Taxes,0,2014,1
Q1-2014,Missouri,MO,T99,"T99 Taxes, Not Elsewhere Classified",0,2014,1
Q1-2014,Missouri,MO,TOTAL,Total Taxes,2536,2014,1
Q2-2014,Missouri,MO,T01,T01 Property Taxes,2,2014,2
Q2-2014,Missouri,MO,T09,T09 General Sales and Gross Receipts Taxes,858,2014,2
Q2-2014,Missouri,MO,T10,T10 Alcoholic Beverages Sales Tax,9,2014,2
Q2-2014,Missouri,MO,T11,T11 Amusements Sales Tax,92,2014,2
Q2-2014,Missouri,MO,T12,T12 Insurance Premiums Sales Tax,120,2014,2
Q2-2014,Missouri,MO,T13,T13 Motor Fuels Sales Tax,179,2014,2
Q2-2014,Missouri,MO,T15,T15 Public Utilities Sales Tax,0,2014,2
Q2-2014,Missouri,MO,T16,T16 Tobacco Products Sales Tax,25,2014,2
Q2-2014,Missouri,MO,T19,T19 Other Selective Sales and Gross Receipts Taxes,31,2014,2
Q2-2014,Missouri,MO,T20,T20 Alcoholic Beverages License,4,2014,2
Q2-2014,Missouri,MO,T21,T21 Amusements License,0,2014,2
Q2-2014,Missouri,MO,T22,T22 Corporations In General License,3,2014,2
Q2-2014,Missouri,MO,T23,T23 Hunting and Fishing License,10,2014,2
Q2-2014,Missouri,MO,T24,T24 Motor Vehicles License,71,2014,2
Q2-2014,Missouri,MO,T25,T25 Motor Vehicle Operators License,4,2014,2
Q2-2014,Missouri,MO,T27,T27 Public Utilities License,5,2014,2
Q2-2014,Missouri,MO,T28,"T28 Occupation and Business License, Not Elsewhere Classified",31,2014,2
Q2-2014,Missouri,MO,T29,T29 Other License Taxes,23,2014,2
Q2-2014,Missouri,MO,T40,T40 Individual Income Taxes,1646,2014,2
Q2-2014,Missouri,MO,T41,T41 Corporation Net Income Taxes,166,2014,2
Q2-2014,Missouri,MO,T50,T50 Death and Gift Taxes,0,2014,2
Q2-2014,Missouri,MO,T51,T51 Documentary and Stock Transfer Taxes,1,2014,2
Q2-2014,Missouri,MO,T53,T53 Severance Taxes,0,2014,2
Q2-2014,Missouri,MO,T99,"T99 Taxes, Not Elsewhere Classified",0,2014,2
Q2-2014,Missouri,MO,TOTAL,Total Taxes,3280,2014,2
Q3-2014,Missouri,MO,T01,T01 Property Taxes,0,2014,3
Q3-2014,Missouri,MO,T09,T09 General Sales and Gross Receipts Taxes,857,2014,3
Q3-2014,Missouri,MO,T10,T10 Alcoholic Beverages Sales Tax,8,2014,3
Q3-2014,Missouri,MO,T11,T11 Amusements Sales Tax,94,2014,3
Q3-2014,Missouri,MO,T12,T12 Insurance Premiums Sales Tax,73,2014,3
Q3-2014,Missouri,MO,T13,T13 Motor Fuels Sales Tax,176,2014,3
Q3-2014,Missouri,MO,T15,T15 Public Utilities Sales Tax,0,2014,3
Q3-2014,Missouri,MO,T16,T16 Tobacco Products Sales Tax,26,2014,3
Q3-2014,Missouri,MO,T19,T19 Other Selective Sales and Gross Receipts Taxes,31,2014,3
Q3-2014,Missouri,MO,T20,T20 Alcoholic Beverages License,0,2014,3
Q3-2014,Missouri,MO,T21,T21 Amusements License,0,2014,3
Q3-2014,Missouri,MO,T22,T22 Corporations In General License,5,2014,3
Q3-2014,Missouri,MO,T23,T23 Hunting and Fishing License,6,2014,3
Q3-2014,Missouri,MO,T24,T24 Motor Vehicles License,59,2014,3
Q3-2014,Missouri,MO,T25,T25 Motor Vehicle Operators License,4,2014,3
Q3-2014,Missouri,MO,T27,T27 Public Utilities License,6,2014,3
Q3-2014,Missouri,MO,T28,"T28 Occupation and Business License, Not Elsewhere Classified",38,2014,3
Q3-2014,Missouri,MO,T29,T29 Other License Taxes,19,2014,3
Q3-2014,Missouri,MO,T40,T40 Individual Income Taxes,1331,2014,3
Q3-2014,Missouri,MO,T41,T41 Corporation Net Income Taxes,106,2014,3
Q3-2014,Missouri,MO,T50,T50 Death and Gift Taxes,0,2014,3
Q3-2014,Missouri,MO,T51,T51 Documentary and Stock Transfer Taxes,1,2014,3
Q3-2014,Missouri,MO,T53,T53 Severance Taxes,0,2014,3
Q3-2014,Missouri,MO,T99,"T99 Taxes, Not Elsewhere Classified",0,2014,3
Q3-2014,Missouri,MO,TOTAL,Total Taxes,2840,2014,3
Q4-2014,Missouri,MO,T01,T01 Property Taxes,7,2014,4
Q4-2014,Missouri,MO,T09,T09 General Sales and Gross Receipts Taxes,833,2014,4
Q4-2014,Missouri,MO,T10,T10 Alcoholic Beverages Sales Tax,10,2014,4
Q4-2014,Missouri,MO,T11,T11 Amusements Sales Tax,87,2014,4
Q4-2014,Missouri,MO,T12,T12 Insurance Premiums Sales Tax,72,2014,4
Q4-2014,Missouri,MO,T13,T13 Motor Fuels Sales Tax,179,2014,4
Q4-2014,Missouri,MO,T15,T15 Public Utilities Sales Tax,0,2014,4
Q4-2014,Missouri,MO,T16,T16 Tobacco Products Sales Tax,25,2014,4
Q4-2014,Missouri,MO,T19,T19 Other Selective Sales and Gross Receipts Taxes,32,2014,4
Q4-2014,Missouri,MO,T20,T20 Alcoholic Beverages License,0,2014,4
Q4-2014,Missouri,MO,T21,T21 Amusements License,0,2014,4
Q4-2014,Missouri,MO,T22,T22 Corporations In General License,9,2014,4
Q4-2014,Missouri,MO,T23,T23 Hunting and Fishing License,14,2014,4
Q4-2014,Missouri,MO,T24,T24 Motor Vehicles License,69,2014,4
Q4-2014,Missouri,MO,T25,T25 Motor Vehicle Operators License,4,2014,4
Q4-2014,Missouri,MO,T27,T27 Public Utilities License,5,2014,4
Q4-2014,Missouri,MO,T28,"T28 Occupation and Business License, Not Elsewhere Classified",34,2014,4
Q4-2014,Missouri,MO,T29,T29 Other License Taxes,14,2014,4
Q4-2014,Missouri,MO,T40,T40 Individual Income Taxes,1365,2014,4
Q4-2014,Missouri,MO,T41,T41 Corporation Net Income Taxes,98,2014,4
Q4-2014,Missouri,MO,T50,T50 Death and Gift Taxes,0,2014,4
Q4-2014,Missouri,MO,T51,T51 Documentary and Stock Transfer Taxes,2,2014,4
Q4-2014,Missouri,MO,T53,T53 Severance Taxes,0,2014,4
Q4-2014,Missouri,MO,T99,"T99 Taxes, Not Elsewhere Classified",0,2014,4
Q4-2014,Missouri,MO,TOTAL,Total Taxes,2862,2014,4
Q1-2015,Missouri,MO,T01,T01 Property Taxes,21,2015,1
Q1-2015,Missouri,MO,T09,T09 General Sales and Gross Receipts Taxes,830,2015,1
Q1-2015,Missouri,MO,T10,T10 Alcoholic Beverages Sales Tax,9,2015,1
Q1-2015,Missouri,MO,T11,T11 Amusements Sales Tax,93,2015,1
Q1-2015,Missouri,MO,T12,T12 Insurance Premiums Sales Tax,87,2015,1
Q1-2015,Missouri,MO,T13,T13 Motor Fuels Sales Tax,153,2015,1
Q1-2015,Missouri,MO,T15,T15 Public Utilities Sales Tax,0,2015,1
Q1-2015,Missouri,MO,T16,T16 Tobacco Products Sales Tax,22,2015,1
Q1-2015,Missouri,MO,T19,T19 Other Selective Sales and Gross Receipts Taxes,34,2015,1
Q1-2015,Missouri,MO,T20,T20 Alcoholic Beverages License,0,2015,1
Q1-2015,Missouri,MO,T21,T21 Amusements License,0,2015,1
Q1-2015,Missouri,MO,T22,T22 Corporations In General License,14,2015,1
Q1-2015,Missouri,MO,T23,T23 Hunting and Fishing License,4,2015,1
Q1-2015,Missouri,MO,T24,T24 Motor Vehicles License,76,2015,1
Q1-2015,Missouri,MO,T25,T25 Motor Vehicle Operators License,4,2015,1
Q1-2015,Missouri,MO,T27,T27 Public Utilities License,5,2015,1
Q1-2015,Missouri,MO,T28,"T28 Occupation and Business License, Not Elsewhere Classified",36,2015,1
Q1-2015,Missouri,MO,T29,T29 Other License Taxes,15,2015,1
Q1-2015,Missouri,MO,T40,T40 Individual Income Taxes,1232,2015,1
Q1-2015,Missouri,MO,T41,T41 Corporation Net Income Taxes,33,2015,1
Q1-2015,Missouri,MO,T50,T50 Death and Gift Taxes,0,2015,1
Q1-2015,Missouri,MO,T51,T51 Documentary and Stock Transfer Taxes,8,2015,1
Q1-2015,Missouri,MO,T53,T53 Severance Taxes,0,2015,1
Q1-2015,Missouri,MO,T99,"T99 Taxes, Not Elsewhere Classified",0,2015,1
Q1-2015,Missouri,MO,TOTAL,Total Taxes,2677,2015,1
Q2-2015,Missouri,MO,T01,T01 Property Taxes,2,2015,2
Q2-2015,Missouri,MO,T09,T09 General Sales and Gross Receipts Taxes,859,2015,2
Q2-2015,Missouri,MO,T10,T10 Alcoholic Beverages Sales Tax,9,2015,2
Q2-2015,Missouri,MO,T11,T11 Amusements Sales Tax,92,2015,2
Q2-2015,Missouri,MO,T12,T12 Insurance Premiums Sales Tax,145,2015,2
Q2-2015,Missouri,MO,T13,T13 Motor Fuels Sales Tax,187,2015,2
Q2-2015,Missouri,MO,T15,T15 Public Utilities Sales Tax,0,2015,2
Q2-2015,Missouri,MO,T16,T16 Tobacco Products Sales Tax,25,2015,2
Q2-2015,Missouri,MO,T19,T19 Other Selective Sales and Gross Receipts Taxes,33,2015,2
Q2-2015,Missouri,MO,T20,T20 Alcoholic Beverages License,4,2015,2
Q2-2015,Missouri,MO,T21,T21 Amusements License,0,2015,2
Q2-2015,Missouri,MO,T22,T22 Corporations In General License,3,2015,2
Q2-2015,Missouri,MO,T23,T23 Hunting and Fishing License,9,2015,2
Q2-2015,Missouri,MO,T24,T24 Motor Vehicles License,74,2015,2
Q2-2015,Missouri,MO,T25,T25 Motor Vehicle Operators License,5,2015,2
Q2-2015,Missouri,MO,T27,T27 Public Utilities License,5,2015,2
Q2-2015,Missouri,MO,T28,"T28 Occupation and Business License, Not Elsewhere Classified",31,2015,2
Q2-2015,Missouri,MO,T29,T29 Other License Taxes,24,2015,2
Q2-2015,Missouri,MO,T40,T40 Individual Income Taxes,1927,2015,2
Q2-2015,Missouri,MO,T41,T41 Corporation Net Income Taxes,189,2015,2
Q2-2015,Missouri,MO,T50,T50 Death and Gift Taxes,0,2015,2
Q2-2015,Missouri,MO,T51,T51 Documentary and Stock Transfer Taxes,1,2015,2
Q2-2015,Missouri,MO,T53,T53 Severance Taxes,0,2015,2
Q2-2015,Missouri,MO,T99,"T99 Taxes, Not Elsewhere Classified",0,2015,2
Q2-2015,Missouri,MO,TOTAL,Total Taxes,3624,2015,2
Q3-2015,Missouri,MO,T01,T01 Property Taxes,0,2015,3
Q3-2015,Missouri,MO,T09,T09 General Sales and Gross Receipts Taxes,889,2015,3
Q3-2015,Missouri,MO,T10,T10 Alcoholic Beverages Sales Tax,9,2015,3
Q3-2015,Missouri,MO,T11,T11 Amusements Sales Tax,92,2015,3
Q3-2015,Missouri,MO,T12,T12 Insurance Premiums Sales Tax,83,2015,3
Q3-2015,Missouri,MO,T13,T13 Motor Fuels Sales Tax,184,2015,3
Q3-2015,Missouri,MO,T15,T15 Public Utilities Sales Tax,0,2015,3
Q3-2015,Missouri,MO,T16,T16 Tobacco Products Sales Tax,27,2015,3
Q3-2015,Missouri,MO,T19,T19 Other Selective Sales and Gross Receipts Taxes,36,2015,3
Q3-2015,Missouri,MO,T20,T20 Alcoholic Beverages License,0,2015,3
Q3-2015,Missouri,MO,T21,T21 Amusements License,0,2015,3
Q3-2015,Missouri,MO,T22,T22 Corporations In General License,3,2015,3
Q3-2015,Missouri,MO,T23,T23 Hunting and Fishing License,5,2015,3
Q3-2015,Missouri,MO,T24,T24 Motor Vehicles License,64,2015,3
Q3-2015,Missouri,MO,T25,T25 Motor Vehicle Operators License,5,2015,3
Q3-2015,Missouri,MO,T27,T27 Public Utilities License,6,2015,3
Q3-2015,Missouri,MO,T28,"T28 Occupation and Business License, Not Elsewhere Classified",40,2015,3
Q3-2015,Missouri,MO,T29,T29 Other License Taxes,18,2015,3
Q3-2015,Missouri,MO,T40,T40 Individual Income Taxes,1391,2015,3
Q3-2015,Missouri,MO,T41,T41 Corporation Net Income Taxes,124,2015,3
Q3-2015,Missouri,MO,T50,T50 Death and Gift Taxes,0,2015,3
Q3-2015,Missouri,MO,T51,T51 Documentary and Stock Transfer Taxes,1,2015,3
Q3-2015,Missouri,MO,T53,T53 Severance Taxes,0,2015,3
Q3-2015,Missouri,MO,T99,"T99 Taxes, Not Elsewhere Classified",0,2015,3
Q3-2015,Missouri,MO,TOTAL,Total Taxes,2975,2015,3
Q4-2015,Missouri,MO,T01,T01 Property Taxes,8,2015,4
Q4-2015,Missouri,MO,T09,T09 General Sales and Gross Receipts Taxes,864,2015,4
Q4-2015,Missouri,MO,T10,T10 Alcoholic Beverages Sales Tax,10,2015,4
Q4-2015,Missouri,MO,T11,T11 Amusements Sales Tax,89,2015,4
Q4-2015,Missouri,MO,T12,T12 Insurance Premiums Sales Tax,81,2015,4
Q4-2015,Missouri,MO,T13,T13 Motor Fuels Sales Tax,186,2015,4
Q4-2015,Missouri,MO,T15,T15 Public Utilities Sales Tax,0,2015,4
Q4-2015,Missouri,MO,T16,T16 Tobacco Products Sales Tax,25,2015,4
Q4-2015,Missouri,MO,T19,T19 Other Selective Sales and Gross Receipts Taxes,35,2015,4
Q4-2015,Missouri,MO,T20,T20 Alcoholic Beverages License,0,2015,4
Q4-2015,Missouri,MO,T21,T21 Amusements License,0,2015,4
Q4-2015,Missouri,MO,T22,T22 Corporations In General License,6,2015,4
Q4-2015,Missouri,MO,T23,T23 Hunting and Fishing License,16,2015,4
Q4-2015,Missouri,MO,T24,T24 Motor Vehicles License,72,2015,4
Q4-2015,Missouri,MO,T25,T25 Motor Vehicle Operators License,4,2015,4
Q4-2015,Missouri,MO,T27,T27 Public Utilities License,5,2015,4
Q4-2015,Missouri,MO,T28,"T28 Occupation and Business License, Not Elsewhere Classified",36,2015,4
Q4-2015,Missouri,MO,T29,T29 Other License Taxes,15,2015,4
Q4-2015,Missouri,MO,T40,T40 Individual Income Taxes,1439,2015,4
Q4-2015,Missouri,MO,T41,T41 Corporation Net Income Taxes,63,2015,4
Q4-2015,Missouri,MO,T50,T50 Death and Gift Taxes,0,2015,4
Q4-2015,Missouri,MO,T51,T51 Documentary and Stock Transfer Taxes,2,2015,4
Q4-2015,Missouri,MO,T53,T53 Severance Taxes,0,2015,4
Q4-2015,Missouri,MO,T99,"T99 Taxes, Not Elsewhere Classified",0,2015,4
Q4-2015,Missouri,MO,TOTAL,Total Taxes,2956,2015,4
Q1-2016,Missouri,MO,T01,T01 Property Taxes,21,2016,1
Q1-2016,Missouri,MO,T09,T09 General Sales and Gross Receipts Taxes,895,2016,1
Q1-2016,Missouri,MO,T10,T10 Alcoholic Beverages Sales Tax,8,2016,1
Q1-2016,Missouri,MO,T11,T11 Amusements Sales Tax,96,2016,1
Q1-2016,Missouri,MO,T12,T12 Insurance Premiums Sales Tax,98,2016,1
Q1-2016,Missouri,MO,T13,T13 Motor Fuels Sales Tax,166,2016,1
Q1-2016,Missouri,MO,T15,T15 Public Utilities Sales Tax,0,2016,1
Q1-2016,Missouri,MO,T16,T16 Tobacco Products Sales Tax,24,2016,1
Q1-2016,Missouri,MO,T19,T19 Other Selective Sales and Gross Receipts Taxes,35,2016,1
Q1-2016,Missouri,MO,T20,T20 Alcoholic Beverages License,1,2016,1
Q1-2016,Missouri,MO,T21,T21 Amusements License,0,2016,1
Q1-2016,Missouri,MO,T22,T22 Corporations In General License,6,2016,1
Q1-2016,Missouri,MO,T23,T23 Hunting and Fishing License,4,2016,1
Q1-2016,Missouri,MO,T24,T24 Motor Vehicles License,79,2016,1
Q1-2016,Missouri,MO,T25,T25 Motor Vehicle Operators License,4,2016,1
Q1-2016,Missouri,MO,T27,T27 Public Utilities License,5,2016,1
Q1-2016,Missouri,MO,T28,"T28 Occupation and Business License, Not Elsewhere Classified",34,2016,1
Q1-2016,Missouri,MO,T29,T29 Other License Taxes,16,2016,1
Q1-2016,Missouri,MO,T40,T40 Individual Income Taxes,1376,2016,1
Q1-2016,Missouri,MO,T41,T41 Corporation Net Income Taxes,20,2016,1
Q1-2016,Missouri,MO,T50,T50 Death and Gift Taxes,0,2016,1
Q1-2016,Missouri,MO,T51,T51 Documentary and Stock Transfer Taxes,9,2016,1
Q1-2016,Missouri,MO,T53,T53 Severance Taxes,0,2016,1
Q1-2016,Missouri,MO,T99,"T99 Taxes, Not Elsewhere Classified",0,2016,1
Q1-2016,Missouri,MO,TOTAL,Total Taxes,2897,2016,1
Q2-2016,Missouri,MO,T01,T01 Property Taxes,2,2016,2
Q2-2016,Missouri,MO,T09,T09 General Sales and Gross Receipts Taxes,888,2016,2
Q2-2016,Missouri,MO,T10,T10 Alcoholic Beverages Sales Tax,10,2016,2
Q2-2016,Missouri,MO,T11,T11 Amusements Sales Tax,91,2016,2
Q2-2016,Missouri,MO,T12,T12 Insurance Premiums Sales Tax,138,2016,2
Q2-2016,Missouri,MO,T13,T13 Motor Fuels Sales Tax,182,2016,2
Q2-2016,Missouri,MO,T15,T15 Public Utilities Sales Tax,0,2016,2
Q2-2016,Missouri,MO,T16,T16 Tobacco Products Sales Tax,26,2016,2
Q2-2016,Missouri,MO,T19,T19 Other Selective Sales and Gross Receipts Taxes,36,2016,2
Q2-2016,Missouri,MO,T20,T20 Alcoholic Beverages License,4,2016,2
Q2-2016,Missouri,MO,T21,T21 Amusements License,0,2016,2
Q2-2016,Missouri,MO,T22,T22 Corporations In General License,-1,2016,2
Q2-2016,Missouri,MO,T23,T23 Hunting and Fishing License,10,2016,2
Q2-2016,Missouri,MO,T24,T24 Motor Vehicles License,74,2016,2
Q2-2016,Missouri,MO,T25,T25 Motor Vehicle Operators License,4,2016,2
Q2-2016,Missouri,MO,T27,T27 Public Utilities License,5,2016,2
Q2-2016,Missouri,MO,T28,"T28 Occupation and Business License, Not Elsewhere Classified",33,2016,2
Q2-2016,Missouri,MO,T29,T29 Other License Taxes,25,2016,2
Q2-2016,Missouri,MO,T40,T40 Individual Income Taxes,1818,2016,2
Q2-2016,Missouri,MO,T41,T41 Corporation Net Income Taxes,122,2016,2
Q2-2016,Missouri,MO,T50,T50 Death and Gift Taxes,0,2016,2
Q2-2016,Missouri,MO,T51,T51 Documentary and Stock Transfer Taxes,1,2016,2
Q2-2016,Missouri,MO,T53,T53 Severance Taxes,0,2016,2
Q2-2016,Missouri,MO,T99,"T99 Taxes, Not Elsewhere Classified",0,2016,2
Q2-2016,Missouri,MO,TOTAL,Total Taxes,3466,2016,2
Q3-2016,Missouri,MO,T01,T01 Property Taxes,0,2016,3
Q3-2016,Missouri,MO,T09,T09 General Sales and Gross Receipts Taxes,906,2016,3
Q3-2016,Missouri,MO,T10,T10 Alcoholic Beverages Sales Tax,9,2016,3
Q3-2016,Missouri,MO,T11,T11 Amusements Sales Tax,92,2016,3
Q3-2016,Missouri,MO,T12,T12 Insurance Premiums Sales Tax,88,2016,3
Q3-2016,Missouri,MO,T13,T13 Motor Fuels Sales Tax,185,2016,3
Q3-2016,Missouri,MO,T15,T15 Public Utilities Sales Tax,0,2016,3
Q3-2016,Missouri,MO,T16,T16 Tobacco Products Sales Tax,26,2016,3
Q3-2016,Missouri,MO,T19,T19 Other Selective Sales and Gross Receipts Taxes,37,2016,3
Q3-2016,Missouri,MO,T20,T20 Alcoholic Beverages License,0,2016,3
Q3-2016,Missouri,MO,T21,T21 Amusements License,0,2016,3
Q3-2016,Missouri,MO,T22,T22 Corporations In General License,1,2016,3
Q3-2016,Missouri,MO,T23,T23 Hunting and Fishing License,5,2016,3
Q3-2016,Missouri,MO,T24,T24 Motor Vehicles License,62,2016,3
Q3-2016,Missouri,MO,T25,T25 Motor Vehicle Operators License,4,2016,3
Q3-2016,Missouri,MO,T27,T27 Public Utilities License,6,2016,3
Q3-2016,Missouri,MO,T28,"T28 Occupation and Business License, Not Elsewhere Classified",40,2016,3
Q3-2016,Missouri,MO,T29,T29 Other License Taxes,20,2016,3
Q3-2016,Missouri,MO,T40,T40 Individual Income Taxes,1483,2016,3
Q3-2016,Missouri,MO,T41,T41 Corporation Net Income Taxes,81,2016,3
Q3-2016,Missouri,MO,T50,T50 Death and Gift Taxes,0,2016,3
Q3-2016,Missouri,MO,T51,T51 Documentary and Stock Transfer Taxes,1,2016,3
Q3-2016,Missouri,MO,T53,T53 Severance Taxes,0,2016,3
Q3-2016,Missouri,MO,T99,"T99 Taxes, Not Elsewhere Classified",0,2016,3
Q3-2016,Missouri,MO,TOTAL,Total Taxes,3046,2016,3
Q4-2016,Missouri,MO,T01,T01 Property Taxes,8,2016,4
Q4-2016,Missouri,MO,T09,T09 General Sales and Gross Receipts Taxes,862,2016,4
Q4-2016,Missouri,MO,T10,T10 Alcoholic Beverages Sales Tax,10,2016,4
Q4-2016,Missouri,MO,T11,T11 Amusements Sales Tax,87,2016,4
Q4-2016,Missouri,MO,T12,T12 Insurance Premiums Sales Tax,90,2016,4
Q4-2016,Missouri,MO,T13,T13 Motor Fuels Sales Tax,181,2016,4
Q4-2016,Missouri,MO,T15,T15 Public Utilities Sales Tax,0,2016,4
Q4-2016,Missouri,MO,T16,T16 Tobacco Products Sales Tax,26,2016,4
Q4-2016,Missouri,MO,T19,T19 Other Selective Sales and Gross Receipts Taxes,35,2016,4
Q4-2016,Missouri,MO,T20,T20 Alcoholic Beverages License,0,2016,4
Q4-2016,Missouri,MO,T21,T21 Amusements License,0,2016,4
Q4-2016,Missouri,MO,T22,T22 Corporations In General License,1,2016,4
Q4-2016,Missouri,MO,T23,T23 Hunting and Fishing License,15,2016,4
Q4-2016,Missouri,MO,T24,T24 Motor Vehicles License,65,2016,4
Q4-2016,Missouri,MO,T25,T25 Motor Vehicle Operators License,4,2016,4
Q4-2016,Missouri,MO,T27,T27 Public Utilities License,5,2016,4
Q4-2016,Missouri,MO,T28,"T28 Occupation and Business License, Not Elsewhere Classified",35,2016,4
Q4-2016,Missouri,MO,T29,T29 Other License Taxes,15,2016,4
Q4-2016,Missouri,MO,T40,T40 Individual Income Taxes,1448,2016,4
Q4-2016,Missouri,MO,T41,T41 Corporation Net Income Taxes,48,2016,4
Q4-2016,Missouri,MO,T50,T50 Death and Gift Taxes,0,2016,4
Q4-2016,Missouri,MO,T51,T51 Documentary and Stock Transfer Taxes,2,2016,4
Q4-2016,Missouri,MO,T53,T53 Severance Taxes,0,2016,4
Q4-2016,Missouri,MO,T99,"T99 Taxes, Not Elsewhere Classified",0,2016,4
Q4-2016,Missouri,MO,TOTAL,Total Taxes,2937,2016,4
Q1-2017,Missouri,MO,T01,T01 Property Taxes,22,2017,1
Q1-2017,Missouri,MO,T09,T09 General Sales and Gross Receipts Taxes,926,2017,1
Q1-2017,Missouri,MO,T10,T10 Alcoholic Beverages Sales Tax,9,2017,1
Q1-2017,Missouri,MO,T11,T11 Amusements Sales Tax,96,2017,1
Q1-2017,Missouri,MO,T12,T12 Insurance Premiums Sales Tax,108,2017,1
Q1-2017,Missouri,MO,T13,T13 Motor Fuels Sales Tax,178,2017,1
Q1-2017,Missouri,MO,T15,T15 Public Utilities Sales Tax,0,2017,1
Q1-2017,Missouri,MO,T16,T16 Tobacco Products Sales Tax,23,2017,1
Q1-2017,Missouri,MO,T19,T19 Other Selective Sales and Gross Receipts Taxes,35,2017,1
Q1-2017,Missouri,MO,T20,T20 Alcoholic Beverages License,0,2017,1
Q1-2017,Missouri,MO,T21,T21 Amusements License,0,2017,1
Q1-2017,Missouri,MO,T22,T22 Corporations In General License,1,2017,1
Q1-2017,Missouri,MO,T23,T23 Hunting and Fishing License,4,2017,1
Q1-2017,Missouri,MO,T24,T24 Motor Vehicles License,85,2017,1
Q1-2017,Missouri,MO,T25,T25 Motor Vehicle Operators License,4,2017,1
Q1-2017,Missouri,MO,T27,T27 Public Utilities License,9,2017,1
Q1-2017,Missouri,MO,T28,"T28 Occupation and Business License, Not Elsewhere Classified",36,2017,1
Q1-2017,Missouri,MO,T29,T29 Other License Taxes,17,2017,1
Q1-2017,Missouri,MO,T40,T40 Individual Income Taxes,1526,2017,1
Q1-2017,Missouri,MO,T41,T41 Corporation Net Income Taxes,-4,2017,1
Q1-2017,Missouri,MO,T50,T50 Death and Gift Taxes,0,2017,1
Q1-2017,Missouri,MO,T51,T51 Documentary and Stock Transfer Taxes,9,2017,1
Q1-2017,Missouri,MO,T53,T53 Severance Taxes,0,2017,1
Q1-2017,Missouri,MO,T99,"T99 Taxes, Not Elsewhere Classified",0,2017,1
Q1-2017,Missouri,MO,TOTAL,Total Taxes,3083,2017,1
Q2-2017,Missouri,MO,T01,T01 Property Taxes,2,2017,2
Q2-2017,Missouri,MO,T09,T09 General Sales and Gross Receipts Taxes,911,2017,2
Q2-2017,Missouri,MO,T10,T10 Alcoholic Beverages Sales Tax,10,2017,2
Q2-2017,Missouri,MO,T11,T11 Amusements Sales Tax,93,2017,2
Q2-2017,Missouri,MO,T12,T12 Insurance Premiums Sales Tax,146,2017,2
Q2-2017,Missouri,MO,T13,T13 Motor Fuels Sales Tax,176,2017,2
Q2-2017,Missouri,MO,T15,T15 Public Utilities Sales Tax,0,2017,2
Q2-2017,Missouri,MO,T16,T16 Tobacco Products Sales Tax,26,2017,2
Q2-2017,Missouri,MO,T19,T19 Other Selective Sales and Gross Receipts Taxes,34,2017,2
Q2-2017,Missouri,MO,T20,T20 Alcoholic Beverages License,4,2017,2
Q2-2017,Missouri,MO,T21,T21 Amusements License,0,2017,2
Q2-2017,Missouri,MO,T22,T22 Corporations In General License,1,2017,2
Q2-2017,Missouri,MO,T23,T23 Hunting and Fishing License,9,2017,2
Q2-2017,Missouri,MO,T24,T24 Motor Vehicles License,76,2017,2
Q2-2017,Missouri,MO,T25,T25 Motor Vehicle Operators License,4,2017,2
Q2-2017,Missouri,MO,T27,T27 Public Utilities License,5,2017,2
Q2-2017,Missouri,MO,T28,"T28 Occupation and Business License, Not Elsewhere Classified",36,2017,2
Q2-2017,Missouri,MO,T29,T29 Other License Taxes,24,2017,2
Q2-2017,Missouri,MO,T40,T40 Individual Income Taxes,1789,2017,2
Q2-2017,Missouri,MO,T41,T41 Corporation Net Income Taxes,183,2017,2
Q2-2017,Missouri,MO,T50,T50 Death and Gift Taxes,0,2017,2
Q2-2017,Missouri,MO,T51,T51 Documentary and Stock Transfer Taxes,1,2017,2
Q2-2017,Missouri,MO,T53,T53 Severance Taxes,0,2017,2
Q2-2017,Missouri,MO,T99,"T99 Taxes, Not Elsewhere Classified",0,2017,2
Q2-2017,Missouri,MO,TOTAL,Total Taxes,3526,2017,2
Q3-2017,Missouri,MO,T01,T01 Property Taxes,0,2017,3
Q3-2017,Missouri,MO,T09,T09 General Sales and Gross Receipts Taxes,910,2017,3
Q3-2017,Missouri,MO,T10,T10 Alcoholic Beverages Sales Tax,10,2017,3
Q3-2017,Missouri,MO,T11,T11 Amusements Sales Tax,93,2017,3
Q3-2017,Missouri,MO,T12,T12 Insurance Premiums Sales Tax,97,2017,3
Q3-2017,Missouri,MO,T13,T13 Motor Fuels Sales Tax,179,2017,3
Q3-2017,Missouri,MO,T15,T15 Public Utilities Sales Tax,0,2017,3
Q3-2017,Missouri,MO,T16,T16 Tobacco Products Sales Tax,26,2017,3
Q3-2017,Missouri,MO,T19,T19 Other Selective Sales and Gross Receipts Taxes,42,2017,3
Q3-2017,Missouri,MO,T20,T20 Alcoholic Beverages License,0,2017,3
Q3-2017,Missouri,MO,T21,T21 Amusements License,0,2017,3
Q3-2017,Missouri,MO,T22,T22 Corporations In General License,0,2017,3
Q3-2017,Missouri,MO,T23,T23 Hunting and Fishing License,6,2017,3
Q3-2017,Missouri,MO,T24,T24 Motor Vehicles License,62,2017,3
Q3-2017,Missouri,MO,T25,T25 Motor Vehicle Operators License,4,2017,3
Q3-2017,Missouri,MO,T27,T27 Public Utilities License,5,2017,3
Q3-2017,Missouri,MO,T28,"T28 Occupation and Business License, Not Elsewhere Classified",40,2017,3
Q3-2017,Missouri,MO,T29,T29 Other License Taxes,20,2017,3
Q3-2017,Missouri,MO,T40,T40 Individual Income Taxes,1516,2017,3
Q3-2017,Missouri,MO,T41,T41 Corporation Net Income Taxes,90,2017,3
Q3-2017,Missouri,MO,T50,T50 Death and Gift Taxes,0,2017,3
Q3-2017,Missouri,MO,T51,T51 Documentary and Stock Transfer Taxes,1,2017,3
Q3-2017,Missouri,MO,T53,T53 Severance Taxes,0,2017,3
Q3-2017,Missouri,MO,T99,"T99 Taxes, Not Elsewhere Classified",0,2017,3
Q3-2017,Missouri,MO,TOTAL,Total Taxes,3101,2017,3
Q4-2017,Missouri,MO,T01,T01 Property Taxes,6,2017,4
Q4-2017,Missouri,MO,T09,T09 General Sales and Gross Receipts Taxes,871,2017,4
Q4-2017,Missouri,MO,T10,T10 Alcoholic Beverages Sales Tax,10,2017,4
Q4-2017,Missouri,MO,T11,T11 Amusements Sales Tax,88,2017,4
Q4-2017,Missouri,MO,T12,T12 Insurance Premiums Sales Tax,92,2017,4
Q4-2017,Missouri,MO,T13,T13 Motor Fuels Sales Tax,185,2017,4
Q4-2017,Missouri,MO,T15,T15 Public Utilities Sales Tax,0,2017,4
Q4-2017,Missouri,MO,T16,T16 Tobacco Products Sales Tax,24,2017,4
Q4-2017,Missouri,MO,T19,T19 Other Selective Sales and Gross Receipts Taxes,40,2017,4
Q4-2017,Missouri,MO,T20,T20 Alcoholic Beverages License,0,2017,4
Q4-2017,Missouri,MO,T21,T21 Amusements License,0,2017,4
Q4-2017,Missouri,MO,T22,T22 Corporations In General License,1,2017,4
Q4-2017,Missouri,MO,T23,T23 Hunting and Fishing License,15,2017,4
Q4-2017,Missouri,MO,T24,T24 Motor Vehicles License,72,2017,4
Q4-2017,Missouri,MO,T25,T25 Motor Vehicle Operators License,4,2017,4
Q4-2017,Missouri,MO,T27,T27 Public Utilities License,5,2017,4
Q4-2017,Missouri,MO,T28,"T28 Occupation and Business License, Not Elsewhere Classified",38,2017,4
Q4-2017,Missouri,MO,T29,T29 Other License Taxes,16,2017,4
Q4-2017,Missouri,MO,T40,T40 Individual Income Taxes,1487,2017,4
Q4-2017,Missouri,MO,T41,T41 Corporation Net Income Taxes,98,2017,4
Q4-2017,Missouri,MO,T50,T50 Death and Gift Taxes,0,2017,4
Q4-2017,Missouri,MO,T51,T51 Documentary and Stock Transfer Taxes,2,2017,4
Q4-2017,Missouri,MO,T53,T53 Severance Taxes,0,2017,4
Q4-2017,Missouri,MO,T99,"T99 Taxes, Not Elsewhere Classified",0,2017,4
Q4-2017,Missouri,MO,TOTAL,Total Taxes,3054,2017,4
Q1-2010,New Jersey,NJ,T01,T01 Property Taxes,2,2010,1
Q1-2010,New Jersey,NJ,T09,T09 General Sales and Gross Receipts Taxes,1629,2010,1
Q1-2010,New Jersey,NJ,T10,T10 Alcoholic Beverages Sales Tax,25,2010,1
Q1-2010,New Jersey,NJ,T11,T11 Amusements Sales Tax,69,2010,1
Q1-2010,New Jersey,NJ,T12,T12 Insurance Premiums Sales Tax,290,2010,1
Q1-2010,New Jersey,NJ,T13,T13 Motor Fuels Sales Tax,115,2010,1
Q1-2010,New Jersey,NJ,T14,T14 Pari-Mutuels Sales Tax,0,2010,1
Q1-2010,New Jersey,NJ,T15,T15 Public Utilities Sales Tax,162,2010,1
Q1-2010,New Jersey,NJ,T16,T16 Tobacco Products Sales Tax,167,2010,1
Q1-2010,New Jersey,NJ,T19,T19 Other Selective Sales and Gross Receipts Taxes,57,2010,1
Q1-2010,New Jersey,NJ,T20,T20 Alcoholic Beverages License,2,2010,1
Q1-2010,New Jersey,NJ,T21,T21 Amusements License,14,2010,1
Q1-2010,New Jersey,NJ,T22,T22 Corporations In General License,34,2010,1
Q1-2010,New Jersey,NJ,T23,T23 Hunting and Fishing License,4,2010,1
Q1-2010,New Jersey,NJ,T24,T24 Motor Vehicles License,153,2010,1
Q1-2010,New Jersey,NJ,T25,T25 Motor Vehicle Operators License,13,2010,1
Q1-2010,New Jersey,NJ,T27,T27 Public Utilities License,-2,2010,1
Q1-2010,New Jersey,NJ,T28,"T28 Occupation and Business License, Not Elsewhere Classified",99,2010,1
Q1-2010,New Jersey,NJ,T29,T29 Other License Taxes,1,2010,1
Q1-2010,New Jersey,NJ,T40,T40 Individual Income Taxes,2270,2010,1
Q1-2010,New Jersey,NJ,T41,T41 Corporation Net Income Taxes,310,2010,1
Q1-2010,New Jersey,NJ,T50,T50 Death and Gift Taxes,136,2010,1
Q1-2010,New Jersey,NJ,T51,T51 Documentary and Stock Transfer Taxes,46,2010,1
Q1-2010,New Jersey,NJ,T53,T53 Severance Taxes,0,2010,1
Q1-2010,New Jersey,NJ,T99,"T99 Taxes, Not Elsewhere Classified",0,2010,1
Q1-2010,New Jersey,NJ,TOTAL,Total Taxes,5594,2010,1
Q2-2010,New Jersey,NJ,T01,T01 Property Taxes,2,2010,2
Q2-2010,New Jersey,NJ,T09,T09 General Sales and Gross Receipts Taxes,2415,2010,2
Q2-2010,New Jersey,NJ,T10,T10 Alcoholic Beverages Sales Tax,43,2010,2
Q2-2010,New Jersey,NJ,T11,T11 Amusements Sales Tax,77,2010,2
Q2-2010,New Jersey,NJ,T12,T12 Insurance Premiums Sales Tax,236,2010,2
Q2-2010,New Jersey,NJ,T13,T13 Motor Fuels Sales Tax,148,2010,2
Q2-2010,New Jersey,NJ,T14,T14 Pari-Mutuels Sales Tax,0,2010,2
Q2-2010,New Jersey,NJ,T15,T15 Public Utilities Sales Tax,637,2010,2
Q2-2010,New Jersey,NJ,T16,T16 Tobacco Products Sales Tax,198,2010,2
Q2-2010,New Jersey,NJ,T19,T19 Other Selective Sales and Gross Receipts Taxes,65,2010,2
Q2-2010,New Jersey,NJ,T20,T20 Alcoholic Beverages License,-5,2010,2
Q2-2010,New Jersey,NJ,T21,T21 Amusements License,13,2010,2
Q2-2010,New Jersey,NJ,T22,T22 Corporations In General License,98,2010,2
Q2-2010,New Jersey,NJ,T23,T23 Hunting and Fishing License,4,2010,2
Q2-2010,New Jersey,NJ,T24,T24 Motor Vehicles License,164,2010,2
Q2-2010,New Jersey,NJ,T25,T25 Motor Vehicle Operators License,14,2010,2
Q2-2010,New Jersey,NJ,T27,T27 Public Utilities License,2,2010,2
Q2-2010,New Jersey,NJ,T28,"T28 Occupation and Business License, Not Elsewhere Classified",112,2010,2
Q2-2010,New Jersey,NJ,T29,T29 Other License Taxes,1,2010,2
Q2-2010,New Jersey,NJ,T40,T40 Individual Income Taxes,3643,2010,2
Q2-2010,New Jersey,NJ,T41,T41 Corporation Net Income Taxes,878,2010,2
Q2-2010,New Jersey,NJ,T50,T50 Death and Gift Taxes,162,2010,2
Q2-2010,New Jersey,NJ,T51,T51 Documentary and Stock Transfer Taxes,87,2010,2
Q2-2010,New Jersey,NJ,T53,T53 Severance Taxes,0,2010,2
Q2-2010,New Jersey,NJ,T99,"T99 Taxes, Not Elsewhere Classified",0,2010,2
Q2-2010,New Jersey,NJ,TOTAL,Total Taxes,8995,2010,2
Q3-2010,New Jersey,NJ,T01,T01 Property Taxes,0,2010,3
Q3-2010,New Jersey,NJ,T09,T09 General Sales and Gross Receipts Taxes,1968,2010,3
Q3-2010,New Jersey,NJ,T10,T10 Alcoholic Beverages Sales Tax,20,2010,3
Q3-2010,New Jersey,NJ,T11,T11 Amusements Sales Tax,76,2010,3
Q3-2010,New Jersey,NJ,T12,T12 Insurance Premiums Sales Tax,13,2010,3
Q3-2010,New Jersey,NJ,T13,T13 Motor Fuels Sales Tax,144,2010,3
Q3-2010,New Jersey,NJ,T14,T14 Pari-Mutuels Sales Tax,0,2010,3
Q3-2010,New Jersey,NJ,T15,T15 Public Utilities Sales Tax,116,2010,3
Q3-2010,New Jersey,NJ,T16,T16 Tobacco Products Sales Tax,204,2010,3
Q3-2010,New Jersey,NJ,T19,T19 Other Selective Sales and Gross Receipts Taxes,62,2010,3
Q3-2010,New Jersey,NJ,T20,T20 Alcoholic Beverages License,10,2010,3
Q3-2010,New Jersey,NJ,T21,T21 Amusements License,27,2010,3
Q3-2010,New Jersey,NJ,T22,T22 Corporations In General License,42,2010,3
Q3-2010,New Jersey,NJ,T23,T23 Hunting and Fishing License,1,2010,3
Q3-2010,New Jersey,NJ,T24,T24 Motor Vehicles License,146,2010,3
Q3-2010,New Jersey,NJ,T25,T25 Motor Vehicle Operators License,13,2010,3
Q3-2010,New Jersey,NJ,T27,T27 Public Utilities License,0,2010,3
Q3-2010,New Jersey,NJ,T28,"T28 Occupation and Business License, Not Elsewhere Classified",106,2010,3
Q3-2010,New Jersey,NJ,T29,T29 Other License Taxes,0,2010,3
Q3-2010,New Jersey,NJ,T40,T40 Individual Income Taxes,1930,2010,3
Q3-2010,New Jersey,NJ,T41,T41 Corporation Net Income Taxes,382,2010,3
Q3-2010,New Jersey,NJ,T50,T50 Death and Gift Taxes,143,2010,3
Q3-2010,New Jersey,NJ,T51,T51 Documentary and Stock Transfer Taxes,77,2010,3
Q3-2010,New Jersey,NJ,T53,T53 Severance Taxes,0,2010,3
Q3-2010,New Jersey,NJ,T99,"T99 Taxes, Not Elsewhere Classified",0,2010,3
Q3-2010,New Jersey,NJ,TOTAL,Total Taxes,5481,2010,3
Q4-2010,New Jersey,NJ,T01,T01 Property Taxes,4,2010,4
Q4-2010,New Jersey,NJ,T09,T09 General Sales and Gross Receipts Taxes,2002,2010,4
Q4-2010,New Jersey,NJ,T10,T10 Alcoholic Beverages Sales Tax,40,2010,4
Q4-2010,New Jersey,NJ,T11,T11 Amusements Sales Tax,55,2010,4
Q4-2010,New Jersey,NJ,T12,T12 Insurance Premiums Sales Tax,12,2010,4
Q4-2010,New Jersey,NJ,T13,T13 Motor Fuels Sales Tax,133,2010,4
Q4-2010,New Jersey,NJ,T14,T14 Pari-Mutuels Sales Tax,0,2010,4
Q4-2010,New Jersey,NJ,T15,T15 Public Utilities Sales Tax,71,2010,4
Q4-2010,New Jersey,NJ,T16,T16 Tobacco Products Sales Tax,201,2010,4
Q4-2010,New Jersey,NJ,T19,T19 Other Selective Sales and Gross Receipts Taxes,204,2010,4
Q4-2010,New Jersey,NJ,T20,T20 Alcoholic Beverages License,2,2010,4
Q4-2010,New Jersey,NJ,T21,T21 Amusements License,12,2010,4
Q4-2010,New Jersey,NJ,T22,T22 Corporations In General License,60,2010,4
Q4-2010,New Jersey,NJ,T23,T23 Hunting and Fishing License,5,2010,4
Q4-2010,New Jersey,NJ,T24,T24 Motor Vehicles License,128,2010,4
Q4-2010,New Jersey,NJ,T25,T25 Motor Vehicle Operators License,11,2010,4
Q4-2010,New Jersey,NJ,T27,T27 Public Utilities License,0,2010,4
Q4-2010,New Jersey,NJ,T28,"T28 Occupation and Business License, Not Elsewhere Classified",124,2010,4
Q4-2010,New Jersey,NJ,T29,T29 Other License Taxes,0,2010,4
Q4-2010,New Jersey,NJ,T40,T40 Individual Income Taxes,2444,2010,4
Q4-2010,New Jersey,NJ,T41,T41 Corporation Net Income Taxes,541,2010,4
Q4-2010,New Jersey,NJ,T50,T50 Death and Gift Taxes,181,2010,4
Q4-2010,New Jersey,NJ,T51,T51 Documentary and Stock Transfer Taxes,55,2010,4
Q4-2010,New Jersey,NJ,T53,T53 Severance Taxes,0,2010,4
Q4-2010,New Jersey,NJ,T99,"T99 Taxes, Not Elsewhere Classified",0,2010,4
Q4-2010,New Jersey,NJ,TOTAL,Total Taxes,6285,2010,4
Q1-2011,New Jersey,NJ,T01,T01 Property Taxes,0,2011,1
Q1-2011,New Jersey,NJ,T09,T09 General Sales and Gross Receipts Taxes,1758,2011,1
Q1-2011,New Jersey,NJ,T10,T10 Alcoholic Beverages Sales Tax,22,2011,1
Q1-2011,New Jersey,NJ,T11,T11 Amusements Sales Tax,66,2011,1
Q1-2011,New Jersey,NJ,T12,T12 Insurance Premiums Sales Tax,222,2011,1
Q1-2011,New Jersey,NJ,T13,T13 Motor Fuels Sales Tax,115,2011,1
Q1-2011,New Jersey,NJ,T15,T15 Public Utilities Sales Tax,211,2011,1
Q1-2011,New Jersey,NJ,T16,T16 Tobacco Products Sales Tax,175,2011,1
Q1-2011,New Jersey,NJ,T19,T19 Other Selective Sales and Gross Receipts Taxes,157,2011,1
Q1-2011,New Jersey,NJ,T20,T20 Alcoholic Beverages License,2,2011,1
Q1-2011,New Jersey,NJ,T21,T21 Amusements License,12,2011,1
Q1-2011,New Jersey,NJ,T22,T22 Corporations In General License,29,2011,1
Q1-2011,New Jersey,NJ,T23,T23 Hunting and Fishing License,4,2011,1
Q1-2011,New Jersey,NJ,T24,T24 Motor Vehicles License,157,2011,1
Q1-2011,New Jersey,NJ,T25,T25 Motor Vehicle Operators License,14,2011,1
Q1-2011,New Jersey,NJ,T27,T27 Public Utilities License,0,2011,1
Q1-2011,New Jersey,NJ,T28,"T28 Occupation and Business License, Not Elsewhere Classified",117,2011,1
Q1-2011,New Jersey,NJ,T29,T29 Other License Taxes,0,2011,1
Q1-2011,New Jersey,NJ,T40,T40 Individual Income Taxes,2518,2011,1
Q1-2011,New Jersey,NJ,T41,T41 Corporation Net Income Taxes,258,2011,1
Q1-2011,New Jersey,NJ,T50,T50 Death and Gift Taxes,134,2011,1
Q1-2011,New Jersey,NJ,T51,T51 Documentary and Stock Transfer Taxes,76,2011,1
Q1-2011,New Jersey,NJ,TOTAL,Total Taxes,6047,2011,1
Q2-2011,New Jersey,NJ,T01,T01 Property Taxes,0,2011,2
Q2-2011,New Jersey,NJ,T09,T09 General Sales and Gross Receipts Taxes,2417,2011,2
Q2-2011,New Jersey,NJ,T10,T10 Alcoholic Beverages Sales Tax,48,2011,2
Q2-2011,New Jersey,NJ,T11,T11 Amusements Sales Tax,69,2011,2
Q2-2011,New Jersey,NJ,T12,T12 Insurance Premiums Sales Tax,218,2011,2
Q2-2011,New Jersey,NJ,T13,T13 Motor Fuels Sales Tax,133,2011,2
Q2-2011,New Jersey,NJ,T15,T15 Public Utilities Sales Tax,545,2011,2
Q2-2011,New Jersey,NJ,T16,T16 Tobacco Products Sales Tax,208,2011,2
Q2-2011,New Jersey,NJ,T19,T19 Other Selective Sales and Gross Receipts Taxes,235,2011,2
Q2-2011,New Jersey,NJ,T20,T20 Alcoholic Beverages License,-3,2011,2
Q2-2011,New Jersey,NJ,T21,T21 Amusements License,13,2011,2
Q2-2011,New Jersey,NJ,T22,T22 Corporations In General License,115,2011,2
Q2-2011,New Jersey,NJ,T23,T23 Hunting and Fishing License,3,2011,2
Q2-2011,New Jersey,NJ,T24,T24 Motor Vehicles License,156,2011,2
Q2-2011,New Jersey,NJ,T25,T25 Motor Vehicle Operators License,14,2011,2
Q2-2011,New Jersey,NJ,T27,T27 Public Utilities License,6,2011,2
Q2-2011,New Jersey,NJ,T28,"T28 Occupation and Business License, Not Elsewhere Classified",169,2011,2
Q2-2011,New Jersey,NJ,T29,T29 Other License Taxes,1,2011,2
Q2-2011,New Jersey,NJ,T40,T40 Individual Income Taxes,3725,2011,2
Q2-2011,New Jersey,NJ,T41,T41 Corporation Net Income Taxes,1036,2011,2
Q2-2011,New Jersey,NJ,T50,T50 Death and Gift Taxes,185,2011,2
Q2-2011,New Jersey,NJ,T51,T51 Documentary and Stock Transfer Taxes,75,2011,2
Q2-2011,New Jersey,NJ,TOTAL,Total Taxes,9370,2011,2
Q3-2011,New Jersey,NJ,T01,T01 Property Taxes,0,2011,3
Q3-2011,New Jersey,NJ,T09,T09 General Sales and Gross Receipts Taxes,1311,2011,3
Q3-2011,New Jersey,NJ,T10,T10 Alcoholic Beverages Sales Tax,20,2011,3
Q3-2011,New Jersey,NJ,T11,T11 Amusements Sales Tax,59,2011,3
Q3-2011,New Jersey,NJ,T12,T12 Insurance Premiums Sales Tax,12,2011,3
Q3-2011,New Jersey,NJ,T13,T13 Motor Fuels Sales Tax,94,2011,3
Q3-2011,New Jersey,NJ,T15,T15 Public Utilities Sales Tax,88,2011,3
Q3-2011,New Jersey,NJ,T16,T16 Tobacco Products Sales Tax,218,2011,3
Q3-2011,New Jersey,NJ,T19,T19 Other Selective Sales and Gross Receipts Taxes,87,2011,3
Q3-2011,New Jersey,NJ,T20,T20 Alcoholic Beverages License,4,2011,3
Q3-2011,New Jersey,NJ,T21,T21 Amusements License,1,2011,3
Q3-2011,New Jersey,NJ,T22,T22 Corporations In General License,44,2011,3
Q3-2011,New Jersey,NJ,T23,T23 Hunting and Fishing License,1,2011,3
Q3-2011,New Jersey,NJ,T24,T24 Motor Vehicles License,143,2011,3
Q3-2011,New Jersey,NJ,T25,T25 Motor Vehicle Operators License,12,2011,3
Q3-2011,New Jersey,NJ,T27,T27 Public Utilities License,0,2011,3
Q3-2011,New Jersey,NJ,T28,"T28 Occupation and Business License, Not Elsewhere Classified",105,2011,3
Q3-2011,New Jersey,NJ,T29,T29 Other License Taxes,0,2011,3
Q3-2011,New Jersey,NJ,T40,T40 Individual Income Taxes,1743,2011,3
Q3-2011,New Jersey,NJ,T41,T41 Corporation Net Income Taxes,392,2011,3
Q3-2011,New Jersey,NJ,T50,T50 Death and Gift Taxes,175,2011,3
Q3-2011,New Jersey,NJ,T51,T51 Documentary and Stock Transfer Taxes,65,2011,3
Q3-2011,New Jersey,NJ,TOTAL,Total Taxes,4575,2011,3
Q4-2011,New Jersey,NJ,T01,T01 Property Taxes,4,2011,4
Q4-2011,New Jersey,NJ,T09,T09 General Sales and Gross Receipts Taxes,1976,2011,4
Q4-2011,New Jersey,NJ,T10,T10 Alcoholic Beverages Sales Tax,21,2011,4
Q4-2011,New Jersey,NJ,T11,T11 Amusements Sales Tax,50,2011,4
Q4-2011,New Jersey,NJ,T12,T12 Insurance Premiums Sales Tax,11,2011,4
Q4-2011,New Jersey,NJ,T13,T13 Motor Fuels Sales Tax,138,2011,4
Q4-2011,New Jersey,NJ,T15,T15 Public Utilities Sales Tax,85,2011,4
Q4-2011,New Jersey,NJ,T16,T16 Tobacco Products Sales Tax,198,2011,4
Q4-2011,New Jersey,NJ,T19,T19 Other Selective Sales and Gross Receipts Taxes,245,2011,4
Q4-2011,New Jersey,NJ,T20,T20 Alcoholic Beverages License,0,2011,4
Q4-2011,New Jersey,NJ,T21,T21 Amusements License,36,2011,4
Q4-2011,New Jersey,NJ,T22,T22 Corporations In General License,55,2011,4
Q4-2011,New Jersey,NJ,T23,T23 Hunting and Fishing License,5,2011,4
Q4-2011,New Jersey,NJ,T24,T24 Motor Vehicles License,136,2011,4
Q4-2011,New Jersey,NJ,T25,T25 Motor Vehicle Operators License,12,2011,4
Q4-2011,New Jersey,NJ,T27,T27 Public Utilities License,0,2011,4
Q4-2011,New Jersey,NJ,T28,"T28 Occupation and Business License, Not Elsewhere Classified",109,2011,4
Q4-2011,New Jersey,NJ,T29,T29 Other License Taxes,0,2011,4
Q4-2011,New Jersey,NJ,T40,T40 Individual Income Taxes,2384,2011,4
Q4-2011,New Jersey,NJ,T41,T41 Corporation Net Income Taxes,494,2011,4
Q4-2011,New Jersey,NJ,T50,T50 Death and Gift Taxes,167,2011,4
Q4-2011,New Jersey,NJ,T51,T51 Documentary and Stock Transfer Taxes,81,2011,4
Q4-2011,New Jersey,NJ,TOTAL,Total Taxes,6206,2011,4
Q1-2012,New Jersey,NJ,T01,T01 Property Taxes,1,2012,1
Q1-2012,New Jersey,NJ,T09,T09 General Sales and Gross Receipts Taxes,1904,2012,1
Q1-2012,New Jersey,NJ,T10,T10 Alcoholic Beverages Sales Tax,43,2012,1
Q1-2012,New Jersey,NJ,T11,T11 Amusements Sales Tax,60,2012,1
Q1-2012,New Jersey,NJ,T12,T12 Insurance Premiums Sales Tax,282,2012,1
Q1-2012,New Jersey,NJ,T13,T13 Motor Fuels Sales Tax,125,2012,1
Q1-2012,New Jersey,NJ,T15,T15 Public Utilities Sales Tax,144,2012,1
Q1-2012,New Jersey,NJ,T16,T16 Tobacco Products Sales Tax,174,2012,1
Q1-2012,New Jersey,NJ,T19,T19 Other Selective Sales and Gross Receipts Taxes,110,2012,1
Q1-2012,New Jersey,NJ,T20,T20 Alcoholic Beverages License,0,2012,1
Q1-2012,New Jersey,NJ,T21,T21 Amusements License,8,2012,1
Q1-2012,New Jersey,NJ,T22,T22 Corporations In General License,40,2012,1
Q1-2012,New Jersey,NJ,T23,T23 Hunting and Fishing License,4,2012,1
Q1-2012,New Jersey,NJ,T24,T24 Motor Vehicles License,159,2012,1
Q1-2012,New Jersey,NJ,T25,T25 Motor Vehicle Operators License,14,2012,1
Q1-2012,New Jersey,NJ,T27,T27 Public Utilities License,0,2012,1
Q1-2012,New Jersey,NJ,T28,"T28 Occupation and Business License, Not Elsewhere Classified",103,2012,1
Q1-2012,New Jersey,NJ,T29,T29 Other License Taxes,0,2012,1
Q1-2012,New Jersey,NJ,T40,T40 Individual Income Taxes,2696,2012,1
Q1-2012,New Jersey,NJ,T41,T41 Corporation Net Income Taxes,356,2012,1
Q1-2012,New Jersey,NJ,T50,T50 Death and Gift Taxes,141,2012,1
Q1-2012,New Jersey,NJ,T51,T51 Documentary and Stock Transfer Taxes,69,2012,1
Q1-2012,New Jersey,NJ,TOTAL,Total Taxes,6433,2012,1
Q2-2012,New Jersey,NJ,T01,T01 Property Taxes,0,2012,2
Q2-2012,New Jersey,NJ,T09,T09 General Sales and Gross Receipts Taxes,2908,2012,2
Q2-2012,New Jersey,NJ,T10,T10 Alcoholic Beverages Sales Tax,51,2012,2
Q2-2012,New Jersey,NJ,T11,T11 Amusements Sales Tax,70,2012,2
Q2-2012,New Jersey,NJ,T12,T12 Insurance Premiums Sales Tax,228,2012,2
Q2-2012,New Jersey,NJ,T13,T13 Motor Fuels Sales Tax,182,2012,2
Q2-2012,New Jersey,NJ,T15,T15 Public Utilities Sales Tax,641,2012,2
Q2-2012,New Jersey,NJ,T16,T16 Tobacco Products Sales Tax,202,2012,2
Q2-2012,New Jersey,NJ,T19,T19 Other Selective Sales and Gross Receipts Taxes,272,2012,2
Q2-2012,New Jersey,NJ,T20,T20 Alcoholic Beverages License,0,2012,2
Q2-2012,New Jersey,NJ,T21,T21 Amusements License,10,2012,2
Q2-2012,New Jersey,NJ,T22,T22 Corporations In General License,76,2012,2
Q2-2012,New Jersey,NJ,T23,T23 Hunting and Fishing License,3,2012,2
Q2-2012,New Jersey,NJ,T24,T24 Motor Vehicles License,168,2012,2
Q2-2012,New Jersey,NJ,T25,T25 Motor Vehicle Operators License,15,2012,2
Q2-2012,New Jersey,NJ,T27,T27 Public Utilities License,7,2012,2
Q2-2012,New Jersey,NJ,T28,"T28 Occupation and Business License, Not Elsewhere Classified",155,2012,2
Q2-2012,New Jersey,NJ,T29,T29 Other License Taxes,1,2012,2
Q2-2012,New Jersey,NJ,T40,T40 Individual Income Taxes,4306,2012,2
Q2-2012,New Jersey,NJ,T41,T41 Corporation Net Income Taxes,687,2012,2
Q2-2012,New Jersey,NJ,T50,T50 Death and Gift Taxes,159,2012,2
Q2-2012,New Jersey,NJ,T51,T51 Documentary and Stock Transfer Taxes,101,2012,2
Q2-2012,New Jersey,NJ,TOTAL,Total Taxes,10242,2012,2
Q3-2012,New Jersey,NJ,T01,T01 Property Taxes,0,2012,3
Q3-2012,New Jersey,NJ,T09,T09 General Sales and Gross Receipts Taxes,1307,2012,3
Q3-2012,New Jersey,NJ,T10,T10 Alcoholic Beverages Sales Tax,21,2012,3
Q3-2012,New Jersey,NJ,T11,T11 Amusements Sales Tax,62,2012,3
Q3-2012,New Jersey,NJ,T12,T12 Insurance Premiums Sales Tax,15,2012,3
Q3-2012,New Jersey,NJ,T13,T13 Motor Fuels Sales Tax,90,2012,3
Q3-2012,New Jersey,NJ,T15,T15 Public Utilities Sales Tax,98,2012,3
Q3-2012,New Jersey,NJ,T16,T16 Tobacco Products Sales Tax,184,2012,3
Q3-2012,New Jersey,NJ,T19,T19 Other Selective Sales and Gross Receipts Taxes,110,2012,3
Q3-2012,New Jersey,NJ,T20,T20 Alcoholic Beverages License,1,2012,3
Q3-2012,New Jersey,NJ,T21,T21 Amusements License,21,2012,3
Q3-2012,New Jersey,NJ,T22,T22 Corporations In General License,49,2012,3
Q3-2012,New Jersey,NJ,T23,T23 Hunting and Fishing License,1,2012,3
Q3-2012,New Jersey,NJ,T24,T24 Motor Vehicles License,148,2012,3
Q3-2012,New Jersey,NJ,T25,T25 Motor Vehicle Operators License,13,2012,3
Q3-2012,New Jersey,NJ,T27,T27 Public Utilities License,0,2012,3
Q3-2012,New Jersey,NJ,T28,"T28 Occupation and Business License, Not Elsewhere Classified",112,2012,3
Q3-2012,New Jersey,NJ,T29,T29 Other License Taxes,0,2012,3
Q3-2012,New Jersey,NJ,T40,T40 Individual Income Taxes,1807,2012,3
Q3-2012,New Jersey,NJ,T41,T41 Corporation Net Income Taxes,443,2012,3
Q3-2012,New Jersey,NJ,T50,T50 Death and Gift Taxes,137,2012,3
Q3-2012,New Jersey,NJ,T51,T51 Documentary and Stock Transfer Taxes,56,2012,3
Q3-2012,New Jersey,NJ,TOTAL,Total Taxes,4676,2012,3
Q4-2012,New Jersey,NJ,T01,T01 Property Taxes,2,2012,4
Q4-2012,New Jersey,NJ,T09,T09 General Sales and Gross Receipts Taxes,1951,2012,4
Q4-2012,New Jersey,NJ,T10,T10 Alcoholic Beverages Sales Tax,14,2012,4
Q4-2012,New Jersey,NJ,T11,T11 Amusements Sales Tax,40,2012,4
Q4-2012,New Jersey,NJ,T12,T12 Insurance Premiums Sales Tax,11,2012,4
Q4-2012,New Jersey,NJ,T13,T13 Motor Fuels Sales Tax,129,2012,4
Q4-2012,New Jersey,NJ,T15,T15 Public Utilities Sales Tax,82,2012,4
Q4-2012,New Jersey,NJ,T16,T16 Tobacco Products Sales Tax,191,2012,4
Q4-2012,New Jersey,NJ,T19,T19 Other Selective Sales and Gross Receipts Taxes,108,2012,4
Q4-2012,New Jersey,NJ,T20,T20 Alcoholic Beverages License,2,2012,4
Q4-2012,New Jersey,NJ,T21,T21 Amusements License,14,2012,4
Q4-2012,New Jersey,NJ,T22,T22 Corporations In General License,51,2012,4
Q4-2012,New Jersey,NJ,T23,T23 Hunting and Fishing License,4,2012,4
Q4-2012,New Jersey,NJ,T24,T24 Motor Vehicles License,136,2012,4
Q4-2012,New Jersey,NJ,T25,T25 Motor Vehicle Operators License,12,2012,4
Q4-2012,New Jersey,NJ,T27,T27 Public Utilities License,0,2012,4
Q4-2012,New Jersey,NJ,T28,"T28 Occupation and Business License, Not Elsewhere Classified",112,2012,4
Q4-2012,New Jersey,NJ,T29,T29 Other License Taxes,0,2012,4
Q4-2012,New Jersey,NJ,T40,T40 Individual Income Taxes,2551,2012,4
Q4-2012,New Jersey,NJ,T41,T41 Corporation Net Income Taxes,460,2012,4
Q4-2012,New Jersey,NJ,T50,T50 Death and Gift Taxes,164,2012,4
Q4-2012,New Jersey,NJ,T51,T51 Documentary and Stock Transfer Taxes,82,2012,4
Q4-2012,New Jersey,NJ,TOTAL,Total Taxes,6116,2012,4
Q1-2013,New Jersey,NJ,T01,T01 Property Taxes,0,2013,1
Q1-2013,New Jersey,NJ,T09,T09 General Sales and Gross Receipts Taxes,2089,2013,1
Q1-2013,New Jersey,NJ,T10,T10 Alcoholic Beverages Sales Tax,44,2013,1
Q1-2013,New Jersey,NJ,T11,T11 Amusements Sales Tax,49,2013,1
Q1-2013,New Jersey,NJ,T12,T12 Insurance Premiums Sales Tax,303,2013,1
Q1-2013,New Jersey,NJ,T13,T13 Motor Fuels Sales Tax,122,2013,1
Q1-2013,New Jersey,NJ,T15,T15 Public Utilities Sales Tax,183,2013,1
Q1-2013,New Jersey,NJ,T16,T16 Tobacco Products Sales Tax,191,2013,1
Q1-2013,New Jersey,NJ,T19,T19 Other Selective Sales and Gross Receipts Taxes,148,2013,1
Q1-2013,New Jersey,NJ,T20,T20 Alcoholic Beverages License,1,2013,1
Q1-2013,New Jersey,NJ,T21,T21 Amusements License,11,2013,1
Q1-2013,New Jersey,NJ,T22,T22 Corporations In General License,32,2013,1
Q1-2013,New Jersey,NJ,T23,T23 Hunting and Fishing License,4,2013,1
Q1-2013,New Jersey,NJ,T24,T24 Motor Vehicles License,161,2013,1
Q1-2013,New Jersey,NJ,T25,T25 Motor Vehicle Operators License,14,2013,1
Q1-2013,New Jersey,NJ,T27,T27 Public Utilities License,0,2013,1
Q1-2013,New Jersey,NJ,T28,"T28 Occupation and Business License, Not Elsewhere Classified",112,2013,1
Q1-2013,New Jersey,NJ,T29,T29 Other License Taxes,0,2013,1
Q1-2013,New Jersey,NJ,T40,T40 Individual Income Taxes,3052,2013,1
Q1-2013,New Jersey,NJ,T41,T41 Corporation Net Income Taxes,287,2013,1
Q1-2013,New Jersey,NJ,T50,T50 Death and Gift Taxes,151,2013,1
Q1-2013,New Jersey,NJ,T51,T51 Documentary and Stock Transfer Taxes,94,2013,1
Q1-2013,New Jersey,NJ,TOTAL,Total Taxes,7050,2013,1
Q2-2013,New Jersey,NJ,T01,T01 Property Taxes,2,2013,2
Q2-2013,New Jersey,NJ,T09,T09 General Sales and Gross Receipts Taxes,3108,2013,2
Q2-2013,New Jersey,NJ,T10,T10 Alcoholic Beverages Sales Tax,57,2013,2
Q2-2013,New Jersey,NJ,T11,T11 Amusements Sales Tax,64,2013,2
Q2-2013,New Jersey,NJ,T12,T12 Insurance Premiums Sales Tax,239,2013,2
Q2-2013,New Jersey,NJ,T13,T13 Motor Fuels Sales Tax,183,2013,2
Q2-2013,New Jersey,NJ,T15,T15 Public Utilities Sales Tax,596,2013,2
Q2-2013,New Jersey,NJ,T16,T16 Tobacco Products Sales Tax,188,2013,2
Q2-2013,New Jersey,NJ,T19,T19 Other Selective Sales and Gross Receipts Taxes,220,2013,2
Q2-2013,New Jersey,NJ,T20,T20 Alcoholic Beverages License,0,2013,2
Q2-2013,New Jersey,NJ,T21,T21 Amusements License,12,2013,2
Q2-2013,New Jersey,NJ,T22,T22 Corporations In General License,121,2013,2
Q2-2013,New Jersey,NJ,T23,T23 Hunting and Fishing License,4,2013,2
Q2-2013,New Jersey,NJ,T24,T24 Motor Vehicles License,170,2013,2
Q2-2013,New Jersey,NJ,T25,T25 Motor Vehicle Operators License,15,2013,2
Q2-2013,New Jersey,NJ,T27,T27 Public Utilities License,7,2013,2
Q2-2013,New Jersey,NJ,T28,"T28 Occupation and Business License, Not Elsewhere Classified",173,2013,2
Q2-2013,New Jersey,NJ,T29,T29 Other License Taxes,1,2013,2
Q2-2013,New Jersey,NJ,T40,T40 Individual Income Taxes,4699,2013,2
Q2-2013,New Jersey,NJ,T41,T41 Corporation Net Income Taxes,1093,2013,2
Q2-2013,New Jersey,NJ,T50,T50 Death and Gift Taxes,173,2013,2
Q2-2013,New Jersey,NJ,T51,T51 Documentary and Stock Transfer Taxes,112,2013,2
Q2-2013,New Jersey,NJ,TOTAL,Total Taxes,11235,2013,2
Q3-2013,New Jersey,NJ,T01,T01 Property Taxes,0,2013,3
Q3-2013,New Jersey,NJ,T09,T09 General Sales and Gross Receipts Taxes,1443,2013,3
Q3-2013,New Jersey,NJ,T10,T10 Alcoholic Beverages Sales Tax,19,2013,3
Q3-2013,New Jersey,NJ,T11,T11 Amusements Sales Tax,59,2013,3
Q3-2013,New Jersey,NJ,T12,T12 Insurance Premiums Sales Tax,18,2013,3
Q3-2013,New Jersey,NJ,T13,T13 Motor Fuels Sales Tax,82,2013,3
Q3-2013,New Jersey,NJ,T15,T15 Public Utilities Sales Tax,90,2013,3
Q3-2013,New Jersey,NJ,T16,T16 Tobacco Products Sales Tax,198,2013,3
Q3-2013,New Jersey,NJ,T19,T19 Other Selective Sales and Gross Receipts Taxes,76,2013,3
Q3-2013,New Jersey,NJ,T20,T20 Alcoholic Beverages License,2,2013,3
Q3-2013,New Jersey,NJ,T21,T21 Amusements License,15,2013,3
Q3-2013,New Jersey,NJ,T22,T22 Corporations In General License,47,2013,3
Q3-2013,New Jersey,NJ,T23,T23 Hunting and Fishing License,1,2013,3
Q3-2013,New Jersey,NJ,T24,T24 Motor Vehicles License,150,2013,3
Q3-2013,New Jersey,NJ,T25,T25 Motor Vehicle Operators License,13,2013,3
Q3-2013,New Jersey,NJ,T27,T27 Public Utilities License,0,2013,3
Q3-2013,New Jersey,NJ,T28,"T28 Occupation and Business License, Not Elsewhere Classified",104,2013,3
Q3-2013,New Jersey,NJ,T29,T29 Other License Taxes,0,2013,3
Q3-2013,New Jersey,NJ,T40,T40 Individual Income Taxes,1945,2013,3
Q3-2013,New Jersey,NJ,T41,T41 Corporation Net Income Taxes,423,2013,3
Q3-2013,New Jersey,NJ,T50,T50 Death and Gift Taxes,167,2013,3
Q3-2013,New Jersey,NJ,T51,T51 Documentary and Stock Transfer Taxes,78,2013,3
Q3-2013,New Jersey,NJ,TOTAL,Total Taxes,4930,2013,3
Q4-2013,New Jersey,NJ,T01,T01 Property Taxes,4,2013,4
Q4-2013,New Jersey,NJ,T09,T09 General Sales and Gross Receipts Taxes,2094,2013,4
Q4-2013,New Jersey,NJ,T10,T10 Alcoholic Beverages Sales Tax,20,2013,4
Q4-2013,New Jersey,NJ,T11,T11 Amusements Sales Tax,45,2013,4
Q4-2013,New Jersey,NJ,T12,T12 Insurance Premiums Sales Tax,13,2013,4
Q4-2013,New Jersey,NJ,T13,T13 Motor Fuels Sales Tax,137,2013,4
Q4-2013,New Jersey,NJ,T15,T15 Public Utilities Sales Tax,86,2013,4
Q4-2013,New Jersey,NJ,T16,T16 Tobacco Products Sales Tax,193,2013,4
Q4-2013,New Jersey,NJ,T19,T19 Other Selective Sales and Gross Receipts Taxes,158,2013,4
Q4-2013,New Jersey,NJ,T20,T20 Alcoholic Beverages License,1,2013,4
Q4-2013,New Jersey,NJ,T21,T21 Amusements License,13,2013,4
Q4-2013,New Jersey,NJ,T22,T22 Corporations In General License,56,2013,4
Q4-2013,New Jersey,NJ,T23,T23 Hunting and Fishing License,5,2013,4
Q4-2013,New Jersey,NJ,T24,T24 Motor Vehicles License,133,2013,4
Q4-2013,New Jersey,NJ,T25,T25 Motor Vehicle Operators License,12,2013,4
Q4-2013,New Jersey,NJ,T27,T27 Public Utilities License,0,2013,4
Q4-2013,New Jersey,NJ,T28,"T28 Occupation and Business License, Not Elsewhere Classified",104,2013,4
Q4-2013,New Jersey,NJ,T29,T29 Other License Taxes,0,2013,4
Q4-2013,New Jersey,NJ,T40,T40 Individual Income Taxes,2612,2013,4
Q4-2013,New Jersey,NJ,T41,T41 Corporation Net Income Taxes,500,2013,4
Q4-2013,New Jersey,NJ,T50,T50 Death and Gift Taxes,180,2013,4
Q4-2013,New Jersey,NJ,T51,T51 Documentary and Stock Transfer Taxes,100,2013,4
Q4-2013,New Jersey,NJ,TOTAL,Total Taxes,6466,2013,4
Q1-2014,New Jersey,NJ,T01,T01 Property Taxes,0,2014,1
Q1-2014,New Jersey,NJ,T09,T09 General Sales and Gross Receipts Taxes,2071,2014,1
Q1-2014,New Jersey,NJ,T10,T10 Alcoholic Beverages Sales Tax,41,2014,1
Q1-2014,New Jersey,NJ,T11,T11 Amusements Sales Tax,52,2014,1
Q1-2014,New Jersey,NJ,T12,T12 Insurance Premiums Sales Tax,313,2014,1
Q1-2014,New Jersey,NJ,T13,T13 Motor Fuels Sales Tax,130,2014,1
Q1-2014,New Jersey,NJ,T15,T15 Public Utilities Sales Tax,230,2014,1
Q1-2014,New Jersey,NJ,T16,T16 Tobacco Products Sales Tax,167,2014,1
Q1-2014,New Jersey,NJ,T19,T19 Other Selective Sales and Gross Receipts Taxes,150,2014,1
Q1-2014,New Jersey,NJ,T20,T20 Alcoholic Beverages License,0,2014,1
Q1-2014,New Jersey,NJ,T21,T21 Amusements License,11,2014,1
Q1-2014,New Jersey,NJ,T22,T22 Corporations In General License,50,2014,1
Q1-2014,New Jersey,NJ,T23,T23 Hunting and Fishing License,3,2014,1
Q1-2014,New Jersey,NJ,T24,T24 Motor Vehicles License,158,2014,1
Q1-2014,New Jersey,NJ,T25,T25 Motor Vehicle Operators License,14,2014,1
Q1-2014,New Jersey,NJ,T27,T27 Public Utilities License,0,2014,1
Q1-2014,New Jersey,NJ,T28,"T28 Occupation and Business License, Not Elsewhere Classified",104,2014,1
Q1-2014,New Jersey,NJ,T29,T29 Other License Taxes,0,2014,1
Q1-2014,New Jersey,NJ,T40,T40 Individual Income Taxes,3083,2014,1
Q1-2014,New Jersey,NJ,T41,T41 Corporation Net Income Taxes,447,2014,1
Q1-2014,New Jersey,NJ,T50,T50 Death and Gift Taxes,166,2014,1
Q1-2014,New Jersey,NJ,T51,T51 Documentary and Stock Transfer Taxes,86,2014,1
Q1-2014,New Jersey,NJ,TOTAL,Total Taxes,7278,2014,1
Q2-2014,New Jersey,NJ,T01,T01 Property Taxes,0,2014,2
Q2-2014,New Jersey,NJ,T09,T09 General Sales and Gross Receipts Taxes,3242,2014,2
Q2-2014,New Jersey,NJ,T10,T10 Alcoholic Beverages Sales Tax,56,2014,2
Q2-2014,New Jersey,NJ,T11,T11 Amusements Sales Tax,66,2014,2
Q2-2014,New Jersey,NJ,T12,T12 Insurance Premiums Sales Tax,241,2014,2
Q2-2014,New Jersey,NJ,T13,T13 Motor Fuels Sales Tax,181,2014,2
Q2-2014,New Jersey,NJ,T15,T15 Public Utilities Sales Tax,557,2014,2
Q2-2014,New Jersey,NJ,T16,T16 Tobacco Products Sales Tax,176,2014,2
Q2-2014,New Jersey,NJ,T19,T19 Other Selective Sales and Gross Receipts Taxes,205,2014,2
Q2-2014,New Jersey,NJ,T20,T20 Alcoholic Beverages License,0,2014,2
Q2-2014,New Jersey,NJ,T21,T21 Amusements License,18,2014,2
Q2-2014,New Jersey,NJ,T22,T22 Corporations In General License,78,2014,2
Q2-2014,New Jersey,NJ,T23,T23 Hunting and Fishing License,4,2014,2
Q2-2014,New Jersey,NJ,T24,T24 Motor Vehicles License,184,2014,2
Q2-2014,New Jersey,NJ,T25,T25 Motor Vehicle Operators License,16,2014,2
Q2-2014,New Jersey,NJ,T27,T27 Public Utilities License,10,2014,2
Q2-2014,New Jersey,NJ,T28,"T28 Occupation and Business License, Not Elsewhere Classified",170,2014,2
Q2-2014,New Jersey,NJ,T29,T29 Other License Taxes,1,2014,2
Q2-2014,New Jersey,NJ,T40,T40 Individual Income Taxes,4671,2014,2
Q2-2014,New Jersey,NJ,T41,T41 Corporation Net Income Taxes,699,2014,2
Q2-2014,New Jersey,NJ,T50,T50 Death and Gift Taxes,175,2014,2
Q2-2014,New Jersey,NJ,T51,T51 Documentary and Stock Transfer Taxes,142,2014,2
Q2-2014,New Jersey,NJ,TOTAL,Total Taxes,10892,2014,2
Q3-2014,New Jersey,NJ,T01,T01 Property Taxes,0,2014,3
Q3-2014,New Jersey,NJ,T09,T09 General Sales and Gross Receipts Taxes,1478,2014,3
Q3-2014,New Jersey,NJ,T10,T10 Alcoholic Beverages Sales Tax,16,2014,3
Q3-2014,New Jersey,NJ,T11,T11 Amusements Sales Tax,63,2014,3
Q3-2014,New Jersey,NJ,T12,T12 Insurance Premiums Sales Tax,11,2014,3
Q3-2014,New Jersey,NJ,T13,T13 Motor Fuels Sales Tax,89,2014,3
Q3-2014,New Jersey,NJ,T15,T15 Public Utilities Sales Tax,116,2014,3
Q3-2014,New Jersey,NJ,T16,T16 Tobacco Products Sales Tax,190,2014,3
Q3-2014,New Jersey,NJ,T19,T19 Other Selective Sales and Gross Receipts Taxes,83,2014,3
Q3-2014,New Jersey,NJ,T20,T20 Alcoholic Beverages License,2,2014,3
Q3-2014,New Jersey,NJ,T21,T21 Amusements License,20,2014,3
Q3-2014,New Jersey,NJ,T22,T22 Corporations In General License,58,2014,3
Q3-2014,New Jersey,NJ,T23,T23 Hunting and Fishing License,2,2014,3
Q3-2014,New Jersey,NJ,T24,T24 Motor Vehicles License,150,2014,3
Q3-2014,New Jersey,NJ,T25,T25 Motor Vehicle Operators License,13,2014,3
Q3-2014,New Jersey,NJ,T27,T27 Public Utilities License,0,2014,3
Q3-2014,New Jersey,NJ,T28,"T28 Occupation and Business License, Not Elsewhere Classified",108,2014,3
Q3-2014,New Jersey,NJ,T29,T29 Other License Taxes,0,2014,3
Q3-2014,New Jersey,NJ,T40,T40 Individual Income Taxes,2106,2014,3
Q3-2014,New Jersey,NJ,T41,T41 Corporation Net Income Taxes,525,2014,3
Q3-2014,New Jersey,NJ,T50,T50 Death and Gift Taxes,159,2014,3
Q3-2014,New Jersey,NJ,T51,T51 Documentary and Stock Transfer Taxes,87,2014,3
Q3-2014,New Jersey,NJ,TOTAL,Total Taxes,5277,2014,3
Q4-2014,New Jersey,NJ,T01,T01 Property Taxes,5,2014,4
Q4-2014,New Jersey,NJ,T09,T09 General Sales and Gross Receipts Taxes,2155,2014,4
Q4-2014,New Jersey,NJ,T10,T10 Alcoholic Beverages Sales Tax,20,2014,4
Q4-2014,New Jersey,NJ,T11,T11 Amusements Sales Tax,36,2014,4
Q4-2014,New Jersey,NJ,T12,T12 Insurance Premiums Sales Tax,15,2014,4
Q4-2014,New Jersey,NJ,T13,T13 Motor Fuels Sales Tax,128,2014,4
Q4-2014,New Jersey,NJ,T15,T15 Public Utilities Sales Tax,121,2014,4
Q4-2014,New Jersey,NJ,T16,T16 Tobacco Products Sales Tax,186,2014,4
Q4-2014,New Jersey,NJ,T19,T19 Other Selective Sales and Gross Receipts Taxes,146,2014,4
Q4-2014,New Jersey,NJ,T20,T20 Alcoholic Beverages License,2,2014,4
Q4-2014,New Jersey,NJ,T21,T21 Amusements License,14,2014,4
Q4-2014,New Jersey,NJ,T22,T22 Corporations In General License,68,2014,4
Q4-2014,New Jersey,NJ,T23,T23 Hunting and Fishing License,5,2014,4
Q4-2014,New Jersey,NJ,T24,T24 Motor Vehicles License,147,2014,4
Q4-2014,New Jersey,NJ,T25,T25 Motor Vehicle Operators License,13,2014,4
Q4-2014,New Jersey,NJ,T27,T27 Public Utilities License,0,2014,4
Q4-2014,New Jersey,NJ,T28,"T28 Occupation and Business License, Not Elsewhere Classified",108,2014,4
Q4-2014,New Jersey,NJ,T29,T29 Other License Taxes,0,2014,4
Q4-2014,New Jersey,NJ,T40,T40 Individual Income Taxes,2894,2014,4
Q4-2014,New Jersey,NJ,T41,T41 Corporation Net Income Taxes,609,2014,4
Q4-2014,New Jersey,NJ,T50,T50 Death and Gift Taxes,208,2014,4
Q4-2014,New Jersey,NJ,T51,T51 Documentary and Stock Transfer Taxes,110,2014,4
Q4-2014,New Jersey,NJ,TOTAL,Total Taxes,6988,2014,4
Q1-2015,New Jersey,NJ,T01,T01 Property Taxes,0,2015,1
Q1-2015,New Jersey,NJ,T09,T09 General Sales and Gross Receipts Taxes,2119,2015,1
Q1-2015,New Jersey,NJ,T10,T10 Alcoholic Beverages Sales Tax,44,2015,1
Q1-2015,New Jersey,NJ,T11,T11 Amusements Sales Tax,48,2015,1
Q1-2015,New Jersey,NJ,T12,T12 Insurance Premiums Sales Tax,353,2015,1
Q1-2015,New Jersey,NJ,T13,T13 Motor Fuels Sales Tax,130,2015,1
Q1-2015,New Jersey,NJ,T15,T15 Public Utilities Sales Tax,211,2015,1
Q1-2015,New Jersey,NJ,T16,T16 Tobacco Products Sales Tax,158,2015,1
Q1-2015,New Jersey,NJ,T19,T19 Other Selective Sales and Gross Receipts Taxes,143,2015,1
Q1-2015,New Jersey,NJ,T20,T20 Alcoholic Beverages License,0,2015,1
Q1-2015,New Jersey,NJ,T21,T21 Amusements License,10,2015,1
Q1-2015,New Jersey,NJ,T22,T22 Corporations In General License,52,2015,1
Q1-2015,New Jersey,NJ,T23,T23 Hunting and Fishing License,3,2015,1
Q1-2015,New Jersey,NJ,T24,T24 Motor Vehicles License,153,2015,1
Q1-2015,New Jersey,NJ,T25,T25 Motor Vehicle Operators License,13,2015,1
Q1-2015,New Jersey,NJ,T27,T27 Public Utilities License,0,2015,1
Q1-2015,New Jersey,NJ,T28,"T28 Occupation and Business License, Not Elsewhere Classified",108,2015,1
Q1-2015,New Jersey,NJ,T29,T29 Other License Taxes,0,2015,1
Q1-2015,New Jersey,NJ,T40,T40 Individual Income Taxes,3188,2015,1
Q1-2015,New Jersey,NJ,T41,T41 Corporation Net Income Taxes,467,2015,1
Q1-2015,New Jersey,NJ,T50,T50 Death and Gift Taxes,151,2015,1
Q1-2015,New Jersey,NJ,T51,T51 Documentary and Stock Transfer Taxes,105,2015,1
Q1-2015,New Jersey,NJ,TOTAL,Total Taxes,7457,2015,1
Q2-2015,New Jersey,NJ,T01,T01 Property Taxes,0,2015,2
Q2-2015,New Jersey,NJ,T09,T09 General Sales and Gross Receipts Taxes,3394,2015,2
Q2-2015,New Jersey,NJ,T10,T10 Alcoholic Beverages Sales Tax,58,2015,2
Q2-2015,New Jersey,NJ,T11,T11 Amusements Sales Tax,59,2015,2
Q2-2015,New Jersey,NJ,T12,T12 Insurance Premiums Sales Tax,269,2015,2
Q2-2015,New Jersey,NJ,T13,T13 Motor Fuels Sales Tax,189,2015,2
Q2-2015,New Jersey,NJ,T15,T15 Public Utilities Sales Tax,515,2015,2
Q2-2015,New Jersey,NJ,T16,T16 Tobacco Products Sales Tax,182,2015,2
Q2-2015,New Jersey,NJ,T19,T19 Other Selective Sales and Gross Receipts Taxes,225,2015,2
Q2-2015,New Jersey,NJ,T20,T20 Alcoholic Beverages License,0,2015,2
Q2-2015,New Jersey,NJ,T21,T21 Amusements License,9,2015,2
Q2-2015,New Jersey,NJ,T22,T22 Corporations In General License,109,2015,2
Q2-2015,New Jersey,NJ,T23,T23 Hunting and Fishing License,4,2015,2
Q2-2015,New Jersey,NJ,T24,T24 Motor Vehicles License,187,2015,2
Q2-2015,New Jersey,NJ,T25,T25 Motor Vehicle Operators License,16,2015,2
Q2-2015,New Jersey,NJ,T27,T27 Public Utilities License,8,2015,2
Q2-2015,New Jersey,NJ,T28,"T28 Occupation and Business License, Not Elsewhere Classified",170,2015,2
Q2-2015,New Jersey,NJ,T29,T29 Other License Taxes,1,2015,2
Q2-2015,New Jersey,NJ,T40,T40 Individual Income Taxes,5062,2015,2
Q2-2015,New Jersey,NJ,T41,T41 Corporation Net Income Taxes,978,2015,2
Q2-2015,New Jersey,NJ,T50,T50 Death and Gift Taxes,276,2015,2
Q2-2015,New Jersey,NJ,T51,T51 Documentary and Stock Transfer Taxes,134,2015,2
Q2-2015,New Jersey,NJ,TOTAL,Total Taxes,11845,2015,2
Q3-2015,New Jersey,NJ,T01,T01 Property Taxes,0,2015,3
Q3-2015,New Jersey,NJ,T09,T09 General Sales and Gross Receipts Taxes,1531,2015,3
Q3-2015,New Jersey,NJ,T10,T10 Alcoholic Beverages Sales Tax,19,2015,3
Q3-2015,New Jersey,NJ,T11,T11 Amusements Sales Tax,53,2015,3
Q3-2015,New Jersey,NJ,T12,T12 Insurance Premiums Sales Tax,26,2015,3
Q3-2015,New Jersey,NJ,T13,T13 Motor Fuels Sales Tax,93,2015,3
Q3-2015,New Jersey,NJ,T15,T15 Public Utilities Sales Tax,96,2015,3
Q3-2015,New Jersey,NJ,T16,T16 Tobacco Products Sales Tax,187,2015,3
Q3-2015,New Jersey,NJ,T19,T19 Other Selective Sales and Gross Receipts Taxes,92,2015,3
Q3-2015,New Jersey,NJ,T20,T20 Alcoholic Beverages License,0,2015,3
Q3-2015,New Jersey,NJ,T21,T21 Amusements License,13,2015,3
Q3-2015,New Jersey,NJ,T22,T22 Corporations In General License,51,2015,3
Q3-2015,New Jersey,NJ,T23,T23 Hunting and Fishing License,1,2015,3
Q3-2015,New Jersey,NJ,T24,T24 Motor Vehicles License,162,2015,3
Q3-2015,New Jersey,NJ,T25,T25 Motor Vehicle Operators License,14,2015,3
Q3-2015,New Jersey,NJ,T27,T27 Public Utilities License,0,2015,3
Q3-2015,New Jersey,NJ,T28,"T28 Occupation and Business License, Not Elsewhere Classified",107,2015,3
Q3-2015,New Jersey,NJ,T29,T29 Other License Taxes,0,2015,3
Q3-2015,New Jersey,NJ,T40,T40 Individual Income Taxes,2277,2015,3
Q3-2015,New Jersey,NJ,T41,T41 Corporation Net Income Taxes,455,2015,3
Q3-2015,New Jersey,NJ,T50,T50 Death and Gift Taxes,218,2015,3
Q3-2015,New Jersey,NJ,T51,T51 Documentary and Stock Transfer Taxes,96,2015,3
Q3-2015,New Jersey,NJ,TOTAL,Total Taxes,5491,2015,3
Q4-2015,New Jersey,NJ,T01,T01 Property Taxes,5,2015,4
Q4-2015,New Jersey,NJ,T09,T09 General Sales and Gross Receipts Taxes,2270,2015,4
Q4-2015,New Jersey,NJ,T10,T10 Alcoholic Beverages Sales Tax,25,2015,4
Q4-2015,New Jersey,NJ,T11,T11 Amusements Sales Tax,45,2015,4
Q4-2015,New Jersey,NJ,T12,T12 Insurance Premiums Sales Tax,15,2015,4
Q4-2015,New Jersey,NJ,T13,T13 Motor Fuels Sales Tax,135,2015,4
Q4-2015,New Jersey,NJ,T15,T15 Public Utilities Sales Tax,61,2015,4
Q4-2015,New Jersey,NJ,T16,T16 Tobacco Products Sales Tax,178,2015,4
Q4-2015,New Jersey,NJ,T19,T19 Other Selective Sales and Gross Receipts Taxes,146,2015,4
Q4-2015,New Jersey,NJ,T20,T20 Alcoholic Beverages License,0,2015,4
Q4-2015,New Jersey,NJ,T21,T21 Amusements License,14,2015,4
Q4-2015,New Jersey,NJ,T22,T22 Corporations In General License,56,2015,4
Q4-2015,New Jersey,NJ,T23,T23 Hunting and Fishing License,4,2015,4
Q4-2015,New Jersey,NJ,T24,T24 Motor Vehicles License,141,2015,4
Q4-2015,New Jersey,NJ,T25,T25 Motor Vehicle Operators License,12,2015,4
Q4-2015,New Jersey,NJ,T27,T27 Public Utilities License,0,2015,4
Q4-2015,New Jersey,NJ,T28,"T28 Occupation and Business License, Not Elsewhere Classified",107,2015,4
Q4-2015,New Jersey,NJ,T29,T29 Other License Taxes,0,2015,4
Q4-2015,New Jersey,NJ,T40,T40 Individual Income Taxes,3026,2015,4
Q4-2015,New Jersey,NJ,T41,T41 Corporation Net Income Taxes,508,2015,4
Q4-2015,New Jersey,NJ,T50,T50 Death and Gift Taxes,219,2015,4
Q4-2015,New Jersey,NJ,T51,T51 Documentary and Stock Transfer Taxes,122,2015,4
Q4-2015,New Jersey,NJ,TOTAL,Total Taxes,7089,2015,4
Q1-2016,New Jersey,NJ,T01,T01 Property Taxes,0,2016,1
Q1-2016,New Jersey,NJ,T09,T09 General Sales and Gross Receipts Taxes,2228,2016,1
Q1-2016,New Jersey,NJ,T10,T10 Alcoholic Beverages Sales Tax,44,2016,1
Q1-2016,New Jersey,NJ,T11,T11 Amusements Sales Tax,50,2016,1
Q1-2016,New Jersey,NJ,T12,T12 Insurance Premiums Sales Tax,331,2016,1
Q1-2016,New Jersey,NJ,T13,T13 Motor Fuels Sales Tax,125,2016,1
Q1-2016,New Jersey,NJ,T15,T15 Public Utilities Sales Tax,177,2016,1
Q1-2016,New Jersey,NJ,T16,T16 Tobacco Products Sales Tax,174,2016,1
Q1-2016,New Jersey,NJ,T19,T19 Other Selective Sales and Gross Receipts Taxes,139,2016,1
Q1-2016,New Jersey,NJ,T20,T20 Alcoholic Beverages License,0,2016,1
Q1-2016,New Jersey,NJ,T21,T21 Amusements License,13,2016,1
Q1-2016,New Jersey,NJ,T22,T22 Corporations In General License,43,2016,1
Q1-2016,New Jersey,NJ,T23,T23 Hunting and Fishing License,4,2016,1
Q1-2016,New Jersey,NJ,T24,T24 Motor Vehicles License,169,2016,1
Q1-2016,New Jersey,NJ,T25,T25 Motor Vehicle Operators License,15,2016,1
Q1-2016,New Jersey,NJ,T27,T27 Public Utilities License,0,2016,1
Q1-2016,New Jersey,NJ,T28,"T28 Occupation and Business License, Not Elsewhere Classified",107,2016,1
Q1-2016,New Jersey,NJ,T29,T29 Other License Taxes,0,2016,1
Q1-2016,New Jersey,NJ,T40,T40 Individual Income Taxes,3093,2016,1
Q1-2016,New Jersey,NJ,T41,T41 Corporation Net Income Taxes,388,2016,1
Q1-2016,New Jersey,NJ,T50,T50 Death and Gift Taxes,173,2016,1
Q1-2016,New Jersey,NJ,T51,T51 Documentary and Stock Transfer Taxes,136,2016,1
Q1-2016,New Jersey,NJ,TOTAL,Total Taxes,7410,2016,1
Q2-2016,New Jersey,NJ,T01,T01 Property Taxes,0,2016,2
Q2-2016,New Jersey,NJ,T09,T09 General Sales and Gross Receipts Taxes,3239,2016,2
Q2-2016,New Jersey,NJ,T10,T10 Alcoholic Beverages Sales Tax,51,2016,2
Q2-2016,New Jersey,NJ,T11,T11 Amusements Sales Tax,61,2016,2
Q2-2016,New Jersey,NJ,T12,T12 Insurance Premiums Sales Tax,233,2016,2
Q2-2016,New Jersey,NJ,T13,T13 Motor Fuels Sales Tax,201,2016,2
Q2-2016,New Jersey,NJ,T15,T15 Public Utilities Sales Tax,630,2016,2
Q2-2016,New Jersey,NJ,T16,T16 Tobacco Products Sales Tax,162,2016,2
Q2-2016,New Jersey,NJ,T19,T19 Other Selective Sales and Gross Receipts Taxes,379,2016,2
Q2-2016,New Jersey,NJ,T20,T20 Alcoholic Beverages License,4,2016,2
Q2-2016,New Jersey,NJ,T21,T21 Amusements License,1,2016,2
Q2-2016,New Jersey,NJ,T22,T22 Corporations In General License,98,2016,2
Q2-2016,New Jersey,NJ,T23,T23 Hunting and Fishing License,4,2016,2
Q2-2016,New Jersey,NJ,T24,T24 Motor Vehicles License,171,2016,2
Q2-2016,New Jersey,NJ,T25,T25 Motor Vehicle Operators License,15,2016,2
Q2-2016,New Jersey,NJ,T27,T27 Public Utilities License,7,2016,2
Q2-2016,New Jersey,NJ,T28,"T28 Occupation and Business License, Not Elsewhere Classified",166,2016,2
Q2-2016,New Jersey,NJ,T29,T29 Other License Taxes,1,2016,2
Q2-2016,New Jersey,NJ,T40,T40 Individual Income Taxes,4959,2016,2
Q2-2016,New Jersey,NJ,T41,T41 Corporation Net Income Taxes,878,2016,2
Q2-2016,New Jersey,NJ,T50,T50 Death and Gift Taxes,160,2016,2
Q2-2016,New Jersey,NJ,T51,T51 Documentary and Stock Transfer Taxes,160,2016,2
Q2-2016,New Jersey,NJ,TOTAL,Total Taxes,11581,2016,2
Q3-2016,New Jersey,NJ,T01,T01 Property Taxes,0,2016,3
Q3-2016,New Jersey,NJ,T09,T09 General Sales and Gross Receipts Taxes,1570,2016,3
Q3-2016,New Jersey,NJ,T10,T10 Alcoholic Beverages Sales Tax,19,2016,3
Q3-2016,New Jersey,NJ,T11,T11 Amusements Sales Tax,55,2016,3
Q3-2016,New Jersey,NJ,T12,T12 Insurance Premiums Sales Tax,-5,2016,3
Q3-2016,New Jersey,NJ,T13,T13 Motor Fuels Sales Tax,96,2016,3
Q3-2016,New Jersey,NJ,T15,T15 Public Utilities Sales Tax,89,2016,3
Q3-2016,New Jersey,NJ,T16,T16 Tobacco Products Sales Tax,182,2016,3
Q3-2016,New Jersey,NJ,T19,T19 Other Selective Sales and Gross Receipts Taxes,95,2016,3
Q3-2016,New Jersey,NJ,T20,T20 Alcoholic Beverages License,0,2016,3
Q3-2016,New Jersey,NJ,T21,T21 Amusements License,13,2016,3
Q3-2016,New Jersey,NJ,T22,T22 Corporations In General License,48,2016,3
Q3-2016,New Jersey,NJ,T23,T23 Hunting and Fishing License,2,2016,3
Q3-2016,New Jersey,NJ,T24,T24 Motor Vehicles License,158,2016,3
Q3-2016,New Jersey,NJ,T25,T25 Motor Vehicle Operators License,14,2016,3
Q3-2016,New Jersey,NJ,T27,T27 Public Utilities License,0,2016,3
Q3-2016,New Jersey,NJ,T28,"T28 Occupation and Business License, Not Elsewhere Classified",110,2016,3
Q3-2016,New Jersey,NJ,T29,T29 Other License Taxes,0,2016,3
Q3-2016,New Jersey,NJ,T40,T40 Individual Income Taxes,2340,2016,3
Q3-2016,New Jersey,NJ,T41,T41 Corporation Net Income Taxes,431,2016,3
Q3-2016,New Jersey,NJ,T50,T50 Death and Gift Taxes,178,2016,3
Q3-2016,New Jersey,NJ,T51,T51 Documentary and Stock Transfer Taxes,113,2016,3
Q3-2016,New Jersey,NJ,TOTAL,Total Taxes,5507,2016,3
Q4-2016,New Jersey,NJ,T01,T01 Property Taxes,5,2016,4
Q4-2016,New Jersey,NJ,T09,T09 General Sales and Gross Receipts Taxes,2304,2016,4
Q4-2016,New Jersey,NJ,T10,T10 Alcoholic Beverages Sales Tax,20,2016,4
Q4-2016,New Jersey,NJ,T11,T11 Amusements Sales Tax,50,2016,4
Q4-2016,New Jersey,NJ,T12,T12 Insurance Premiums Sales Tax,15,2016,4
Q4-2016,New Jersey,NJ,T13,T13 Motor Fuels Sales Tax,133,2016,4
Q4-2016,New Jersey,NJ,T15,T15 Public Utilities Sales Tax,101,2016,4
Q4-2016,New Jersey,NJ,T16,T16 Tobacco Products Sales Tax,190,2016,4
Q4-2016,New Jersey,NJ,T19,T19 Other Selective Sales and Gross Receipts Taxes,236,2016,4
Q4-2016,New Jersey,NJ,T20,T20 Alcoholic Beverages License,0,2016,4
Q4-2016,New Jersey,NJ,T21,T21 Amusements License,12,2016,4
Q4-2016,New Jersey,NJ,T22,T22 Corporations In General License,52,2016,4
Q4-2016,New Jersey,NJ,T23,T23 Hunting and Fishing License,5,2016,4
Q4-2016,New Jersey,NJ,T24,T24 Motor Vehicles License,151,2016,4
Q4-2016,New Jersey,NJ,T25,T25 Motor Vehicle Operators License,13,2016,4
Q4-2016,New Jersey,NJ,T27,T27 Public Utilities License,0,2016,4
Q4-2016,New Jersey,NJ,T28,"T28 Occupation and Business License, Not Elsewhere Classified",110,2016,4
Q4-2016,New Jersey,NJ,T29,T29 Other License Taxes,0,2016,4
Q4-2016,New Jersey,NJ,T40,T40 Individual Income Taxes,3085,2016,4
Q4-2016,New Jersey,NJ,T41,T41 Corporation Net Income Taxes,470,2016,4
Q4-2016,New Jersey,NJ,T50,T50 Death and Gift Taxes,222,2016,4
Q4-2016,New Jersey,NJ,T51,T51 Documentary and Stock Transfer Taxes,134,2016,4
Q4-2016,New Jersey,NJ,TOTAL,Total Taxes,7306,2016,4
Q1-2017,New Jersey,NJ,T01,T01 Property Taxes,0,2017,1
Q1-2017,New Jersey,NJ,T09,T09 General Sales and Gross Receipts Taxes,2267,2017,1
Q1-2017,New Jersey,NJ,T10,T10 Alcoholic Beverages Sales Tax,41,2017,1
Q1-2017,New Jersey,NJ,T11,T11 Amusements Sales Tax,51,2017,1
Q1-2017,New Jersey,NJ,T12,T12 Insurance Premiums Sales Tax,309,2017,1
Q1-2017,New Jersey,NJ,T13,T13 Motor Fuels Sales Tax,122,2017,1
Q1-2017,New Jersey,NJ,T15,T15 Public Utilities Sales Tax,233,2017,1
Q1-2017,New Jersey,NJ,T16,T16 Tobacco Products Sales Tax,163,2017,1
Q1-2017,New Jersey,NJ,T19,T19 Other Selective Sales and Gross Receipts Taxes,403,2017,1
Q1-2017,New Jersey,NJ,T20,T20 Alcoholic Beverages License,0,2017,1
Q1-2017,New Jersey,NJ,T21,T21 Amusements License,11,2017,1
Q1-2017,New Jersey,NJ,T22,T22 Corporations In General License,26,2017,1
Q1-2017,New Jersey,NJ,T23,T23 Hunting and Fishing License,4,2017,1
Q1-2017,New Jersey,NJ,T24,T24 Motor Vehicles License,167,2017,1
Q1-2017,New Jersey,NJ,T25,T25 Motor Vehicle Operators License,15,2017,1
Q1-2017,New Jersey,NJ,T27,T27 Public Utilities License,0,2017,1
Q1-2017,New Jersey,NJ,T28,"T28 Occupation and Business License, Not Elsewhere Classified",110,2017,1
Q1-2017,New Jersey,NJ,T29,T29 Other License Taxes,0,2017,1
Q1-2017,New Jersey,NJ,T40,T40 Individual Income Taxes,3375,2017,1
Q1-2017,New Jersey,NJ,T41,T41 Corporation Net Income Taxes,233,2017,1
Q1-2017,New Jersey,NJ,T50,T50 Death and Gift Taxes,176,2017,1
Q1-2017,New Jersey,NJ,T51,T51 Documentary and Stock Transfer Taxes,139,2017,1
Q1-2017,New Jersey,NJ,TOTAL,Total Taxes,7845,2017,1
Q2-2017,New Jersey,NJ,T01,T01 Property Taxes,0,2017,2
Q2-2017,New Jersey,NJ,T09,T09 General Sales and Gross Receipts Taxes,3452,2017,2
Q2-2017,New Jersey,NJ,T10,T10 Alcoholic Beverages Sales Tax,57,2017,2
Q2-2017,New Jersey,NJ,T11,T11 Amusements Sales Tax,64,2017,2
Q2-2017,New Jersey,NJ,T12,T12 Insurance Premiums Sales Tax,261,2017,2
Q2-2017,New Jersey,NJ,T13,T13 Motor Fuels Sales Tax,183,2017,2
Q2-2017,New Jersey,NJ,T15,T15 Public Utilities Sales Tax,561,2017,2
Q2-2017,New Jersey,NJ,T16,T16 Tobacco Products Sales Tax,162,2017,2
Q2-2017,New Jersey,NJ,T19,T19 Other Selective Sales and Gross Receipts Taxes,567,2017,2
Q2-2017,New Jersey,NJ,T20,T20 Alcoholic Beverages License,4,2017,2
Q2-2017,New Jersey,NJ,T21,T21 Amusements License,12,2017,2
Q2-2017,New Jersey,NJ,T22,T22 Corporations In General License,4,2017,2
Q2-2017,New Jersey,NJ,T23,T23 Hunting and Fishing License,4,2017,2
Q2-2017,New Jersey,NJ,T24,T24 Motor Vehicles License,191,2017,2
Q2-2017,New Jersey,NJ,T25,T25 Motor Vehicle Operators License,17,2017,2
Q2-2017,New Jersey,NJ,T27,T27 Public Utilities License,7,2017,2
Q2-2017,New Jersey,NJ,T28,"T28 Occupation and Business License, Not Elsewhere Classified",186,2017,2
Q2-2017,New Jersey,NJ,T29,T29 Other License Taxes,1,2017,2
Q2-2017,New Jersey,NJ,T40,T40 Individual Income Taxes,5158,2017,2
Q2-2017,New Jersey,NJ,T41,T41 Corporation Net Income Taxes,976,2017,2
Q2-2017,New Jersey,NJ,T50,T50 Death and Gift Taxes,172,2017,2
Q2-2017,New Jersey,NJ,T51,T51 Documentary and Stock Transfer Taxes,180,2017,2
Q2-2017,New Jersey,NJ,TOTAL,Total Taxes,12219,2017,2
Q3-2017,New Jersey,NJ,T01,T01 Property Taxes,0,2017,3
Q3-2017,New Jersey,NJ,T09,T09 General Sales and Gross Receipts Taxes,1548,2017,3
Q3-2017,New Jersey,NJ,T10,T10 Alcoholic Beverages Sales Tax,20,2017,3
Q3-2017,New Jersey,NJ,T11,T11 Amusements Sales Tax,51,2017,3
Q3-2017,New Jersey,NJ,T12,T12 Insurance Premiums Sales Tax,-5,2017,3
Q3-2017,New Jersey,NJ,T13,T13 Motor Fuels Sales Tax,87,2017,3
Q3-2017,New Jersey,NJ,T15,T15 Public Utilities Sales Tax,99,2017,3
Q3-2017,New Jersey,NJ,T16,T16 Tobacco Products Sales Tax,177,2017,3
Q3-2017,New Jersey,NJ,T19,T19 Other Selective Sales and Gross Receipts Taxes,344,2017,3
Q3-2017,New Jersey,NJ,T20,T20 Alcoholic Beverages License,0,2017,3
Q3-2017,New Jersey,NJ,T21,T21 Amusements License,14,2017,3
Q3-2017,New Jersey,NJ,T22,T22 Corporations In General License,46,2017,3
Q3-2017,New Jersey,NJ,T23,T23 Hunting and Fishing License,3,2017,3
Q3-2017,New Jersey,NJ,T24,T24 Motor Vehicles License,158,2017,3
Q3-2017,New Jersey,NJ,T25,T25 Motor Vehicle Operators License,14,2017,3
Q3-2017,New Jersey,NJ,T27,T27 Public Utilities License,0,2017,3
Q3-2017,New Jersey,NJ,T28,"T28 Occupation and Business License, Not Elsewhere Classified",107,2017,3
Q3-2017,New Jersey,NJ,T29,T29 Other License Taxes,0,2017,3
Q3-2017,New Jersey,NJ,T40,T40 Individual Income Taxes,2431,2017,3
Q3-2017,New Jersey,NJ,T41,T41 Corporation Net Income Taxes,415,2017,3
Q3-2017,New Jersey,NJ,T50,T50 Death and Gift Taxes,167,2017,3
Q3-2017,New Jersey,NJ,T51,T51 Documentary and Stock Transfer Taxes,114,2017,3
Q3-2017,New Jersey,NJ,TOTAL,Total Taxes,5791,2017,3
Q4-2017,New Jersey,NJ,T01,T01 Property Taxes,5,2017,4
Q4-2017,New Jersey,NJ,T09,T09 General Sales and Gross Receipts Taxes,2388,2017,4
Q4-2017,New Jersey,NJ,T10,T10 Alcoholic Beverages Sales Tax,21,2017,4
Q4-2017,New Jersey,NJ,T11,T11 Amusements Sales Tax,47,2017,4
Q4-2017,New Jersey,NJ,T12,T12 Insurance Premiums Sales Tax,-5,2017,4
Q4-2017,New Jersey,NJ,T13,T13 Motor Fuels Sales Tax,125,2017,4
Q4-2017,New Jersey,NJ,T15,T15 Public Utilities Sales Tax,81,2017,4
Q4-2017,New Jersey,NJ,T16,T16 Tobacco Products Sales Tax,169,2017,4
Q4-2017,New Jersey,NJ,T19,T19 Other Selective Sales and Gross Receipts Taxes,416,2017,4
Q4-2017,New Jersey,NJ,T20,T20 Alcoholic Beverages License,0,2017,4
Q4-2017,New Jersey,NJ,T21,T21 Amusements License,12,2017,4
Q4-2017,New Jersey,NJ,T22,T22 Corporations In General License,55,2017,4
Q4-2017,New Jersey,NJ,T23,T23 Hunting and Fishing License,5,2017,4
Q4-2017,New Jersey,NJ,T24,T24 Motor Vehicles License,151,2017,4
Q4-2017,New Jersey,NJ,T25,T25 Motor Vehicle Operators License,13,2017,4
Q4-2017,New Jersey,NJ,T27,T27 Public Utilities License,0,2017,4
Q4-2017,New Jersey,NJ,T28,"T28 Occupation and Business License, Not Elsewhere Classified",107,2017,4
Q4-2017,New Jersey,NJ,T29,T29 Other License Taxes,0,2017,4
Q4-2017,New Jersey,NJ,T40,T40 Individual Income Taxes,3630,2017,4
Q4-2017,New Jersey,NJ,T41,T41 Corporation Net Income Taxes,491,2017,4
Q4-2017,New Jersey,NJ,T50,T50 Death and Gift Taxes,153,2017,4
Q4-2017,New Jersey,NJ,T51,T51 Documentary and Stock Transfer Taxes,157,2017,4
Q4-2017,New Jersey,NJ,TOTAL,Total Taxes,8019,2017,4
Q1-2010,Oklahoma,OK,T01,T01 Property Taxes,0,2010,1
Q1-2010,Oklahoma,OK,T09,T09 General Sales and Gross Receipts Taxes,477,2010,1
Q1-2010,Oklahoma,OK,T10,T10 Alcoholic Beverages Sales Tax,21,2010,1
Q1-2010,Oklahoma,OK,T11,T11 Amusements Sales Tax,3,2010,1
Q1-2010,Oklahoma,OK,T12,T12 Insurance Premiums Sales Tax,28,2010,1
Q1-2010,Oklahoma,OK,T13,T13 Motor Fuels Sales Tax,102,2010,1
Q1-2010,Oklahoma,OK,T14,T14 Pari-Mutuels Sales Tax,0,2010,1
Q1-2010,Oklahoma,OK,T15,T15 Public Utilities Sales Tax,8,2010,1
Q1-2010,Oklahoma,OK,T16,T16 Tobacco Products Sales Tax,62,2010,1
Q1-2010,Oklahoma,OK,T19,T19 Other Selective Sales and Gross Receipts Taxes,2,2010,1
Q1-2010,Oklahoma,OK,T20,T20 Alcoholic Beverages License,0,2010,1
Q1-2010,Oklahoma,OK,T21,T21 Amusements License,0,2010,1
Q1-2010,Oklahoma,OK,T22,T22 Corporations In General License,12,2010,1
Q1-2010,Oklahoma,OK,T23,T23 Hunting and Fishing License,3,2010,1
Q1-2010,Oklahoma,OK,T24,T24 Motor Vehicles License,139,2010,1
Q1-2010,Oklahoma,OK,T25,T25 Motor Vehicle Operators License,4,2010,1
Q1-2010,Oklahoma,OK,T27,T27 Public Utilities License,0,2010,1
Q1-2010,Oklahoma,OK,T28,"T28 Occupation and Business License, Not Elsewhere Classified",0,2010,1
Q1-2010,Oklahoma,OK,T29,T29 Other License Taxes,1,2010,1
Q1-2010,Oklahoma,OK,T40,T40 Individual Income Taxes,427,2010,1
Q1-2010,Oklahoma,OK,T41,T41 Corporation Net Income Taxes,37,2010,1
Q1-2010,Oklahoma,OK,T50,T50 Death and Gift Taxes,3,2010,1
Q1-2010,Oklahoma,OK,T51,T51 Documentary and Stock Transfer Taxes,2,2010,1
Q1-2010,Oklahoma,OK,T53,T53 Severance Taxes,221,2010,1
Q1-2010,Oklahoma,OK,T99,"T99 Taxes, Not Elsewhere Classified",35,2010,1
Q1-2010,Oklahoma,OK,TOTAL,Total Taxes,1588,2010,1
Q2-2010,Oklahoma,OK,T01,T01 Property Taxes,0,2010,2
Q2-2010,Oklahoma,OK,T09,T09 General Sales and Gross Receipts Taxes,522,2010,2
Q2-2010,Oklahoma,OK,T10,T10 Alcoholic Beverages Sales Tax,24,2010,2
Q2-2010,Oklahoma,OK,T11,T11 Amusements Sales Tax,3,2010,2
Q2-2010,Oklahoma,OK,T12,T12 Insurance Premiums Sales Tax,77,2010,2
Q2-2010,Oklahoma,OK,T13,T13 Motor Fuels Sales Tax,109,2010,2
Q2-2010,Oklahoma,OK,T14,T14 Pari-Mutuels Sales Tax,0,2010,2
Q2-2010,Oklahoma,OK,T15,T15 Public Utilities Sales Tax,8,2010,2
Q2-2010,Oklahoma,OK,T16,T16 Tobacco Products Sales Tax,70,2010,2
Q2-2010,Oklahoma,OK,T19,T19 Other Selective Sales and Gross Receipts Taxes,4,2010,2
Q2-2010,Oklahoma,OK,T20,T20 Alcoholic Beverages License,0,2010,2
Q2-2010,Oklahoma,OK,T21,T21 Amusements License,3,2010,2
Q2-2010,Oklahoma,OK,T22,T22 Corporations In General License,6,2010,2
Q2-2010,Oklahoma,OK,T23,T23 Hunting and Fishing License,6,2010,2
Q2-2010,Oklahoma,OK,T24,T24 Motor Vehicles License,149,2010,2
Q2-2010,Oklahoma,OK,T25,T25 Motor Vehicle Operators License,4,2010,2
Q2-2010,Oklahoma,OK,T27,T27 Public Utilities License,0,2010,2
Q2-2010,Oklahoma,OK,T28,"T28 Occupation and Business License, Not Elsewhere Classified",0,2010,2
Q2-2010,Oklahoma,OK,T29,T29 Other License Taxes,7,2010,2
Q2-2010,Oklahoma,OK,T40,T40 Individual Income Taxes,670,2010,2
Q2-2010,Oklahoma,OK,T41,T41 Corporation Net Income Taxes,85,2010,2
Q2-2010,Oklahoma,OK,T50,T50 Death and Gift Taxes,4,2010,2
Q2-2010,Oklahoma,OK,T51,T51 Documentary and Stock Transfer Taxes,3,2010,2
Q2-2010,Oklahoma,OK,T53,T53 Severance Taxes,204,2010,2
Q2-2010,Oklahoma,OK,T99,"T99 Taxes, Not Elsewhere Classified",24,2010,2
Q2-2010,Oklahoma,OK,TOTAL,Total Taxes,1980,2010,2
Q3-2010,Oklahoma,OK,T01,T01 Property Taxes,0,2010,3
Q3-2010,Oklahoma,OK,T09,T09 General Sales and Gross Receipts Taxes,540,2010,3
Q3-2010,Oklahoma,OK,T10,T10 Alcoholic Beverages Sales Tax,26,2010,3
Q3-2010,Oklahoma,OK,T11,T11 Amusements Sales Tax,4,2010,3
Q3-2010,Oklahoma,OK,T12,T12 Insurance Premiums Sales Tax,39,2010,3
Q3-2010,Oklahoma,OK,T13,T13 Motor Fuels Sales Tax,116,2010,3
Q3-2010,Oklahoma,OK,T14,T14 Pari-Mutuels Sales Tax,0,2010,3
Q3-2010,Oklahoma,OK,T15,T15 Public Utilities Sales Tax,9,2010,3
Q3-2010,Oklahoma,OK,T16,T16 Tobacco Products Sales Tax,71,2010,3
Q3-2010,Oklahoma,OK,T19,T19 Other Selective Sales and Gross Receipts Taxes,4,2010,3
Q3-2010,Oklahoma,OK,T20,T20 Alcoholic Beverages License,0,2010,3
Q3-2010,Oklahoma,OK,T21,T21 Amusements License,0,2010,3
Q3-2010,Oklahoma,OK,T22,T22 Corporations In General License,25,2010,3
Q3-2010,Oklahoma,OK,T23,T23 Hunting and Fishing License,3,2010,3
Q3-2010,Oklahoma,OK,T24,T24 Motor Vehicles License,160,2010,3
Q3-2010,Oklahoma,OK,T25,T25 Motor Vehicle Operators License,4,2010,3
Q3-2010,Oklahoma,OK,T27,T27 Public Utilities License,0,2010,3
Q3-2010,Oklahoma,OK,T28,"T28 Occupation and Business License, Not Elsewhere Classified",1,2010,3
Q3-2010,Oklahoma,OK,T29,T29 Other License Taxes,5,2010,3
Q3-2010,Oklahoma,OK,T40,T40 Individual Income Taxes,618,2010,3
Q3-2010,Oklahoma,OK,T41,T41 Corporation Net Income Taxes,65,2010,3
Q3-2010,Oklahoma,OK,T50,T50 Death and Gift Taxes,3,2010,3
Q3-2010,Oklahoma,OK,T51,T51 Documentary and Stock Transfer Taxes,3,2010,3
Q3-2010,Oklahoma,OK,T53,T53 Severance Taxes,192,2010,3
Q3-2010,Oklahoma,OK,T99,"T99 Taxes, Not Elsewhere Classified",11,2010,3
Q3-2010,Oklahoma,OK,TOTAL,Total Taxes,1900,2010,3
Q4-2010,Oklahoma,OK,T01,T01 Property Taxes,0,2010,4
Q4-2010,Oklahoma,OK,T09,T09 General Sales and Gross Receipts Taxes,546,2010,4
Q4-2010,Oklahoma,OK,T10,T10 Alcoholic Beverages Sales Tax,25,2010,4
Q4-2010,Oklahoma,OK,T11,T11 Amusements Sales Tax,6,2010,4
Q4-2010,Oklahoma,OK,T12,T12 Insurance Premiums Sales Tax,36,2010,4
Q4-2010,Oklahoma,OK,T13,T13 Motor Fuels Sales Tax,110,2010,4
Q4-2010,Oklahoma,OK,T14,T14 Pari-Mutuels Sales Tax,0,2010,4
Q4-2010,Oklahoma,OK,T15,T15 Public Utilities Sales Tax,8,2010,4
Q4-2010,Oklahoma,OK,T16,T16 Tobacco Products Sales Tax,69,2010,4
Q4-2010,Oklahoma,OK,T19,T19 Other Selective Sales and Gross Receipts Taxes,4,2010,4
Q4-2010,Oklahoma,OK,T20,T20 Alcoholic Beverages License,0,2010,4
Q4-2010,Oklahoma,OK,T21,T21 Amusements License,0,2010,4
Q4-2010,Oklahoma,OK,T22,T22 Corporations In General License,2,2010,4
Q4-2010,Oklahoma,OK,T23,T23 Hunting and Fishing License,7,2010,4
Q4-2010,Oklahoma,OK,T24,T24 Motor Vehicles License,134,2010,4
Q4-2010,Oklahoma,OK,T25,T25 Motor Vehicle Operators License,4,2010,4
Q4-2010,Oklahoma,OK,T27,T27 Public Utilities License,0,2010,4
Q4-2010,Oklahoma,OK,T28,"T28 Occupation and Business License, Not Elsewhere Classified",0,2010,4
Q4-2010,Oklahoma,OK,T29,T29 Other License Taxes,1,2010,4
Q4-2010,Oklahoma,OK,T40,T40 Individual Income Taxes,609,2010,4
Q4-2010,Oklahoma,OK,T41,T41 Corporation Net Income Taxes,49,2010,4
Q4-2010,Oklahoma,OK,T50,T50 Death and Gift Taxes,1,2010,4
Q4-2010,Oklahoma,OK,T51,T51 Documentary and Stock Transfer Taxes,3,2010,4
Q4-2010,Oklahoma,OK,T53,T53 Severance Taxes,184,2010,4
Q4-2010,Oklahoma,OK,T99,"T99 Taxes, Not Elsewhere Classified",10,2010,4
Q4-2010,Oklahoma,OK,TOTAL,Total Taxes,1807,2010,4
Q1-2011,Oklahoma,OK,T09,T09 General Sales and Gross Receipts Taxes,530,2011,1
Q1-2011,Oklahoma,OK,T10,T10 Alcoholic Beverages Sales Tax,22,2011,1
Q1-2011,Oklahoma,OK,T11,T11 Amusements Sales Tax,4,2011,1
Q1-2011,Oklahoma,OK,T12,T12 Insurance Premiums Sales Tax,40,2011,1
Q1-2011,Oklahoma,OK,T13,T13 Motor Fuels Sales Tax,102,2011,1
Q1-2011,Oklahoma,OK,T14,T14 Pari-Mutuels Sales Tax,0,2011,1
Q1-2011,Oklahoma,OK,T15,T15 Public Utilities Sales Tax,9,2011,1
Q1-2011,Oklahoma,OK,T16,T16 Tobacco Products Sales Tax,64,2011,1
Q1-2011,Oklahoma,OK,T19,T19 Other Selective Sales and Gross Receipts Taxes,2,2011,1
Q1-2011,Oklahoma,OK,T20,T20 Alcoholic Beverages License,0,2011,1
Q1-2011,Oklahoma,OK,T21,T21 Amusements License,0,2011,1
Q1-2011,Oklahoma,OK,T22,T22 Corporations In General License,2,2011,1
Q1-2011,Oklahoma,OK,T23,T23 Hunting and Fishing License,4,2011,1
Q1-2011,Oklahoma,OK,T24,T24 Motor Vehicles License,155,2011,1
Q1-2011,Oklahoma,OK,T25,T25 Motor Vehicle Operators License,4,2011,1
Q1-2011,Oklahoma,OK,T27,T27 Public Utilities License,0,2011,1
Q1-2011,Oklahoma,OK,T28,"T28 Occupation and Business License, Not Elsewhere Classified",0,2011,1
Q1-2011,Oklahoma,OK,T29,T29 Other License Taxes,1,2011,1
Q1-2011,Oklahoma,OK,T40,T40 Individual Income Taxes,448,2011,1
Q1-2011,Oklahoma,OK,T41,T41 Corporation Net Income Taxes,108,2011,1
Q1-2011,Oklahoma,OK,T50,T50 Death and Gift Taxes,1,2011,1
Q1-2011,Oklahoma,OK,T51,T51 Documentary and Stock Transfer Taxes,2,2011,1
Q1-2011,Oklahoma,OK,T53,T53 Severance Taxes,223,2011,1
Q1-2011,Oklahoma,OK,T99,"T99 Taxes, Not Elsewhere Classified",33,2011,1
Q1-2011,Oklahoma,OK,TOTAL,Total Taxes,1756,2011,1
Q2-2011,Oklahoma,OK,T09,T09 General Sales and Gross Receipts Taxes,576,2011,2
Q2-2011,Oklahoma,OK,T10,T10 Alcoholic Beverages Sales Tax,27,2011,2
Q2-2011,Oklahoma,OK,T11,T11 Amusements Sales Tax,3,2011,2
Q2-2011,Oklahoma,OK,T12,T12 Insurance Premiums Sales Tax,85,2011,2
Q2-2011,Oklahoma,OK,T13,T13 Motor Fuels Sales Tax,112,2011,2
Q2-2011,Oklahoma,OK,T14,T14 Pari-Mutuels Sales Tax,0,2011,2
Q2-2011,Oklahoma,OK,T15,T15 Public Utilities Sales Tax,8,2011,2
Q2-2011,Oklahoma,OK,T16,T16 Tobacco Products Sales Tax,75,2011,2
Q2-2011,Oklahoma,OK,T19,T19 Other Selective Sales and Gross Receipts Taxes,3,2011,2
Q2-2011,Oklahoma,OK,T20,T20 Alcoholic Beverages License,0,2011,2
Q2-2011,Oklahoma,OK,T21,T21 Amusements License,3,2011,2
Q2-2011,Oklahoma,OK,T22,T22 Corporations In General License,10,2011,2
Q2-2011,Oklahoma,OK,T23,T23 Hunting and Fishing License,5,2011,2
Q2-2011,Oklahoma,OK,T24,T24 Motor Vehicles License,165,2011,2
Q2-2011,Oklahoma,OK,T25,T25 Motor Vehicle Operators License,4,2011,2
Q2-2011,Oklahoma,OK,T27,T27 Public Utilities License,0,2011,2
Q2-2011,Oklahoma,OK,T28,"T28 Occupation and Business License, Not Elsewhere Classified",0,2011,2
Q2-2011,Oklahoma,OK,T29,T29 Other License Taxes,9,2011,2
Q2-2011,Oklahoma,OK,T40,T40 Individual Income Taxes,802,2011,2
Q2-2011,Oklahoma,OK,T41,T41 Corporation Net Income Taxes,134,2011,2
Q2-2011,Oklahoma,OK,T50,T50 Death and Gift Taxes,1,2011,2
Q2-2011,Oklahoma,OK,T51,T51 Documentary and Stock Transfer Taxes,3,2011,2
Q2-2011,Oklahoma,OK,T53,T53 Severance Taxes,230,2011,2
Q2-2011,Oklahoma,OK,T99,"T99 Taxes, Not Elsewhere Classified",24,2011,2
Q2-2011,Oklahoma,OK,TOTAL,Total Taxes,2280,2011,2
Q3-2011,Oklahoma,OK,T09,T09 General Sales and Gross Receipts Taxes,585,2011,3
Q3-2011,Oklahoma,OK,T10,T10 Alcoholic Beverages Sales Tax,25,2011,3
Q3-2011,Oklahoma,OK,T11,T11 Amusements Sales Tax,5,2011,3
Q3-2011,Oklahoma,OK,T12,T12 Insurance Premiums Sales Tax,47,2011,3
Q3-2011,Oklahoma,OK,T13,T13 Motor Fuels Sales Tax,114,2011,3
Q3-2011,Oklahoma,OK,T14,T14 Pari-Mutuels Sales Tax,0,2011,3
Q3-2011,Oklahoma,OK,T15,T15 Public Utilities Sales Tax,11,2011,3
Q3-2011,Oklahoma,OK,T16,T16 Tobacco Products Sales Tax,76,2011,3
Q3-2011,Oklahoma,OK,T19,T19 Other Selective Sales and Gross Receipts Taxes,42,2011,3
Q3-2011,Oklahoma,OK,T20,T20 Alcoholic Beverages License,0,2011,3
Q3-2011,Oklahoma,OK,T21,T21 Amusements License,3,2011,3
Q3-2011,Oklahoma,OK,T22,T22 Corporations In General License,33,2011,3
Q3-2011,Oklahoma,OK,T23,T23 Hunting and Fishing License,5,2011,3
Q3-2011,Oklahoma,OK,T24,T24 Motor Vehicles License,164,2011,3
Q3-2011,Oklahoma,OK,T25,T25 Motor Vehicle Operators License,4,2011,3
Q3-2011,Oklahoma,OK,T27,T27 Public Utilities License,0,2011,3
Q3-2011,Oklahoma,OK,T28,"T28 Occupation and Business License, Not Elsewhere Classified",0,2011,3
Q3-2011,Oklahoma,OK,T29,T29 Other License Taxes,10,2011,3
Q3-2011,Oklahoma,OK,T40,T40 Individual Income Taxes,684,2011,3
Q3-2011,Oklahoma,OK,T41,T41 Corporation Net Income Taxes,69,2011,3
Q3-2011,Oklahoma,OK,T50,T50 Death and Gift Taxes,-4,2011,3
Q3-2011,Oklahoma,OK,T51,T51 Documentary and Stock Transfer Taxes,3,2011,3
Q3-2011,Oklahoma,OK,T53,T53 Severance Taxes,283,2011,3
Q3-2011,Oklahoma,OK,T99,"T99 Taxes, Not Elsewhere Classified",0,2011,3
Q3-2011,Oklahoma,OK,TOTAL,Total Taxes,2160,2011,3
Q4-2011,Oklahoma,OK,T09,T09 General Sales and Gross Receipts Taxes,592,2011,4
Q4-2011,Oklahoma,OK,T10,T10 Alcoholic Beverages Sales Tax,26,2011,4
Q4-2011,Oklahoma,OK,T11,T11 Amusements Sales Tax,6,2011,4
Q4-2011,Oklahoma,OK,T12,T12 Insurance Premiums Sales Tax,47,2011,4
Q4-2011,Oklahoma,OK,T13,T13 Motor Fuels Sales Tax,108,2011,4
Q4-2011,Oklahoma,OK,T14,T14 Pari-Mutuels Sales Tax,0,2011,4
Q4-2011,Oklahoma,OK,T15,T15 Public Utilities Sales Tax,9,2011,4
Q4-2011,Oklahoma,OK,T16,T16 Tobacco Products Sales Tax,71,2011,4
Q4-2011,Oklahoma,OK,T19,T19 Other Selective Sales and Gross Receipts Taxes,42,2011,4
Q4-2011,Oklahoma,OK,T20,T20 Alcoholic Beverages License,0,2011,4
Q4-2011,Oklahoma,OK,T21,T21 Amusements License,0,2011,4
Q4-2011,Oklahoma,OK,T22,T22 Corporations In General License,2,2011,4
Q4-2011,Oklahoma,OK,T23,T23 Hunting and Fishing License,7,2011,4
Q4-2011,Oklahoma,OK,T24,T24 Motor Vehicles License,155,2011,4
Q4-2011,Oklahoma,OK,T25,T25 Motor Vehicle Operators License,3,2011,4
Q4-2011,Oklahoma,OK,T27,T27 Public Utilities License,0,2011,4
Q4-2011,Oklahoma,OK,T28,"T28 Occupation and Business License, Not Elsewhere Classified",0,2011,4
Q4-2011,Oklahoma,OK,T29,T29 Other License Taxes,1,2011,4
Q4-2011,Oklahoma,OK,T40,T40 Individual Income Taxes,702,2011,4
Q4-2011,Oklahoma,OK,T41,T41 Corporation Net Income Taxes,87,2011,4
Q4-2011,Oklahoma,OK,T50,T50 Death and Gift Taxes,0,2011,4
Q4-2011,Oklahoma,OK,T51,T51 Documentary and Stock Transfer Taxes,3,2011,4
Q4-2011,Oklahoma,OK,T53,T53 Severance Taxes,206,2011,4
Q4-2011,Oklahoma,OK,T99,"T99 Taxes, Not Elsewhere Classified",0,2011,4
Q4-2011,Oklahoma,OK,TOTAL,Total Taxes,2069,2011,4
Q1-2012,Oklahoma,OK,T09,T09 General Sales and Gross Receipts Taxes,608,2012,1
Q1-2012,Oklahoma,OK,T10,T10 Alcoholic Beverages Sales Tax,25,2012,1
Q1-2012,Oklahoma,OK,T11,T11 Amusements Sales Tax,4,2012,1
Q1-2012,Oklahoma,OK,T12,T12 Insurance Premiums Sales Tax,46,2012,1
Q1-2012,Oklahoma,OK,T13,T13 Motor Fuels Sales Tax,107,2012,1
Q1-2012,Oklahoma,OK,T14,T14 Pari-Mutuels Sales Tax,0,2012,1
Q1-2012,Oklahoma,OK,T15,T15 Public Utilities Sales Tax,10,2012,1
Q1-2012,Oklahoma,OK,T16,T16 Tobacco Products Sales Tax,71,2012,1
Q1-2012,Oklahoma,OK,T19,T19 Other Selective Sales and Gross Receipts Taxes,42,2012,1
Q1-2012,Oklahoma,OK,T20,T20 Alcoholic Beverages License,0,2012,1
Q1-2012,Oklahoma,OK,T21,T21 Amusements License,0,2012,1
Q1-2012,Oklahoma,OK,T22,T22 Corporations In General License,4,2012,1
Q1-2012,Oklahoma,OK,T23,T23 Hunting and Fishing License,3,2012,1
Q1-2012,Oklahoma,OK,T24,T24 Motor Vehicles License,167,2012,1
Q1-2012,Oklahoma,OK,T25,T25 Motor Vehicle Operators License,4,2012,1
Q1-2012,Oklahoma,OK,T27,T27 Public Utilities License,0,2012,1
Q1-2012,Oklahoma,OK,T28,"T28 Occupation and Business License, Not Elsewhere Classified",0,2012,1
Q1-2012,Oklahoma,OK,T29,T29 Other License Taxes,1,2012,1
Q1-2012,Oklahoma,OK,T40,T40 Individual Income Taxes,506,2012,1
Q1-2012,Oklahoma,OK,T41,T41 Corporation Net Income Taxes,112,2012,1
Q1-2012,Oklahoma,OK,T50,T50 Death and Gift Taxes,0,2012,1
Q1-2012,Oklahoma,OK,T51,T51 Documentary and Stock Transfer Taxes,3,2012,1
Q1-2012,Oklahoma,OK,T53,T53 Severance Taxes,203,2012,1
Q1-2012,Oklahoma,OK,T99,"T99 Taxes, Not Elsewhere Classified",0,2012,1
Q1-2012,Oklahoma,OK,TOTAL,Total Taxes,1917,2012,1
Q2-2012,Oklahoma,OK,T09,T09 General Sales and Gross Receipts Taxes,632,2012,2
Q2-2012,Oklahoma,OK,T10,T10 Alcoholic Beverages Sales Tax,28,2012,2
Q2-2012,Oklahoma,OK,T11,T11 Amusements Sales Tax,3,2012,2
Q2-2012,Oklahoma,OK,T12,T12 Insurance Premiums Sales Tax,89,2012,2
Q2-2012,Oklahoma,OK,T13,T13 Motor Fuels Sales Tax,115,2012,2
Q2-2012,Oklahoma,OK,T14,T14 Pari-Mutuels Sales Tax,1,2012,2
Q2-2012,Oklahoma,OK,T15,T15 Public Utilities Sales Tax,9,2012,2
Q2-2012,Oklahoma,OK,T16,T16 Tobacco Products Sales Tax,75,2012,2
Q2-2012,Oklahoma,OK,T19,T19 Other Selective Sales and Gross Receipts Taxes,43,2012,2
Q2-2012,Oklahoma,OK,T20,T20 Alcoholic Beverages License,0,2012,2
Q2-2012,Oklahoma,OK,T21,T21 Amusements License,3,2012,2
Q2-2012,Oklahoma,OK,T22,T22 Corporations In General License,11,2012,2
Q2-2012,Oklahoma,OK,T23,T23 Hunting and Fishing License,7,2012,2
Q2-2012,Oklahoma,OK,T24,T24 Motor Vehicles License,180,2012,2
Q2-2012,Oklahoma,OK,T25,T25 Motor Vehicle Operators License,4,2012,2
Q2-2012,Oklahoma,OK,T27,T27 Public Utilities License,0,2012,2
Q2-2012,Oklahoma,OK,T28,"T28 Occupation and Business License, Not Elsewhere Classified",0,2012,2
Q2-2012,Oklahoma,OK,T29,T29 Other License Taxes,9,2012,2
Q2-2012,Oklahoma,OK,T40,T40 Individual Income Taxes,883,2012,2
Q2-2012,Oklahoma,OK,T41,T41 Corporation Net Income Taxes,177,2012,2
Q2-2012,Oklahoma,OK,T50,T50 Death and Gift Taxes,0,2012,2
Q2-2012,Oklahoma,OK,T51,T51 Documentary and Stock Transfer Taxes,4,2012,2
Q2-2012,Oklahoma,OK,T53,T53 Severance Taxes,157,2012,2
Q2-2012,Oklahoma,OK,T99,"T99 Taxes, Not Elsewhere Classified",0,2012,2
Q2-2012,Oklahoma,OK,TOTAL,Total Taxes,2429,2012,2
Q3-2012,Oklahoma,OK,T09,T09 General Sales and Gross Receipts Taxes,642,2012,3
Q3-2012,Oklahoma,OK,T10,T10 Alcoholic Beverages Sales Tax,30,2012,3
Q3-2012,Oklahoma,OK,T11,T11 Amusements Sales Tax,6,2012,3
Q3-2012,Oklahoma,OK,T12,T12 Insurance Premiums Sales Tax,55,2012,3
Q3-2012,Oklahoma,OK,T13,T13 Motor Fuels Sales Tax,106,2012,3
Q3-2012,Oklahoma,OK,T14,T14 Pari-Mutuels Sales Tax,0,2012,3
Q3-2012,Oklahoma,OK,T15,T15 Public Utilities Sales Tax,11,2012,3
Q3-2012,Oklahoma,OK,T16,T16 Tobacco Products Sales Tax,75,2012,3
Q3-2012,Oklahoma,OK,T19,T19 Other Selective Sales and Gross Receipts Taxes,42,2012,3
Q3-2012,Oklahoma,OK,T20,T20 Alcoholic Beverages License,0,2012,3
Q3-2012,Oklahoma,OK,T21,T21 Amusements License,1,2012,3
Q3-2012,Oklahoma,OK,T22,T22 Corporations In General License,27,2012,3
Q3-2012,Oklahoma,OK,T23,T23 Hunting and Fishing License,3,2012,3
Q3-2012,Oklahoma,OK,T24,T24 Motor Vehicles License,174,2012,3
Q3-2012,Oklahoma,OK,T25,T25 Motor Vehicle Operators License,4,2012,3
Q3-2012,Oklahoma,OK,T27,T27 Public Utilities License,0,2012,3
Q3-2012,Oklahoma,OK,T28,"T28 Occupation and Business License, Not Elsewhere Classified",0,2012,3
Q3-2012,Oklahoma,OK,T29,T29 Other License Taxes,9,2012,3
Q3-2012,Oklahoma,OK,T40,T40 Individual Income Taxes,704,2012,3
Q3-2012,Oklahoma,OK,T41,T41 Corporation Net Income Taxes,123,2012,3
Q3-2012,Oklahoma,OK,T50,T50 Death and Gift Taxes,0,2012,3
Q3-2012,Oklahoma,OK,T51,T51 Documentary and Stock Transfer Taxes,4,2012,3
Q3-2012,Oklahoma,OK,T53,T53 Severance Taxes,111,2012,3
Q3-2012,Oklahoma,OK,T99,"T99 Taxes, Not Elsewhere Classified",0,2012,3
Q3-2012,Oklahoma,OK,TOTAL,Total Taxes,2127,2012,3
Q4-2012,Oklahoma,OK,T09,T09 General Sales and Gross Receipts Taxes,633,2012,4
Q4-2012,Oklahoma,OK,T10,T10 Alcoholic Beverages Sales Tax,29,2012,4
Q4-2012,Oklahoma,OK,T11,T11 Amusements Sales Tax,7,2012,4
Q4-2012,Oklahoma,OK,T12,T12 Insurance Premiums Sales Tax,57,2012,4
Q4-2012,Oklahoma,OK,T13,T13 Motor Fuels Sales Tax,117,2012,4
Q4-2012,Oklahoma,OK,T14,T14 Pari-Mutuels Sales Tax,0,2012,4
Q4-2012,Oklahoma,OK,T15,T15 Public Utilities Sales Tax,10,2012,4
Q4-2012,Oklahoma,OK,T16,T16 Tobacco Products Sales Tax,72,2012,4
Q4-2012,Oklahoma,OK,T19,T19 Other Selective Sales and Gross Receipts Taxes,42,2012,4
Q4-2012,Oklahoma,OK,T20,T20 Alcoholic Beverages License,0,2012,4
Q4-2012,Oklahoma,OK,T21,T21 Amusements License,0,2012,4
Q4-2012,Oklahoma,OK,T22,T22 Corporations In General License,3,2012,4
Q4-2012,Oklahoma,OK,T23,T23 Hunting and Fishing License,8,2012,4
Q4-2012,Oklahoma,OK,T24,T24 Motor Vehicles License,155,2012,4
Q4-2012,Oklahoma,OK,T25,T25 Motor Vehicle Operators License,4,2012,4
Q4-2012,Oklahoma,OK,T27,T27 Public Utilities License,0,2012,4
Q4-2012,Oklahoma,OK,T28,"T28 Occupation and Business License, Not Elsewhere Classified",0,2012,4
Q4-2012,Oklahoma,OK,T29,T29 Other License Taxes,1,2012,4
Q4-2012,Oklahoma,OK,T40,T40 Individual Income Taxes,749,2012,4
Q4-2012,Oklahoma,OK,T41,T41 Corporation Net Income Taxes,112,2012,4
Q4-2012,Oklahoma,OK,T50,T50 Death and Gift Taxes,0,2012,4
Q4-2012,Oklahoma,OK,T51,T51 Documentary and Stock Transfer Taxes,4,2012,4
Q4-2012,Oklahoma,OK,T53,T53 Severance Taxes,118,2012,4
Q4-2012,Oklahoma,OK,T99,"T99 Taxes, Not Elsewhere Classified",0,2012,4
Q4-2012,Oklahoma,OK,TOTAL,Total Taxes,2123,2012,4
Q1-2013,Oklahoma,OK,T09,T09 General Sales and Gross Receipts Taxes,612,2013,1
Q1-2013,Oklahoma,OK,T10,T10 Alcoholic Beverages Sales Tax,24,2013,1
Q1-2013,Oklahoma,OK,T11,T11 Amusements Sales Tax,4,2013,1
Q1-2013,Oklahoma,OK,T12,T12 Insurance Premiums Sales Tax,48,2013,1
Q1-2013,Oklahoma,OK,T13,T13 Motor Fuels Sales Tax,104,2013,1
Q1-2013,Oklahoma,OK,T14,T14 Pari-Mutuels Sales Tax,0,2013,1
Q1-2013,Oklahoma,OK,T15,T15 Public Utilities Sales Tax,10,2013,1
Q1-2013,Oklahoma,OK,T16,T16 Tobacco Products Sales Tax,64,2013,1
Q1-2013,Oklahoma,OK,T19,T19 Other Selective Sales and Gross Receipts Taxes,43,2013,1
Q1-2013,Oklahoma,OK,T20,T20 Alcoholic Beverages License,0,2013,1
Q1-2013,Oklahoma,OK,T21,T21 Amusements License,0,2013,1
Q1-2013,Oklahoma,OK,T22,T22 Corporations In General License,4,2013,1
Q1-2013,Oklahoma,OK,T23,T23 Hunting and Fishing License,3,2013,1
Q1-2013,Oklahoma,OK,T24,T24 Motor Vehicles License,155,2013,1
Q1-2013,Oklahoma,OK,T25,T25 Motor Vehicle Operators License,4,2013,1
Q1-2013,Oklahoma,OK,T27,T27 Public Utilities License,0,2013,1
Q1-2013,Oklahoma,OK,T28,"T28 Occupation and Business License, Not Elsewhere Classified",0,2013,1
Q1-2013,Oklahoma,OK,T29,T29 Other License Taxes,1,2013,1
Q1-2013,Oklahoma,OK,T40,T40 Individual Income Taxes,516,2013,1
Q1-2013,Oklahoma,OK,T41,T41 Corporation Net Income Taxes,148,2013,1
Q1-2013,Oklahoma,OK,T50,T50 Death and Gift Taxes,0,2013,1
Q1-2013,Oklahoma,OK,T51,T51 Documentary and Stock Transfer Taxes,4,2013,1
Q1-2013,Oklahoma,OK,T53,T53 Severance Taxes,148,2013,1
Q1-2013,Oklahoma,OK,T99,"T99 Taxes, Not Elsewhere Classified",0,2013,1
Q1-2013,Oklahoma,OK,TOTAL,Total Taxes,1894,2013,1
Q2-2013,Oklahoma,OK,T01,T01 Property Taxes,0,2013,2
Q2-2013,Oklahoma,OK,T09,T09 General Sales and Gross Receipts Taxes,631,2013,2
Q2-2013,Oklahoma,OK,T10,T10 Alcoholic Beverages Sales Tax,28,2013,2
Q2-2013,Oklahoma,OK,T11,T11 Amusements Sales Tax,4,2013,2
Q2-2013,Oklahoma,OK,T12,T12 Insurance Premiums Sales Tax,108,2013,2
Q2-2013,Oklahoma,OK,T13,T13 Motor Fuels Sales Tax,108,2013,2
Q2-2013,Oklahoma,OK,T14,T14 Pari-Mutuels Sales Tax,0,2013,2
Q2-2013,Oklahoma,OK,T15,T15 Public Utilities Sales Tax,10,2013,2
Q2-2013,Oklahoma,OK,T16,T16 Tobacco Products Sales Tax,72,2013,2
Q2-2013,Oklahoma,OK,T19,T19 Other Selective Sales and Gross Receipts Taxes,42,2013,2
Q2-2013,Oklahoma,OK,T20,T20 Alcoholic Beverages License,0,2013,2
Q2-2013,Oklahoma,OK,T21,T21 Amusements License,3,2013,2
Q2-2013,Oklahoma,OK,T22,T22 Corporations In General License,11,2013,2
Q2-2013,Oklahoma,OK,T23,T23 Hunting and Fishing License,6,2013,2
Q2-2013,Oklahoma,OK,T24,T24 Motor Vehicles License,165,2013,2
Q2-2013,Oklahoma,OK,T25,T25 Motor Vehicle Operators License,4,2013,2
Q2-2013,Oklahoma,OK,T27,T27 Public Utilities License,0,2013,2
Q2-2013,Oklahoma,OK,T28,"T28 Occupation and Business License, Not Elsewhere Classified",0,2013,2
Q2-2013,Oklahoma,OK,T29,T29 Other License Taxes,1,2013,2
Q2-2013,Oklahoma,OK,T40,T40 Individual Income Taxes,947,2013,2
Q2-2013,Oklahoma,OK,T41,T41 Corporation Net Income Taxes,202,2013,2
Q2-2013,Oklahoma,OK,T50,T50 Death and Gift Taxes,0,2013,2
Q2-2013,Oklahoma,OK,T51,T51 Documentary and Stock Transfer Taxes,4,2013,2
Q2-2013,Oklahoma,OK,T53,T53 Severance Taxes,139,2013,2
Q2-2013,Oklahoma,OK,T99,"T99 Taxes, Not Elsewhere Classified",28,2013,2
Q2-2013,Oklahoma,OK,TOTAL,Total Taxes,2514,2013,2
Q3-2013,Oklahoma,OK,T01,T01 Property Taxes,0,2013,3
Q3-2013,Oklahoma,OK,T09,T09 General Sales and Gross Receipts Taxes,648,2013,3
Q3-2013,Oklahoma,OK,T10,T10 Alcoholic Beverages Sales Tax,29,2013,3
Q3-2013,Oklahoma,OK,T11,T11 Amusements Sales Tax,6,2013,3
Q3-2013,Oklahoma,OK,T12,T12 Insurance Premiums Sales Tax,62,2013,3
Q3-2013,Oklahoma,OK,T13,T13 Motor Fuels Sales Tax,115,2013,3
Q3-2013,Oklahoma,OK,T14,T14 Pari-Mutuels Sales Tax,0,2013,3
Q3-2013,Oklahoma,OK,T15,T15 Public Utilities Sales Tax,11,2013,3
Q3-2013,Oklahoma,OK,T16,T16 Tobacco Products Sales Tax,71,2013,3
Q3-2013,Oklahoma,OK,T19,T19 Other Selective Sales and Gross Receipts Taxes,43,2013,3
Q3-2013,Oklahoma,OK,T20,T20 Alcoholic Beverages License,0,2013,3
Q3-2013,Oklahoma,OK,T21,T21 Amusements License,1,2013,3
Q3-2013,Oklahoma,OK,T22,T22 Corporations In General License,25,2013,3
Q3-2013,Oklahoma,OK,T23,T23 Hunting and Fishing License,3,2013,3
Q3-2013,Oklahoma,OK,T24,T24 Motor Vehicles License,174,2013,3
Q3-2013,Oklahoma,OK,T25,T25 Motor Vehicle Operators License,4,2013,3
Q3-2013,Oklahoma,OK,T27,T27 Public Utilities License,0,2013,3
Q3-2013,Oklahoma,OK,T28,"T28 Occupation and Business License, Not Elsewhere Classified",0,2013,3
Q3-2013,Oklahoma,OK,T29,T29 Other License Taxes,0,2013,3
Q3-2013,Oklahoma,OK,T40,T40 Individual Income Taxes,702,2013,3
Q3-2013,Oklahoma,OK,T41,T41 Corporation Net Income Taxes,85,2013,3
Q3-2013,Oklahoma,OK,T50,T50 Death and Gift Taxes,0,2013,3
Q3-2013,Oklahoma,OK,T51,T51 Documentary and Stock Transfer Taxes,5,2013,3
Q3-2013,Oklahoma,OK,T53,T53 Severance Taxes,170,2013,3
Q3-2013,Oklahoma,OK,T99,"T99 Taxes, Not Elsewhere Classified",18,2013,3
Q3-2013,Oklahoma,OK,TOTAL,Total Taxes,2174,2013,3
Q4-2013,Oklahoma,OK,T09,T09 General Sales and Gross Receipts Taxes,647,2013,4
Q4-2013,Oklahoma,OK,T10,T10 Alcoholic Beverages Sales Tax,27,2013,4
Q4-2013,Oklahoma,OK,T11,T11 Amusements Sales Tax,7,2013,4
Q4-2013,Oklahoma,OK,T12,T12 Insurance Premiums Sales Tax,73,2013,4
Q4-2013,Oklahoma,OK,T13,T13 Motor Fuels Sales Tax,122,2013,4
Q4-2013,Oklahoma,OK,T14,T14 Pari-Mutuels Sales Tax,0,2013,4
Q4-2013,Oklahoma,OK,T15,T15 Public Utilities Sales Tax,11,2013,4
Q4-2013,Oklahoma,OK,T16,T16 Tobacco Products Sales Tax,77,2013,4
Q4-2013,Oklahoma,OK,T19,T19 Other Selective Sales and Gross Receipts Taxes,43,2013,4
Q4-2013,Oklahoma,OK,T20,T20 Alcoholic Beverages License,1,2013,4
Q4-2013,Oklahoma,OK,T21,T21 Amusements License,0,2013,4
Q4-2013,Oklahoma,OK,T22,T22 Corporations In General License,3,2013,4
Q4-2013,Oklahoma,OK,T23,T23 Hunting and Fishing License,8,2013,4
Q4-2013,Oklahoma,OK,T24,T24 Motor Vehicles License,203,2013,4
Q4-2013,Oklahoma,OK,T25,T25 Motor Vehicle Operators License,4,2013,4
Q4-2013,Oklahoma,OK,T27,T27 Public Utilities License,0,2013,4
Q4-2013,Oklahoma,OK,T28,"T28 Occupation and Business License, Not Elsewhere Classified",0,2013,4
Q4-2013,Oklahoma,OK,T29,T29 Other License Taxes,0,2013,4
Q4-2013,Oklahoma,OK,T40,T40 Individual Income Taxes,741,2013,4
Q4-2013,Oklahoma,OK,T41,T41 Corporation Net Income Taxes,56,2013,4
Q4-2013,Oklahoma,OK,T50,T50 Death and Gift Taxes,1,2013,4
Q4-2013,Oklahoma,OK,T51,T51 Documentary and Stock Transfer Taxes,4,2013,4
Q4-2013,Oklahoma,OK,T53,T53 Severance Taxes,172,2013,4
Q4-2013,Oklahoma,OK,T99,"T99 Taxes, Not Elsewhere Classified",18,2013,4
Q4-2013,Oklahoma,OK,TOTAL,Total Taxes,2216,2013,4
Q1-2014,Oklahoma,OK,T09,T09 General Sales and Gross Receipts Taxes,631,2014,1
Q1-2014,Oklahoma,OK,T10,T10 Alcoholic Beverages Sales Tax,26,2014,1
Q1-2014,Oklahoma,OK,T11,T11 Amusements Sales Tax,4,2014,1
Q1-2014,Oklahoma,OK,T12,T12 Insurance Premiums Sales Tax,47,2014,1
Q1-2014,Oklahoma,OK,T13,T13 Motor Fuels Sales Tax,105,2014,1
Q1-2014,Oklahoma,OK,T14,T14 Pari-Mutuels Sales Tax,0,2014,1
Q1-2014,Oklahoma,OK,T15,T15 Public Utilities Sales Tax,13,2014,1
Q1-2014,Oklahoma,OK,T16,T16 Tobacco Products Sales Tax,67,2014,1
Q1-2014,Oklahoma,OK,T19,T19 Other Selective Sales and Gross Receipts Taxes,43,2014,1
Q1-2014,Oklahoma,OK,T20,T20 Alcoholic Beverages License,0,2014,1
Q1-2014,Oklahoma,OK,T21,T21 Amusements License,0,2014,1
Q1-2014,Oklahoma,OK,T22,T22 Corporations In General License,1,2014,1
Q1-2014,Oklahoma,OK,T23,T23 Hunting and Fishing License,3,2014,1
Q1-2014,Oklahoma,OK,T24,T24 Motor Vehicles License,182,2014,1
Q1-2014,Oklahoma,OK,T25,T25 Motor Vehicle Operators License,4,2014,1
Q1-2014,Oklahoma,OK,T27,T27 Public Utilities License,0,2014,1
Q1-2014,Oklahoma,OK,T28,"T28 Occupation and Business License, Not Elsewhere Classified",0,2014,1
Q1-2014,Oklahoma,OK,T29,T29 Other License Taxes,0,2014,1
Q1-2014,Oklahoma,OK,T40,T40 Individual Income Taxes,576,2014,1
Q1-2014,Oklahoma,OK,T41,T41 Corporation Net Income Taxes,112,2014,1
Q1-2014,Oklahoma,OK,T50,T50 Death and Gift Taxes,0,2014,1
Q1-2014,Oklahoma,OK,T51,T51 Documentary and Stock Transfer Taxes,3,2014,1
Q1-2014,Oklahoma,OK,T53,T53 Severance Taxes,151,2014,1
Q1-2014,Oklahoma,OK,T99,"T99 Taxes, Not Elsewhere Classified",23,2014,1
Q1-2014,Oklahoma,OK,TOTAL,Total Taxes,1993,2014,1
Q2-2014,Oklahoma,OK,T09,T09 General Sales and Gross Receipts Taxes,673,2014,2
Q2-2014,Oklahoma,OK,T10,T10 Alcoholic Beverages Sales Tax,29,2014,2
Q2-2014,Oklahoma,OK,T11,T11 Amusements Sales Tax,4,2014,2
Q2-2014,Oklahoma,OK,T12,T12 Insurance Premiums Sales Tax,113,2014,2
Q2-2014,Oklahoma,OK,T13,T13 Motor Fuels Sales Tax,109,2014,2
Q2-2014,Oklahoma,OK,T14,T14 Pari-Mutuels Sales Tax,0,2014,2
Q2-2014,Oklahoma,OK,T15,T15 Public Utilities Sales Tax,11,2014,2
Q2-2014,Oklahoma,OK,T16,T16 Tobacco Products Sales Tax,78,2014,2
Q2-2014,Oklahoma,OK,T19,T19 Other Selective Sales and Gross Receipts Taxes,43,2014,2
Q2-2014,Oklahoma,OK,T20,T20 Alcoholic Beverages License,0,2014,2
Q2-2014,Oklahoma,OK,T21,T21 Amusements License,2,2014,2
Q2-2014,Oklahoma,OK,T22,T22 Corporations In General License,6,2014,2
Q2-2014,Oklahoma,OK,T23,T23 Hunting and Fishing License,6,2014,2
Q2-2014,Oklahoma,OK,T24,T24 Motor Vehicles License,195,2014,2
Q2-2014,Oklahoma,OK,T25,T25 Motor Vehicle Operators License,8,2014,2
Q2-2014,Oklahoma,OK,T27,T27 Public Utilities License,1,2014,2
Q2-2014,Oklahoma,OK,T28,"T28 Occupation and Business License, Not Elsewhere Classified",0,2014,2
Q2-2014,Oklahoma,OK,T29,T29 Other License Taxes,0,2014,2
Q2-2014,Oklahoma,OK,T40,T40 Individual Income Taxes,943,2014,2
Q2-2014,Oklahoma,OK,T41,T41 Corporation Net Income Taxes,144,2014,2
Q2-2014,Oklahoma,OK,T50,T50 Death and Gift Taxes,0,2014,2
Q2-2014,Oklahoma,OK,T51,T51 Documentary and Stock Transfer Taxes,4,2014,2
Q2-2014,Oklahoma,OK,T53,T53 Severance Taxes,186,2014,2
Q2-2014,Oklahoma,OK,T99,"T99 Taxes, Not Elsewhere Classified",28,2014,2
Q2-2014,Oklahoma,OK,TOTAL,Total Taxes,2584,2014,2
Q3-2014,Oklahoma,OK,T09,T09 General Sales and Gross Receipts Taxes,684,2014,3
Q3-2014,Oklahoma,OK,T10,T10 Alcoholic Beverages Sales Tax,29,2014,3
Q3-2014,Oklahoma,OK,T11,T11 Amusements Sales Tax,6,2014,3
Q3-2014,Oklahoma,OK,T12,T12 Insurance Premiums Sales Tax,69,2014,3
Q3-2014,Oklahoma,OK,T13,T13 Motor Fuels Sales Tax,115,2014,3
Q3-2014,Oklahoma,OK,T14,T14 Pari-Mutuels Sales Tax,0,2014,3
Q3-2014,Oklahoma,OK,T15,T15 Public Utilities Sales Tax,12,2014,3
Q3-2014,Oklahoma,OK,T16,T16 Tobacco Products Sales Tax,81,2014,3
Q3-2014,Oklahoma,OK,T19,T19 Other Selective Sales and Gross Receipts Taxes,42,2014,3
Q3-2014,Oklahoma,OK,T20,T20 Alcoholic Beverages License,0,2014,3
Q3-2014,Oklahoma,OK,T21,T21 Amusements License,1,2014,3
Q3-2014,Oklahoma,OK,T22,T22 Corporations In General License,38,2014,3
Q3-2014,Oklahoma,OK,T23,T23 Hunting and Fishing License,3,2014,3
Q3-2014,Oklahoma,OK,T24,T24 Motor Vehicles License,187,2014,3
Q3-2014,Oklahoma,OK,T25,T25 Motor Vehicle Operators License,8,2014,3
Q3-2014,Oklahoma,OK,T27,T27 Public Utilities License,0,2014,3
Q3-2014,Oklahoma,OK,T28,"T28 Occupation and Business License, Not Elsewhere Classified",0,2014,3
Q3-2014,Oklahoma,OK,T29,T29 Other License Taxes,0,2014,3
Q3-2014,Oklahoma,OK,T40,T40 Individual Income Taxes,810,2014,3
Q3-2014,Oklahoma,OK,T41,T41 Corporation Net Income Taxes,68,2014,3
Q3-2014,Oklahoma,OK,T50,T50 Death and Gift Taxes,0,2014,3
Q3-2014,Oklahoma,OK,T51,T51 Documentary and Stock Transfer Taxes,5,2014,3
Q3-2014,Oklahoma,OK,T53,T53 Severance Taxes,198,2014,3
Q3-2014,Oklahoma,OK,T99,"T99 Taxes, Not Elsewhere Classified",30,2014,3
Q3-2014,Oklahoma,OK,TOTAL,Total Taxes,2388,2014,3
Q4-2014,Oklahoma,OK,T09,T09 General Sales and Gross Receipts Taxes,690,2014,4
Q4-2014,Oklahoma,OK,T10,T10 Alcoholic Beverages Sales Tax,30,2014,4
Q4-2014,Oklahoma,OK,T11,T11 Amusements Sales Tax,7,2014,4
Q4-2014,Oklahoma,OK,T12,T12 Insurance Premiums Sales Tax,76,2014,4
Q4-2014,Oklahoma,OK,T13,T13 Motor Fuels Sales Tax,121,2014,4
Q4-2014,Oklahoma,OK,T14,T14 Pari-Mutuels Sales Tax,0,2014,4
Q4-2014,Oklahoma,OK,T15,T15 Public Utilities Sales Tax,12,2014,4
Q4-2014,Oklahoma,OK,T16,T16 Tobacco Products Sales Tax,79,2014,4
Q4-2014,Oklahoma,OK,T19,T19 Other Selective Sales and Gross Receipts Taxes,42,2014,4
Q4-2014,Oklahoma,OK,T20,T20 Alcoholic Beverages License,0,2014,4
Q4-2014,Oklahoma,OK,T21,T21 Amusements License,0,2014,4
Q4-2014,Oklahoma,OK,T22,T22 Corporations In General License,4,2014,4
Q4-2014,Oklahoma,OK,T23,T23 Hunting and Fishing License,8,2014,4
Q4-2014,Oklahoma,OK,T24,T24 Motor Vehicles License,173,2014,4
Q4-2014,Oklahoma,OK,T25,T25 Motor Vehicle Operators License,7,2014,4
Q4-2014,Oklahoma,OK,T27,T27 Public Utilities License,0,2014,4
Q4-2014,Oklahoma,OK,T28,"T28 Occupation and Business License, Not Elsewhere Classified",0,2014,4
Q4-2014,Oklahoma,OK,T29,T29 Other License Taxes,0,2014,4
Q4-2014,Oklahoma,OK,T40,T40 Individual Income Taxes,791,2014,4
Q4-2014,Oklahoma,OK,T41,T41 Corporation Net Income Taxes,37,2014,4
Q4-2014,Oklahoma,OK,T50,T50 Death and Gift Taxes,0,2014,4
Q4-2014,Oklahoma,OK,T51,T51 Documentary and Stock Transfer Taxes,5,2014,4
Q4-2014,Oklahoma,OK,T53,T53 Severance Taxes,184,2014,4
Q4-2014,Oklahoma,OK,T99,"T99 Taxes, Not Elsewhere Classified",30,2014,4
Q4-2014,Oklahoma,OK,TOTAL,Total Taxes,2298,2014,4
Q1-2015,Oklahoma,OK,T09,T09 General Sales and Gross Receipts Taxes,657,2015,1
Q1-2015,Oklahoma,OK,T10,T10 Alcoholic Beverages Sales Tax,28,2015,1
Q1-2015,Oklahoma,OK,T11,T11 Amusements Sales Tax,4,2015,1
Q1-2015,Oklahoma,OK,T12,T12 Insurance Premiums Sales Tax,51,2015,1
Q1-2015,Oklahoma,OK,T13,T13 Motor Fuels Sales Tax,114,2015,1
Q1-2015,Oklahoma,OK,T14,T14 Pari-Mutuels Sales Tax,0,2015,1
Q1-2015,Oklahoma,OK,T15,T15 Public Utilities Sales Tax,13,2015,1
Q1-2015,Oklahoma,OK,T16,T16 Tobacco Products Sales Tax,75,2015,1
Q1-2015,Oklahoma,OK,T19,T19 Other Selective Sales and Gross Receipts Taxes,43,2015,1
Q1-2015,Oklahoma,OK,T20,T20 Alcoholic Beverages License,0,2015,1
Q1-2015,Oklahoma,OK,T21,T21 Amusements License,0,2015,1
Q1-2015,Oklahoma,OK,T22,T22 Corporations In General License,7,2015,1
Q1-2015,Oklahoma,OK,T23,T23 Hunting and Fishing License,3,2015,1
Q1-2015,Oklahoma,OK,T24,T24 Motor Vehicles License,179,2015,1
Q1-2015,Oklahoma,OK,T25,T25 Motor Vehicle Operators License,7,2015,1
Q1-2015,Oklahoma,OK,T27,T27 Public Utilities License,0,2015,1
Q1-2015,Oklahoma,OK,T28,"T28 Occupation and Business License, Not Elsewhere Classified",0,2015,1
Q1-2015,Oklahoma,OK,T29,T29 Other License Taxes,0,2015,1
Q1-2015,Oklahoma,OK,T40,T40 Individual Income Taxes,638,2015,1
Q1-2015,Oklahoma,OK,T41,T41 Corporation Net Income Taxes,135,2015,1
Q1-2015,Oklahoma,OK,T50,T50 Death and Gift Taxes,0,2015,1
Q1-2015,Oklahoma,OK,T51,T51 Documentary and Stock Transfer Taxes,4,2015,1
Q1-2015,Oklahoma,OK,T53,T53 Severance Taxes,111,2015,1
Q1-2015,Oklahoma,OK,T99,"T99 Taxes, Not Elsewhere Classified",25,2015,1
Q1-2015,Oklahoma,OK,TOTAL,Total Taxes,2096,2015,1
Q2-2015,Oklahoma,OK,T09,T09 General Sales and Gross Receipts Taxes,651,2015,2
Q2-2015,Oklahoma,OK,T10,T10 Alcoholic Beverages Sales Tax,29,2015,2
Q2-2015,Oklahoma,OK,T11,T11 Amusements Sales Tax,4,2015,2
Q2-2015,Oklahoma,OK,T12,T12 Insurance Premiums Sales Tax,130,2015,2
Q2-2015,Oklahoma,OK,T13,T13 Motor Fuels Sales Tax,105,2015,2
Q2-2015,Oklahoma,OK,T14,T14 Pari-Mutuels Sales Tax,0,2015,2
Q2-2015,Oklahoma,OK,T15,T15 Public Utilities Sales Tax,12,2015,2
Q2-2015,Oklahoma,OK,T16,T16 Tobacco Products Sales Tax,79,2015,2
Q2-2015,Oklahoma,OK,T19,T19 Other Selective Sales and Gross Receipts Taxes,43,2015,2
Q2-2015,Oklahoma,OK,T20,T20 Alcoholic Beverages License,0,2015,2
Q2-2015,Oklahoma,OK,T21,T21 Amusements License,2,2015,2
Q2-2015,Oklahoma,OK,T22,T22 Corporations In General License,10,2015,2
Q2-2015,Oklahoma,OK,T23,T23 Hunting and Fishing License,6,2015,2
Q2-2015,Oklahoma,OK,T24,T24 Motor Vehicles License,185,2015,2
Q2-2015,Oklahoma,OK,T25,T25 Motor Vehicle Operators License,7,2015,2
Q2-2015,Oklahoma,OK,T27,T27 Public Utilities License,0,2015,2
Q2-2015,Oklahoma,OK,T28,"T28 Occupation and Business License, Not Elsewhere Classified",0,2015,2
Q2-2015,Oklahoma,OK,T29,T29 Other License Taxes,0,2015,2
Q2-2015,Oklahoma,OK,T40,T40 Individual Income Taxes,1012,2015,2
Q2-2015,Oklahoma,OK,T41,T41 Corporation Net Income Taxes,148,2015,2
Q2-2015,Oklahoma,OK,T50,T50 Death and Gift Taxes,0,2015,2
Q2-2015,Oklahoma,OK,T51,T51 Documentary and Stock Transfer Taxes,4,2015,2
Q2-2015,Oklahoma,OK,T53,T53 Severance Taxes,63,2015,2
Q2-2015,Oklahoma,OK,T99,"T99 Taxes, Not Elsewhere Classified",16,2015,2
Q2-2015,Oklahoma,OK,TOTAL,Total Taxes,2509,2015,2
Q3-2015,Oklahoma,OK,T09,T09 General Sales and Gross Receipts Taxes,631,2015,3
Q3-2015,Oklahoma,OK,T10,T10 Alcoholic Beverages Sales Tax,31,2015,3
Q3-2015,Oklahoma,OK,T11,T11 Amusements Sales Tax,6,2015,3
Q3-2015,Oklahoma,OK,T12,T12 Insurance Premiums Sales Tax,74,2015,3
Q3-2015,Oklahoma,OK,T13,T13 Motor Fuels Sales Tax,123,2015,3
Q3-2015,Oklahoma,OK,T14,T14 Pari-Mutuels Sales Tax,0,2015,3
Q3-2015,Oklahoma,OK,T15,T15 Public Utilities Sales Tax,12,2015,3
Q3-2015,Oklahoma,OK,T16,T16 Tobacco Products Sales Tax,82,2015,3
Q3-2015,Oklahoma,OK,T19,T19 Other Selective Sales and Gross Receipts Taxes,4,2015,3
Q3-2015,Oklahoma,OK,T20,T20 Alcoholic Beverages License,0,2015,3
Q3-2015,Oklahoma,OK,T21,T21 Amusements License,1,2015,3
Q3-2015,Oklahoma,OK,T22,T22 Corporations In General License,35,2015,3
Q3-2015,Oklahoma,OK,T23,T23 Hunting and Fishing License,3,2015,3
Q3-2015,Oklahoma,OK,T24,T24 Motor Vehicles License,192,2015,3
Q3-2015,Oklahoma,OK,T25,T25 Motor Vehicle Operators License,7,2015,3
Q3-2015,Oklahoma,OK,T27,T27 Public Utilities License,0,2015,3
Q3-2015,Oklahoma,OK,T28,"T28 Occupation and Business License, Not Elsewhere Classified",0,2015,3
Q3-2015,Oklahoma,OK,T29,T29 Other License Taxes,0,2015,3
Q3-2015,Oklahoma,OK,T40,T40 Individual Income Taxes,784,2015,3
Q3-2015,Oklahoma,OK,T41,T41 Corporation Net Income Taxes,130,2015,3
Q3-2015,Oklahoma,OK,T50,T50 Death and Gift Taxes,0,2015,3
Q3-2015,Oklahoma,OK,T51,T51 Documentary and Stock Transfer Taxes,5,2015,3
Q3-2015,Oklahoma,OK,T53,T53 Severance Taxes,111,2015,3
Q3-2015,Oklahoma,OK,T99,"T99 Taxes, Not Elsewhere Classified",15,2015,3
Q3-2015,Oklahoma,OK,TOTAL,Total Taxes,2248,2015,3
Q4-2015,Oklahoma,OK,T09,T09 General Sales and Gross Receipts Taxes,632,2015,4
Q4-2015,Oklahoma,OK,T10,T10 Alcoholic Beverages Sales Tax,30,2015,4
Q4-2015,Oklahoma,OK,T11,T11 Amusements Sales Tax,7,2015,4
Q4-2015,Oklahoma,OK,T12,T12 Insurance Premiums Sales Tax,75,2015,4
Q4-2015,Oklahoma,OK,T13,T13 Motor Fuels Sales Tax,111,2015,4
Q4-2015,Oklahoma,OK,T14,T14 Pari-Mutuels Sales Tax,0,2015,4
Q4-2015,Oklahoma,OK,T15,T15 Public Utilities Sales Tax,11,2015,4
Q4-2015,Oklahoma,OK,T16,T16 Tobacco Products Sales Tax,81,2015,4
Q4-2015,Oklahoma,OK,T19,T19 Other Selective Sales and Gross Receipts Taxes,3,2015,4
Q4-2015,Oklahoma,OK,T20,T20 Alcoholic Beverages License,0,2015,4
Q4-2015,Oklahoma,OK,T21,T21 Amusements License,0,2015,4
Q4-2015,Oklahoma,OK,T22,T22 Corporations In General License,5,2015,4
Q4-2015,Oklahoma,OK,T23,T23 Hunting and Fishing License,8,2015,4
Q4-2015,Oklahoma,OK,T24,T24 Motor Vehicles License,168,2015,4
Q4-2015,Oklahoma,OK,T25,T25 Motor Vehicle Operators License,6,2015,4
Q4-2015,Oklahoma,OK,T27,T27 Public Utilities License,0,2015,4
Q4-2015,Oklahoma,OK,T28,"T28 Occupation and Business License, Not Elsewhere Classified",0,2015,4
Q4-2015,Oklahoma,OK,T29,T29 Other License Taxes,0,2015,4
Q4-2015,Oklahoma,OK,T40,T40 Individual Income Taxes,774,2015,4
Q4-2015,Oklahoma,OK,T41,T41 Corporation Net Income Taxes,-9,2015,4
Q4-2015,Oklahoma,OK,T50,T50 Death and Gift Taxes,0,2015,4
Q4-2015,Oklahoma,OK,T51,T51 Documentary and Stock Transfer Taxes,4,2015,4
Q4-2015,Oklahoma,OK,T53,T53 Severance Taxes,88,2015,4
Q4-2015,Oklahoma,OK,T99,"T99 Taxes, Not Elsewhere Classified",15,2015,4
Q4-2015,Oklahoma,OK,TOTAL,Total Taxes,2013,2015,4
Q1-2016,Oklahoma,OK,T09,T09 General Sales and Gross Receipts Taxes,604,2016,1
Q1-2016,Oklahoma,OK,T10,T10 Alcoholic Beverages Sales Tax,28,2016,1
Q1-2016,Oklahoma,OK,T11,T11 Amusements Sales Tax,5,2016,1
Q1-2016,Oklahoma,OK,T12,T12 Insurance Premiums Sales Tax,46,2016,1
Q1-2016,Oklahoma,OK,T13,T13 Motor Fuels Sales Tax,112,2016,1
Q1-2016,Oklahoma,OK,T14,T14 Pari-Mutuels Sales Tax,0,2016,1
Q1-2016,Oklahoma,OK,T15,T15 Public Utilities Sales Tax,12,2016,1
Q1-2016,Oklahoma,OK,T16,T16 Tobacco Products Sales Tax,73,2016,1
Q1-2016,Oklahoma,OK,T19,T19 Other Selective Sales and Gross Receipts Taxes,4,2016,1
Q1-2016,Oklahoma,OK,T20,T20 Alcoholic Beverages License,0,2016,1
Q1-2016,Oklahoma,OK,T21,T21 Amusements License,0,2016,1
Q1-2016,Oklahoma,OK,T22,T22 Corporations In General License,7,2016,1
Q1-2016,Oklahoma,OK,T23,T23 Hunting and Fishing License,4,2016,1
Q1-2016,Oklahoma,OK,T24,T24 Motor Vehicles License,183,2016,1
Q1-2016,Oklahoma,OK,T25,T25 Motor Vehicle Operators License,7,2016,1
Q1-2016,Oklahoma,OK,T27,T27 Public Utilities License,0,2016,1
Q1-2016,Oklahoma,OK,T28,"T28 Occupation and Business License, Not Elsewhere Classified",0,2016,1
Q1-2016,Oklahoma,OK,T29,T29 Other License Taxes,0,2016,1
Q1-2016,Oklahoma,OK,T40,T40 Individual Income Taxes,553,2016,1
Q1-2016,Oklahoma,OK,T41,T41 Corporation Net Income Taxes,81,2016,1
Q1-2016,Oklahoma,OK,T50,T50 Death and Gift Taxes,0,2016,1
Q1-2016,Oklahoma,OK,T51,T51 Documentary and Stock Transfer Taxes,4,2016,1
Q1-2016,Oklahoma,OK,T53,T53 Severance Taxes,65,2016,1
Q1-2016,Oklahoma,OK,T99,"T99 Taxes, Not Elsewhere Classified",18,2016,1
Q1-2016,Oklahoma,OK,TOTAL,Total Taxes,1809,2016,1
Q2-2016,Oklahoma,OK,T09,T09 General Sales and Gross Receipts Taxes,604,2016,2
Q2-2016,Oklahoma,OK,T10,T10 Alcoholic Beverages Sales Tax,31,2016,2
Q2-2016,Oklahoma,OK,T11,T11 Amusements Sales Tax,4,2016,2
Q2-2016,Oklahoma,OK,T12,T12 Insurance Premiums Sales Tax,128,2016,2
Q2-2016,Oklahoma,OK,T13,T13 Motor Fuels Sales Tax,117,2016,2
Q2-2016,Oklahoma,OK,T14,T14 Pari-Mutuels Sales Tax,0,2016,2
Q2-2016,Oklahoma,OK,T15,T15 Public Utilities Sales Tax,10,2016,2
Q2-2016,Oklahoma,OK,T16,T16 Tobacco Products Sales Tax,80,2016,2
Q2-2016,Oklahoma,OK,T19,T19 Other Selective Sales and Gross Receipts Taxes,4,2016,2
Q2-2016,Oklahoma,OK,T20,T20 Alcoholic Beverages License,0,2016,2
Q2-2016,Oklahoma,OK,T21,T21 Amusements License,2,2016,2
Q2-2016,Oklahoma,OK,T22,T22 Corporations In General License,8,2016,2
Q2-2016,Oklahoma,OK,T23,T23 Hunting and Fishing License,6,2016,2
Q2-2016,Oklahoma,OK,T24,T24 Motor Vehicles License,177,2016,2
Q2-2016,Oklahoma,OK,T25,T25 Motor Vehicle Operators License,7,2016,2
Q2-2016,Oklahoma,OK,T27,T27 Public Utilities License,0,2016,2
Q2-2016,Oklahoma,OK,T28,"T28 Occupation and Business License, Not Elsewhere Classified",0,2016,2
Q2-2016,Oklahoma,OK,T29,T29 Other License Taxes,0,2016,2
Q2-2016,Oklahoma,OK,T40,T40 Individual Income Taxes,885,2016,2
Q2-2016,Oklahoma,OK,T41,T41 Corporation Net Income Taxes,126,2016,2
Q2-2016,Oklahoma,OK,T50,T50 Death and Gift Taxes,0,2016,2
Q2-2016,Oklahoma,OK,T51,T51 Documentary and Stock Transfer Taxes,4,2016,2
Q2-2016,Oklahoma,OK,T53,T53 Severance Taxes,67,2016,2
Q2-2016,Oklahoma,OK,T99,"T99 Taxes, Not Elsewhere Classified",15,2016,2
Q2-2016,Oklahoma,OK,TOTAL,Total Taxes,2276,2016,2
Q3-2016,Oklahoma,OK,T09,T09 General Sales and Gross Receipts Taxes,598,2016,3
Q3-2016,Oklahoma,OK,T10,T10 Alcoholic Beverages Sales Tax,32,2016,3
Q3-2016,Oklahoma,OK,T11,T11 Amusements Sales Tax,6,2016,3
Q3-2016,Oklahoma,OK,T12,T12 Insurance Premiums Sales Tax,74,2016,3
Q3-2016,Oklahoma,OK,T13,T13 Motor Fuels Sales Tax,122,2016,3
Q3-2016,Oklahoma,OK,T14,T14 Pari-Mutuels Sales Tax,0,2016,3
Q3-2016,Oklahoma,OK,T15,T15 Public Utilities Sales Tax,13,2016,3
Q3-2016,Oklahoma,OK,T16,T16 Tobacco Products Sales Tax,80,2016,3
Q3-2016,Oklahoma,OK,T19,T19 Other Selective Sales and Gross Receipts Taxes,5,2016,3
Q3-2016,Oklahoma,OK,T20,T20 Alcoholic Beverages License,0,2016,3
Q3-2016,Oklahoma,OK,T21,T21 Amusements License,1,2016,3
Q3-2016,Oklahoma,OK,T22,T22 Corporations In General License,32,2016,3
Q3-2016,Oklahoma,OK,T23,T23 Hunting and Fishing License,2,2016,3
Q3-2016,Oklahoma,OK,T24,T24 Motor Vehicles License,183,2016,3
Q3-2016,Oklahoma,OK,T25,T25 Motor Vehicle Operators License,7,2016,3
Q3-2016,Oklahoma,OK,T27,T27 Public Utilities License,0,2016,3
Q3-2016,Oklahoma,OK,T28,"T28 Occupation and Business License, Not Elsewhere Classified",0,2016,3
Q3-2016,Oklahoma,OK,T29,T29 Other License Taxes,0,2016,3
Q3-2016,Oklahoma,OK,T40,T40 Individual Income Taxes,729,2016,3
Q3-2016,Oklahoma,OK,T41,T41 Corporation Net Income Taxes,48,2016,3
Q3-2016,Oklahoma,OK,T50,T50 Death and Gift Taxes,0,2016,3
Q3-2016,Oklahoma,OK,T51,T51 Documentary and Stock Transfer Taxes,5,2016,3
Q3-2016,Oklahoma,OK,T53,T53 Severance Taxes,89,2016,3
Q3-2016,Oklahoma,OK,T99,"T99 Taxes, Not Elsewhere Classified",15,2016,3
Q3-2016,Oklahoma,OK,TOTAL,Total Taxes,2042,2016,3
Q4-2016,Oklahoma,OK,T09,T09 General Sales and Gross Receipts Taxes,608,2016,4
Q4-2016,Oklahoma,OK,T10,T10 Alcoholic Beverages Sales Tax,31,2016,4
Q4-2016,Oklahoma,OK,T11,T11 Amusements Sales Tax,7,2016,4
Q4-2016,Oklahoma,OK,T12,T12 Insurance Premiums Sales Tax,76,2016,4
Q4-2016,Oklahoma,OK,T13,T13 Motor Fuels Sales Tax,114,2016,4
Q4-2016,Oklahoma,OK,T14,T14 Pari-Mutuels Sales Tax,0,2016,4
Q4-2016,Oklahoma,OK,T15,T15 Public Utilities Sales Tax,11,2016,4
Q4-2016,Oklahoma,OK,T16,T16 Tobacco Products Sales Tax,79,2016,4
Q4-2016,Oklahoma,OK,T19,T19 Other Selective Sales and Gross Receipts Taxes,4,2016,4
Q4-2016,Oklahoma,OK,T20,T20 Alcoholic Beverages License,0,2016,4
Q4-2016,Oklahoma,OK,T21,T21 Amusements License,0,2016,4
Q4-2016,Oklahoma,OK,T22,T22 Corporations In General License,4,2016,4
Q4-2016,Oklahoma,OK,T23,T23 Hunting and Fishing License,9,2016,4
Q4-2016,Oklahoma,OK,T24,T24 Motor Vehicles License,161,2016,4
Q4-2016,Oklahoma,OK,T25,T25 Motor Vehicle Operators License,6,2016,4
Q4-2016,Oklahoma,OK,T27,T27 Public Utilities License,0,2016,4
Q4-2016,Oklahoma,OK,T28,"T28 Occupation and Business License, Not Elsewhere Classified",0,2016,4
Q4-2016,Oklahoma,OK,T29,T29 Other License Taxes,0,2016,4
Q4-2016,Oklahoma,OK,T40,T40 Individual Income Taxes,714,2016,4
Q4-2016,Oklahoma,OK,T41,T41 Corporation Net Income Taxes,-12,2016,4
Q4-2016,Oklahoma,OK,T50,T50 Death and Gift Taxes,0,2016,4
Q4-2016,Oklahoma,OK,T51,T51 Documentary and Stock Transfer Taxes,5,2016,4
Q4-2016,Oklahoma,OK,T53,T53 Severance Taxes,108,2016,4
Q4-2016,Oklahoma,OK,T99,"T99 Taxes, Not Elsewhere Classified",15,2016,4
Q4-2016,Oklahoma,OK,TOTAL,Total Taxes,1939,2016,4
Q1-2017,Oklahoma,OK,T09,T09 General Sales and Gross Receipts Taxes,593,2017,1
Q1-2017,Oklahoma,OK,T10,T10 Alcoholic Beverages Sales Tax,28,2017,1
Q1-2017,Oklahoma,OK,T11,T11 Amusements Sales Tax,4,2017,1
Q1-2017,Oklahoma,OK,T12,T12 Insurance Premiums Sales Tax,31,2017,1
Q1-2017,Oklahoma,OK,T13,T13 Motor Fuels Sales Tax,107,2017,1
Q1-2017,Oklahoma,OK,T14,T14 Pari-Mutuels Sales Tax,0,2017,1
Q1-2017,Oklahoma,OK,T15,T15 Public Utilities Sales Tax,17,2017,1
Q1-2017,Oklahoma,OK,T16,T16 Tobacco Products Sales Tax,72,2017,1
Q1-2017,Oklahoma,OK,T19,T19 Other Selective Sales and Gross Receipts Taxes,4,2017,1
Q1-2017,Oklahoma,OK,T20,T20 Alcoholic Beverages License,0,2017,1
Q1-2017,Oklahoma,OK,T21,T21 Amusements License,0,2017,1
Q1-2017,Oklahoma,OK,T22,T22 Corporations In General License,5,2017,1
Q1-2017,Oklahoma,OK,T23,T23 Hunting and Fishing License,4,2017,1
Q1-2017,Oklahoma,OK,T24,T24 Motor Vehicles License,184,2017,1
Q1-2017,Oklahoma,OK,T25,T25 Motor Vehicle Operators License,7,2017,1
Q1-2017,Oklahoma,OK,T27,T27 Public Utilities License,0,2017,1
Q1-2017,Oklahoma,OK,T28,"T28 Occupation and Business License, Not Elsewhere Classified",0,2017,1
Q1-2017,Oklahoma,OK,T29,T29 Other License Taxes,0,2017,1
Q1-2017,Oklahoma,OK,T40,T40 Individual Income Taxes,615,2017,1
Q1-2017,Oklahoma,OK,T41,T41 Corporation Net Income Taxes,8,2017,1
Q1-2017,Oklahoma,OK,T50,T50 Death and Gift Taxes,0,2017,1
Q1-2017,Oklahoma,OK,T51,T51 Documentary and Stock Transfer Taxes,4,2017,1
Q1-2017,Oklahoma,OK,T53,T53 Severance Taxes,114,2017,1
Q1-2017,Oklahoma,OK,T99,"T99 Taxes, Not Elsewhere Classified",20,2017,1
Q1-2017,Oklahoma,OK,TOTAL,Total Taxes,1819,2017,1
Q2-2017,Oklahoma,OK,T09,T09 General Sales and Gross Receipts Taxes,642,2017,2
Q2-2017,Oklahoma,OK,T10,T10 Alcoholic Beverages Sales Tax,31,2017,2
Q2-2017,Oklahoma,OK,T11,T11 Amusements Sales Tax,4,2017,2
Q2-2017,Oklahoma,OK,T12,T12 Insurance Premiums Sales Tax,124,2017,2
Q2-2017,Oklahoma,OK,T13,T13 Motor Fuels Sales Tax,121,2017,2
Q2-2017,Oklahoma,OK,T14,T14 Pari-Mutuels Sales Tax,0,2017,2
Q2-2017,Oklahoma,OK,T15,T15 Public Utilities Sales Tax,17,2017,2
Q2-2017,Oklahoma,OK,T16,T16 Tobacco Products Sales Tax,89,2017,2
Q2-2017,Oklahoma,OK,T19,T19 Other Selective Sales and Gross Receipts Taxes,4,2017,2
Q2-2017,Oklahoma,OK,T20,T20 Alcoholic Beverages License,0,2017,2
Q2-2017,Oklahoma,OK,T21,T21 Amusements License,3,2017,2
Q2-2017,Oklahoma,OK,T22,T22 Corporations In General License,10,2017,2
Q2-2017,Oklahoma,OK,T23,T23 Hunting and Fishing License,6,2017,2
Q2-2017,Oklahoma,OK,T24,T24 Motor Vehicles License,187,2017,2
Q2-2017,Oklahoma,OK,T25,T25 Motor Vehicle Operators License,7,2017,2
Q2-2017,Oklahoma,OK,T27,T27 Public Utilities License,0,2017,2
Q2-2017,Oklahoma,OK,T28,"T28 Occupation and Business License, Not Elsewhere Classified",0,2017,2
Q2-2017,Oklahoma,OK,T29,T29 Other License Taxes,0,2017,2
Q2-2017,Oklahoma,OK,T40,T40 Individual Income Taxes,915,2017,2
Q2-2017,Oklahoma,OK,T41,T41 Corporation Net Income Taxes,114,2017,2
Q2-2017,Oklahoma,OK,T50,T50 Death and Gift Taxes,0,2017,2
Q2-2017,Oklahoma,OK,T51,T51 Documentary and Stock Transfer Taxes,5,2017,2
Q2-2017,Oklahoma,OK,T53,T53 Severance Taxes,111,2017,2
Q2-2017,Oklahoma,OK,T99,"T99 Taxes, Not Elsewhere Classified",19,2017,2
Q2-2017,Oklahoma,OK,TOTAL,Total Taxes,2409,2017,2
Q3-2017,Oklahoma,OK,T09,T09 General Sales and Gross Receipts Taxes,685,2017,3
Q3-2017,Oklahoma,OK,T10,T10 Alcoholic Beverages Sales Tax,32,2017,3
Q3-2017,Oklahoma,OK,T11,T11 Amusements Sales Tax,7,2017,3
Q3-2017,Oklahoma,OK,T12,T12 Insurance Premiums Sales Tax,73,2017,3
Q3-2017,Oklahoma,OK,T13,T13 Motor Fuels Sales Tax,121,2017,3
Q3-2017,Oklahoma,OK,T14,T14 Pari-Mutuels Sales Tax,0,2017,3
Q3-2017,Oklahoma,OK,T15,T15 Public Utilities Sales Tax,20,2017,3
Q3-2017,Oklahoma,OK,T16,T16 Tobacco Products Sales Tax,78,2017,3
Q3-2017,Oklahoma,OK,T19,T19 Other Selective Sales and Gross Receipts Taxes,5,2017,3
Q3-2017,Oklahoma,OK,T20,T20 Alcoholic Beverages License,0,2017,3
Q3-2017,Oklahoma,OK,T21,T21 Amusements License,1,2017,3
Q3-2017,Oklahoma,OK,T22,T22 Corporations In General License,27,2017,3
Q3-2017,Oklahoma,OK,T23,T23 Hunting and Fishing License,2,2017,3
Q3-2017,Oklahoma,OK,T24,T24 Motor Vehicles License,184,2017,3
Q3-2017,Oklahoma,OK,T25,T25 Motor Vehicle Operators License,8,2017,3
Q3-2017,Oklahoma,OK,T27,T27 Public Utilities License,0,2017,3
Q3-2017,Oklahoma,OK,T28,"T28 Occupation and Business License, Not Elsewhere Classified",0,2017,3
Q3-2017,Oklahoma,OK,T29,T29 Other License Taxes,0,2017,3
Q3-2017,Oklahoma,OK,T40,T40 Individual Income Taxes,771,2017,3
Q3-2017,Oklahoma,OK,T41,T41 Corporation Net Income Taxes,52,2017,3
Q3-2017,Oklahoma,OK,T50,T50 Death and Gift Taxes,0,2017,3
Q3-2017,Oklahoma,OK,T51,T51 Documentary and Stock Transfer Taxes,6,2017,3
Q3-2017,Oklahoma,OK,T53,T53 Severance Taxes,136,2017,3
Q3-2017,Oklahoma,OK,T99,"T99 Taxes, Not Elsewhere Classified",16,2017,3
Q3-2017,Oklahoma,OK,TOTAL,Total Taxes,2224,2017,3
Q4-2017,Oklahoma,OK,T09,T09 General Sales and Gross Receipts Taxes,717,2017,4
Q4-2017,Oklahoma,OK,T10,T10 Alcoholic Beverages Sales Tax,33,2017,4
Q4-2017,Oklahoma,OK,T11,T11 Amusements Sales Tax,6,2017,4
Q4-2017,Oklahoma,OK,T12,T12 Insurance Premiums Sales Tax,73,2017,4
Q4-2017,Oklahoma,OK,T13,T13 Motor Fuels Sales Tax,118,2017,4
Q4-2017,Oklahoma,OK,T14,T14 Pari-Mutuels Sales Tax,0,2017,4
Q4-2017,Oklahoma,OK,T15,T15 Public Utilities Sales Tax,19,2017,4
Q4-2017,Oklahoma,OK,T16,T16 Tobacco Products Sales Tax,79,2017,4
Q4-2017,Oklahoma,OK,T19,T19 Other Selective Sales and Gross Receipts Taxes,3,2017,4
Q4-2017,Oklahoma,OK,T20,T20 Alcoholic Beverages License,0,2017,4
Q4-2017,Oklahoma,OK,T21,T21 Amusements License,0,2017,4
Q4-2017,Oklahoma,OK,T22,T22 Corporations In General License,7,2017,4
Q4-2017,Oklahoma,OK,T23,T23 Hunting and Fishing License,8,2017,4
Q4-2017,Oklahoma,OK,T24,T24 Motor Vehicles License,169,2017,4
Q4-2017,Oklahoma,OK,T25,T25 Motor Vehicle Operators License,7,2017,4
Q4-2017,Oklahoma,OK,T27,T27 Public Utilities License,0,2017,4
Q4-2017,Oklahoma,OK,T28,"T28 Occupation and Business License, Not Elsewhere Classified",0,2017,4
Q4-2017,Oklahoma,OK,T29,T29 Other License Taxes,0,2017,4
Q4-2017,Oklahoma,OK,T40,T40 Individual Income Taxes,793,2017,4
Q4-2017,Oklahoma,OK,T41,T41 Corporation Net Income Taxes,-32,2017,4
Q4-2017,Oklahoma,OK,T50,T50 Death and Gift Taxes,0,2017,4
Q4-2017,Oklahoma,OK,T51,T51 Documentary and Stock Transfer Taxes,5,2017,4
Q4-2017,Oklahoma,OK,T53,T53 Severance Taxes,160,2017,4
Q4-2017,Oklahoma,OK,T99,"T99 Taxes, Not Elsewhere Classified",16,2017,4
Q4-2017,Oklahoma,OK,TOTAL,Total Taxes,2183,2017,4
Q1-2010,Texas,TX,T01,T01 Property Taxes,0,2010,1
Q1-2010,Texas,TX,T09,T09 General Sales and Gross Receipts Taxes,4749,2010,1
Q1-2010,Texas,TX,T10,T10 Alcoholic Beverages Sales Tax,200,2010,1
Q1-2010,Texas,TX,T11,T11 Amusements Sales Tax,9,2010,1
Q1-2010,Texas,TX,T12,T12 Insurance Premiums Sales Tax,741,2010,1
Q1-2010,Texas,TX,T13,T13 Motor Fuels Sales Tax,726,2010,1
Q1-2010,Texas,TX,T14,T14 Pari-Mutuels Sales Tax,2,2010,1
Q1-2010,Texas,TX,T15,T15 Public Utilities Sales Tax,131,2010,1
Q1-2010,Texas,TX,T16,T16 Tobacco Products Sales Tax,346,2010,1
Q1-2010,Texas,TX,T19,T19 Other Selective Sales and Gross Receipts Taxes,1190,2010,1
Q1-2010,Texas,TX,T20,T20 Alcoholic Beverages License,22,2010,1
Q1-2010,Texas,TX,T21,T21 Amusements License,2,2010,1
Q1-2010,Texas,TX,T22,T22 Corporations In General License,-17,2010,1
Q1-2010,Texas,TX,T23,T23 Hunting and Fishing License,10,2010,1
Q1-2010,Texas,TX,T24,T24 Motor Vehicles License,303,2010,1
Q1-2010,Texas,TX,T25,T25 Motor Vehicle Operators License,25,2010,1
Q1-2010,Texas,TX,T27,T27 Public Utilities License,4,2010,1
Q1-2010,Texas,TX,T28,"T28 Occupation and Business License, Not Elsewhere Classified",142,2010,1
Q1-2010,Texas,TX,T29,T29 Other License Taxes,40,2010,1
Q1-2010,Texas,TX,T40,T40 Individual Income Taxes,0,2010,1
Q1-2010,Texas,TX,T41,T41 Corporation Net Income Taxes,0,2010,1
Q1-2010,Texas,TX,T50,T50 Death and Gift Taxes,20,2010,1
Q1-2010,Texas,TX,T51,T51 Documentary and Stock Transfer Taxes,0,2010,1
Q1-2010,Texas,TX,T53,T53 Severance Taxes,519,2010,1
Q1-2010,Texas,TX,T99,"T99 Taxes, Not Elsewhere Classified",0,2010,1
Q1-2010,Texas,TX,TOTAL,Total Taxes,9165,2010,1
Q2-2010,Texas,TX,T01,T01 Property Taxes,0,2010,2
Q2-2010,Texas,TX,T09,T09 General Sales and Gross Receipts Taxes,5090,2010,2
Q2-2010,Texas,TX,T10,T10 Alcoholic Beverages Sales Tax,214,2010,2
Q2-2010,Texas,TX,T11,T11 Amusements Sales Tax,8,2010,2
Q2-2010,Texas,TX,T12,T12 Insurance Premiums Sales Tax,-52,2010,2
Q2-2010,Texas,TX,T13,T13 Motor Fuels Sales Tax,795,2010,2
Q2-2010,Texas,TX,T14,T14 Pari-Mutuels Sales Tax,3,2010,2
Q2-2010,Texas,TX,T15,T15 Public Utilities Sales Tax,149,2010,2
Q2-2010,Texas,TX,T16,T16 Tobacco Products Sales Tax,376,2010,2
Q2-2010,Texas,TX,T19,T19 Other Selective Sales and Gross Receipts Taxes,1037,2010,2
Q2-2010,Texas,TX,T20,T20 Alcoholic Beverages License,11,2010,2
Q2-2010,Texas,TX,T21,T21 Amusements License,2,2010,2
Q2-2010,Texas,TX,T22,T22 Corporations In General License,3639,2010,2
Q2-2010,Texas,TX,T23,T23 Hunting and Fishing License,14,2010,2
Q2-2010,Texas,TX,T24,T24 Motor Vehicles License,463,2010,2
Q2-2010,Texas,TX,T25,T25 Motor Vehicle Operators License,25,2010,2
Q2-2010,Texas,TX,T27,T27 Public Utilities License,6,2010,2
Q2-2010,Texas,TX,T28,"T28 Occupation and Business License, Not Elsewhere Classified",123,2010,2
Q2-2010,Texas,TX,T29,T29 Other License Taxes,36,2010,2
Q2-2010,Texas,TX,T40,T40 Individual Income Taxes,0,2010,2
Q2-2010,Texas,TX,T41,T41 Corporation Net Income Taxes,0,2010,2
Q2-2010,Texas,TX,T50,T50 Death and Gift Taxes,29,2010,2
Q2-2010,Texas,TX,T51,T51 Documentary and Stock Transfer Taxes,0,2010,2
Q2-2010,Texas,TX,T53,T53 Severance Taxes,539,2010,2
Q2-2010,Texas,TX,T99,"T99 Taxes, Not Elsewhere Classified",0,2010,2
Q2-2010,Texas,TX,TOTAL,Total Taxes,12508,2010,2
Q3-2010,Texas,TX,T01,T01 Property Taxes,0,2010,3
Q3-2010,Texas,TX,T09,T09 General Sales and Gross Receipts Taxes,5054,2010,3
Q3-2010,Texas,TX,T10,T10 Alcoholic Beverages Sales Tax,207,2010,3
Q3-2010,Texas,TX,T11,T11 Amusements Sales Tax,7,2010,3
Q3-2010,Texas,TX,T12,T12 Insurance Premiums Sales Tax,561,2010,3
Q3-2010,Texas,TX,T13,T13 Motor Fuels Sales Tax,796,2010,3
Q3-2010,Texas,TX,T14,T14 Pari-Mutuels Sales Tax,2,2010,3
Q3-2010,Texas,TX,T15,T15 Public Utilities Sales Tax,198,2010,3
Q3-2010,Texas,TX,T16,T16 Tobacco Products Sales Tax,378,2010,3
Q3-2010,Texas,TX,T19,T19 Other Selective Sales and Gross Receipts Taxes,1151,2010,3
Q3-2010,Texas,TX,T20,T20 Alcoholic Beverages License,19,2010,3
Q3-2010,Texas,TX,T21,T21 Amusements License,2,2010,3
Q3-2010,Texas,TX,T22,T22 Corporations In General License,176,2010,3
Q3-2010,Texas,TX,T23,T23 Hunting and Fishing License,42,2010,3
Q3-2010,Texas,TX,T24,T24 Motor Vehicles License,423,2010,3
Q3-2010,Texas,TX,T25,T25 Motor Vehicle Operators License,29,2010,3
Q3-2010,Texas,TX,T27,T27 Public Utilities License,10,2010,3
Q3-2010,Texas,TX,T28,"T28 Occupation and Business License, Not Elsewhere Classified",128,2010,3
Q3-2010,Texas,TX,T29,T29 Other License Taxes,35,2010,3
Q3-2010,Texas,TX,T40,T40 Individual Income Taxes,0,2010,3
Q3-2010,Texas,TX,T41,T41 Corporation Net Income Taxes,0,2010,3
Q3-2010,Texas,TX,T50,T50 Death and Gift Taxes,19,2010,3
Q3-2010,Texas,TX,T51,T51 Documentary and Stock Transfer Taxes,0,2010,3
Q3-2010,Texas,TX,T53,T53 Severance Taxes,500,2010,3
Q3-2010,Texas,TX,T99,"T99 Taxes, Not Elsewhere Classified",0,2010,3
Q3-2010,Texas,TX,TOTAL,Total Taxes,9737,2010,3
Q4-2010,Texas,TX,T01,T01 Property Taxes,0,2010,4
Q4-2010,Texas,TX,T09,T09 General Sales and Gross Receipts Taxes,5317,2010,4
Q4-2010,Texas,TX,T10,T10 Alcoholic Beverages Sales Tax,205,2010,4
Q4-2010,Texas,TX,T11,T11 Amusements Sales Tax,13,2010,4
Q4-2010,Texas,TX,T12,T12 Insurance Premiums Sales Tax,36,2010,4
Q4-2010,Texas,TX,T13,T13 Motor Fuels Sales Tax,790,2010,4
Q4-2010,Texas,TX,T14,T14 Pari-Mutuels Sales Tax,2,2010,4
Q4-2010,Texas,TX,T15,T15 Public Utilities Sales Tax,166,2010,4
Q4-2010,Texas,TX,T16,T16 Tobacco Products Sales Tax,369,2010,4
Q4-2010,Texas,TX,T19,T19 Other Selective Sales and Gross Receipts Taxes,1053,2010,4
Q4-2010,Texas,TX,T20,T20 Alcoholic Beverages License,8,2010,4
Q4-2010,Texas,TX,T21,T21 Amusements License,2,2010,4
Q4-2010,Texas,TX,T22,T22 Corporations In General License,-240,2010,4
Q4-2010,Texas,TX,T23,T23 Hunting and Fishing License,30,2010,4
Q4-2010,Texas,TX,T24,T24 Motor Vehicles License,370,2010,4
Q4-2010,Texas,TX,T25,T25 Motor Vehicle Operators License,29,2010,4
Q4-2010,Texas,TX,T27,T27 Public Utilities License,6,2010,4
Q4-2010,Texas,TX,T28,"T28 Occupation and Business License, Not Elsewhere Classified",178,2010,4
Q4-2010,Texas,TX,T29,T29 Other License Taxes,58,2010,4
Q4-2010,Texas,TX,T40,T40 Individual Income Taxes,0,2010,4
Q4-2010,Texas,TX,T41,T41 Corporation Net Income Taxes,0,2010,4
Q4-2010,Texas,TX,T50,T50 Death and Gift Taxes,381,2010,4
Q4-2010,Texas,TX,T51,T51 Documentary and Stock Transfer Taxes,0,2010,4
Q4-2010,Texas,TX,T53,T53 Severance Taxes,514,2010,4
Q4-2010,Texas,TX,T99,"T99 Taxes, Not Elsewhere Classified",0,2010,4
Q4-2010,Texas,TX,TOTAL,Total Taxes,9285,2010,4
Q1-2011,Texas,TX,T09,T09 General Sales and Gross Receipts Taxes,5230,2011,1
Q1-2011,Texas,TX,T10,T10 Alcoholic Beverages Sales Tax,212,2011,1
Q1-2011,Texas,TX,T11,T11 Amusements Sales Tax,10,2011,1
Q1-2011,Texas,TX,T12,T12 Insurance Premiums Sales Tax,748,2011,1
Q1-2011,Texas,TX,T13,T13 Motor Fuels Sales Tax,729,2011,1
Q1-2011,Texas,TX,T14,T14 Pari-Mutuels Sales Tax,2,2011,1
Q1-2011,Texas,TX,T15,T15 Public Utilities Sales Tax,132,2011,1
Q1-2011,Texas,TX,T16,T16 Tobacco Products Sales Tax,349,2011,1
Q1-2011,Texas,TX,T19,T19 Other Selective Sales and Gross Receipts Taxes,1089,2011,1
Q1-2011,Texas,TX,T20,T20 Alcoholic Beverages License,17,2011,1
Q1-2011,Texas,TX,T21,T21 Amusements License,2,2011,1
Q1-2011,Texas,TX,T22,T22 Corporations In General License,200,2011,1
Q1-2011,Texas,TX,T23,T23 Hunting and Fishing License,11,2011,1
Q1-2011,Texas,TX,T24,T24 Motor Vehicles License,317,2011,1
Q1-2011,Texas,TX,T25,T25 Motor Vehicle Operators License,32,2011,1
Q1-2011,Texas,TX,T27,T27 Public Utilities License,4,2011,1
Q1-2011,Texas,TX,T28,"T28 Occupation and Business License, Not Elsewhere Classified",186,2011,1
Q1-2011,Texas,TX,T29,T29 Other License Taxes,36,2011,1
Q1-2011,Texas,TX,T50,T50 Death and Gift Taxes,36,2011,1
Q1-2011,Texas,TX,T53,T53 Severance Taxes,631,2011,1
Q1-2011,Texas,TX,T99,"T99 Taxes, Not Elsewhere Classified",0,2011,1
Q1-2011,Texas,TX,TOTAL,Total Taxes,9975,2011,1
Q2-2011,Texas,TX,T09,T09 General Sales and Gross Receipts Taxes,5605,2011,2
Q2-2011,Texas,TX,T10,T10 Alcoholic Beverages Sales Tax,232,2011,2
Q2-2011,Texas,TX,T11,T11 Amusements Sales Tax,8,2011,2
Q2-2011,Texas,TX,T12,T12 Insurance Premiums Sales Tax,-11,2011,2
Q2-2011,Texas,TX,T13,T13 Motor Fuels Sales Tax,795,2011,2
Q2-2011,Texas,TX,T14,T14 Pari-Mutuels Sales Tax,2,2011,2
Q2-2011,Texas,TX,T15,T15 Public Utilities Sales Tax,138,2011,2
Q2-2011,Texas,TX,T16,T16 Tobacco Products Sales Tax,393,2011,2
Q2-2011,Texas,TX,T19,T19 Other Selective Sales and Gross Receipts Taxes,1138,2011,2
Q2-2011,Texas,TX,T20,T20 Alcoholic Beverages License,16,2011,2
Q2-2011,Texas,TX,T21,T21 Amusements License,2,2011,2
Q2-2011,Texas,TX,T22,T22 Corporations In General License,3790,2011,2
Q2-2011,Texas,TX,T23,T23 Hunting and Fishing License,16,2011,2
Q2-2011,Texas,TX,T24,T24 Motor Vehicles License,496,2011,2
Q2-2011,Texas,TX,T25,T25 Motor Vehicle Operators License,33,2011,2
Q2-2011,Texas,TX,T27,T27 Public Utilities License,5,2011,2
Q2-2011,Texas,TX,T28,"T28 Occupation and Business License, Not Elsewhere Classified",120,2011,2
Q2-2011,Texas,TX,T29,T29 Other License Taxes,36,2011,2
Q2-2011,Texas,TX,T50,T50 Death and Gift Taxes,23,2011,2
Q2-2011,Texas,TX,T53,T53 Severance Taxes,725,2011,2
Q2-2011,Texas,TX,T99,"T99 Taxes, Not Elsewhere Classified",0,2011,2
Q2-2011,Texas,TX,TOTAL,Total Taxes,13561,2011,2
Q3-2011,Texas,TX,T09,T09 General Sales and Gross Receipts Taxes,5641,2011,3
Q3-2011,Texas,TX,T10,T10 Alcoholic Beverages Sales Tax,223,2011,3
Q3-2011,Texas,TX,T11,T11 Amusements Sales Tax,8,2011,3
Q3-2011,Texas,TX,T12,T12 Insurance Premiums Sales Tax,578,2011,3
Q3-2011,Texas,TX,T13,T13 Motor Fuels Sales Tax,794,2011,3
Q3-2011,Texas,TX,T14,T14 Pari-Mutuels Sales Tax,2,2011,3
Q3-2011,Texas,TX,T15,T15 Public Utilities Sales Tax,195,2011,3
Q3-2011,Texas,TX,T16,T16 Tobacco Products Sales Tax,391,2011,3
Q3-2011,Texas,TX,T19,T19 Other Selective Sales and Gross Receipts Taxes,1215,2011,3
Q3-2011,Texas,TX,T20,T20 Alcoholic Beverages License,18,2011,3
Q3-2011,Texas,TX,T21,T21 Amusements License,3,2011,3
Q3-2011,Texas,TX,T22,T22 Corporations In General License,212,2011,3
Q3-2011,Texas,TX,T23,T23 Hunting and Fishing License,40,2011,3
Q3-2011,Texas,TX,T24,T24 Motor Vehicles License,436,2011,3
Q3-2011,Texas,TX,T25,T25 Motor Vehicle Operators License,35,2011,3
Q3-2011,Texas,TX,T27,T27 Public Utilities License,6,2011,3
Q3-2011,Texas,TX,T28,"T28 Occupation and Business License, Not Elsewhere Classified",126,2011,3
Q3-2011,Texas,TX,T29,T29 Other License Taxes,36,2011,3
Q3-2011,Texas,TX,T50,T50 Death and Gift Taxes,47,2011,3
Q3-2011,Texas,TX,T53,T53 Severance Taxes,808,2011,3
Q3-2011,Texas,TX,T99,"T99 Taxes, Not Elsewhere Classified",0,2011,3
Q3-2011,Texas,TX,TOTAL,Total Taxes,10813,2011,3
Q4-2011,Texas,TX,T09,T09 General Sales and Gross Receipts Taxes,5977,2011,4
Q4-2011,Texas,TX,T10,T10 Alcoholic Beverages Sales Tax,220,2011,4
Q4-2011,Texas,TX,T11,T11 Amusements Sales Tax,13,2011,4
Q4-2011,Texas,TX,T12,T12 Insurance Premiums Sales Tax,35,2011,4
Q4-2011,Texas,TX,T13,T13 Motor Fuels Sales Tax,780,2011,4
Q4-2011,Texas,TX,T14,T14 Pari-Mutuels Sales Tax,2,2011,4
Q4-2011,Texas,TX,T15,T15 Public Utilities Sales Tax,173,2011,4
Q4-2011,Texas,TX,T16,T16 Tobacco Products Sales Tax,346,2011,4
Q4-2011,Texas,TX,T19,T19 Other Selective Sales and Gross Receipts Taxes,973,2011,4
Q4-2011,Texas,TX,T20,T20 Alcoholic Beverages License,23,2011,4
Q4-2011,Texas,TX,T21,T21 Amusements License,2,2011,4
Q4-2011,Texas,TX,T22,T22 Corporations In General License,-73,2011,4
Q4-2011,Texas,TX,T23,T23 Hunting and Fishing License,31,2011,4
Q4-2011,Texas,TX,T24,T24 Motor Vehicles License,410,2011,4
Q4-2011,Texas,TX,T25,T25 Motor Vehicle Operators License,31,2011,4
Q4-2011,Texas,TX,T27,T27 Public Utilities License,6,2011,4
Q4-2011,Texas,TX,T28,"T28 Occupation and Business License, Not Elsewhere Classified",174,2011,4
Q4-2011,Texas,TX,T29,T29 Other License Taxes,60,2011,4
Q4-2011,Texas,TX,T50,T50 Death and Gift Taxes,355,2011,4
Q4-2011,Texas,TX,T53,T53 Severance Taxes,885,2011,4
Q4-2011,Texas,TX,T99,"T99 Taxes, Not Elsewhere Classified",0,2011,4
Q4-2011,Texas,TX,TOTAL,Total Taxes,10421,2011,4
Q1-2012,Texas,TX,T09,T09 General Sales and Gross Receipts Taxes,5939,2012,1
Q1-2012,Texas,TX,T10,T10 Alcoholic Beverages Sales Tax,231,2012,1
Q1-2012,Texas,TX,T11,T11 Amusements Sales Tax,10,2012,1
Q1-2012,Texas,TX,T12,T12 Insurance Premiums Sales Tax,826,2012,1
Q1-2012,Texas,TX,T13,T13 Motor Fuels Sales Tax,765,2012,1
Q1-2012,Texas,TX,T14,T14 Pari-Mutuels Sales Tax,2,2012,1
Q1-2012,Texas,TX,T15,T15 Public Utilities Sales Tax,127,2012,1
Q1-2012,Texas,TX,T16,T16 Tobacco Products Sales Tax,353,2012,1
Q1-2012,Texas,TX,T19,T19 Other Selective Sales and Gross Receipts Taxes,1143,2012,1
Q1-2012,Texas,TX,T20,T20 Alcoholic Beverages License,16,2012,1
Q1-2012,Texas,TX,T21,T21 Amusements License,3,2012,1
Q1-2012,Texas,TX,T22,T22 Corporations In General License,137,2012,1
Q1-2012,Texas,TX,T23,T23 Hunting and Fishing License,12,2012,1
Q1-2012,Texas,TX,T24,T24 Motor Vehicles License,373,2012,1
Q1-2012,Texas,TX,T25,T25 Motor Vehicle Operators License,34,2012,1
Q1-2012,Texas,TX,T27,T27 Public Utilities License,10,2012,1
Q1-2012,Texas,TX,T28,"T28 Occupation and Business License, Not Elsewhere Classified",188,2012,1
Q1-2012,Texas,TX,T29,T29 Other License Taxes,39,2012,1
Q1-2012,Texas,TX,T53,T53 Severance Taxes,968,2012,1
Q1-2012,Texas,TX,TOTAL,Total Taxes,11176,2012,1
Q2-2012,Texas,TX,T09,T09 General Sales and Gross Receipts Taxes,6193,2012,2
Q2-2012,Texas,TX,T10,T10 Alcoholic Beverages Sales Tax,248,2012,2
Q2-2012,Texas,TX,T11,T11 Amusements Sales Tax,9,2012,2
Q2-2012,Texas,TX,T12,T12 Insurance Premiums Sales Tax,21,2012,2
Q2-2012,Texas,TX,T13,T13 Motor Fuels Sales Tax,816,2012,2
Q2-2012,Texas,TX,T14,T14 Pari-Mutuels Sales Tax,2,2012,2
Q2-2012,Texas,TX,T15,T15 Public Utilities Sales Tax,128,2012,2
Q2-2012,Texas,TX,T16,T16 Tobacco Products Sales Tax,400,2012,2
Q2-2012,Texas,TX,T19,T19 Other Selective Sales and Gross Receipts Taxes,1586,2012,2
Q2-2012,Texas,TX,T20,T20 Alcoholic Beverages License,18,2012,2
Q2-2012,Texas,TX,T21,T21 Amusements License,2,2012,2
Q2-2012,Texas,TX,T22,T22 Corporations In General License,4238,2012,2
Q2-2012,Texas,TX,T23,T23 Hunting and Fishing License,16,2012,2
Q2-2012,Texas,TX,T24,T24 Motor Vehicles License,566,2012,2
Q2-2012,Texas,TX,T25,T25 Motor Vehicle Operators License,32,2012,2
Q2-2012,Texas,TX,T27,T27 Public Utilities License,-2,2012,2
Q2-2012,Texas,TX,T28,"T28 Occupation and Business License, Not Elsewhere Classified",114,2012,2
Q2-2012,Texas,TX,T29,T29 Other License Taxes,39,2012,2
Q2-2012,Texas,TX,T53,T53 Severance Taxes,947,2012,2
Q2-2012,Texas,TX,TOTAL,Total Taxes,15373,2012,2
Q3-2012,Texas,TX,T09,T09 General Sales and Gross Receipts Taxes,6392,2012,3
Q3-2012,Texas,TX,T10,T10 Alcoholic Beverages Sales Tax,239,2012,3
Q3-2012,Texas,TX,T11,T11 Amusements Sales Tax,8,2012,3
Q3-2012,Texas,TX,T12,T12 Insurance Premiums Sales Tax,627,2012,3
Q3-2012,Texas,TX,T13,T13 Motor Fuels Sales Tax,818,2012,3
Q3-2012,Texas,TX,T14,T14 Pari-Mutuels Sales Tax,2,2012,3
Q3-2012,Texas,TX,T15,T15 Public Utilities Sales Tax,191,2012,3
Q3-2012,Texas,TX,T16,T16 Tobacco Products Sales Tax,371,2012,3
Q3-2012,Texas,TX,T19,T19 Other Selective Sales and Gross Receipts Taxes,1469,2012,3
Q3-2012,Texas,TX,T20,T20 Alcoholic Beverages License,16,2012,3
Q3-2012,Texas,TX,T21,T21 Amusements License,3,2012,3
Q3-2012,Texas,TX,T22,T22 Corporations In General License,242,2012,3
Q3-2012,Texas,TX,T23,T23 Hunting and Fishing License,44,2012,3
Q3-2012,Texas,TX,T24,T24 Motor Vehicles License,484,2012,3
Q3-2012,Texas,TX,T25,T25 Motor Vehicle Operators License,34,2012,3
Q3-2012,Texas,TX,T27,T27 Public Utilities License,4,2012,3
Q3-2012,Texas,TX,T28,"T28 Occupation and Business License, Not Elsewhere Classified",144,2012,3
Q3-2012,Texas,TX,T29,T29 Other License Taxes,40,2012,3
Q3-2012,Texas,TX,T53,T53 Severance Taxes,855,2012,3
Q3-2012,Texas,TX,TOTAL,Total Taxes,11982,2012,3
Q4-2012,Texas,TX,T09,T09 General Sales and Gross Receipts Taxes,6606,2012,4
Q4-2012,Texas,TX,T10,T10 Alcoholic Beverages Sales Tax,234,2012,4
Q4-2012,Texas,TX,T11,T11 Amusements Sales Tax,14,2012,4
Q4-2012,Texas,TX,T12,T12 Insurance Premiums Sales Tax,47,2012,4
Q4-2012,Texas,TX,T13,T13 Motor Fuels Sales Tax,800,2012,4
Q4-2012,Texas,TX,T14,T14 Pari-Mutuels Sales Tax,2,2012,4
Q4-2012,Texas,TX,T15,T15 Public Utilities Sales Tax,174,2012,4
Q4-2012,Texas,TX,T16,T16 Tobacco Products Sales Tax,416,2012,4
Q4-2012,Texas,TX,T19,T19 Other Selective Sales and Gross Receipts Taxes,1092,2012,4
Q4-2012,Texas,TX,T20,T20 Alcoholic Beverages License,11,2012,4
Q4-2012,Texas,TX,T21,T21 Amusements License,2,2012,4
Q4-2012,Texas,TX,T22,T22 Corporations In General License,-95,2012,4
Q4-2012,Texas,TX,T23,T23 Hunting and Fishing License,31,2012,4
Q4-2012,Texas,TX,T24,T24 Motor Vehicles License,444,2012,4
Q4-2012,Texas,TX,T25,T25 Motor Vehicle Operators License,30,2012,4
Q4-2012,Texas,TX,T27,T27 Public Utilities License,6,2012,4
Q4-2012,Texas,TX,T28,"T28 Occupation and Business License, Not Elsewhere Classified",144,2012,4
Q4-2012,Texas,TX,T29,T29 Other License Taxes,62,2012,4
Q4-2012,Texas,TX,T53,T53 Severance Taxes,1000,2012,4
Q4-2012,Texas,TX,TOTAL,Total Taxes,11019,2012,4
Q1-2013,Texas,TX,T09,T09 General Sales and Gross Receipts Taxes,6240,2013,1
Q1-2013,Texas,TX,T10,T10 Alcoholic Beverages Sales Tax,241,2013,1
Q1-2013,Texas,TX,T11,T11 Amusements Sales Tax,10,2013,1
Q1-2013,Texas,TX,T12,T12 Insurance Premiums Sales Tax,1018,2013,1
Q1-2013,Texas,TX,T13,T13 Motor Fuels Sales Tax,759,2013,1
Q1-2013,Texas,TX,T14,T14 Pari-Mutuels Sales Tax,2,2013,1
Q1-2013,Texas,TX,T15,T15 Public Utilities Sales Tax,144,2013,1
Q1-2013,Texas,TX,T16,T16 Tobacco Products Sales Tax,328,2013,1
Q1-2013,Texas,TX,T19,T19 Other Selective Sales and Gross Receipts Taxes,1159,2013,1
Q1-2013,Texas,TX,T20,T20 Alcoholic Beverages License,18,2013,1
Q1-2013,Texas,TX,T21,T21 Amusements License,2,2013,1
Q1-2013,Texas,TX,T22,T22 Corporations In General License,150,2013,1
Q1-2013,Texas,TX,T23,T23 Hunting and Fishing License,11,2013,1
Q1-2013,Texas,TX,T24,T24 Motor Vehicles License,401,2013,1
Q1-2013,Texas,TX,T25,T25 Motor Vehicle Operators License,33,2013,1
Q1-2013,Texas,TX,T27,T27 Public Utilities License,11,2013,1
Q1-2013,Texas,TX,T28,"T28 Occupation and Business License, Not Elsewhere Classified",167,2013,1
Q1-2013,Texas,TX,T29,T29 Other License Taxes,46,2013,1
Q1-2013,Texas,TX,T53,T53 Severance Taxes,1119,2013,1
Q1-2013,Texas,TX,TOTAL,Total Taxes,11859,2013,1
Q2-2013,Texas,TX,T09,T09 General Sales and Gross Receipts Taxes,11166,2013,2
Q2-2013,Texas,TX,T10,T10 Alcoholic Beverages Sales Tax,261,2013,2
Q2-2013,Texas,TX,T11,T11 Amusements Sales Tax,8,2013,2
Q2-2013,Texas,TX,T12,T12 Insurance Premiums Sales Tax,16,2013,2
Q2-2013,Texas,TX,T13,T13 Motor Fuels Sales Tax,837,2013,2
Q2-2013,Texas,TX,T14,T14 Pari-Mutuels Sales Tax,2,2013,2
Q2-2013,Texas,TX,T15,T15 Public Utilities Sales Tax,161,2013,2
Q2-2013,Texas,TX,T16,T16 Tobacco Products Sales Tax,399,2013,2
Q2-2013,Texas,TX,T19,T19 Other Selective Sales and Gross Receipts Taxes,1089,2013,2
Q2-2013,Texas,TX,T20,T20 Alcoholic Beverages License,17,2013,2
Q2-2013,Texas,TX,T21,T21 Amusements License,2,2013,2
Q2-2013,Texas,TX,T22,T22 Corporations In General License,20,2013,2
Q2-2013,Texas,TX,T23,T23 Hunting and Fishing License,15,2013,2
Q2-2013,Texas,TX,T24,T24 Motor Vehicles License,623,2013,2
Q2-2013,Texas,TX,T25,T25 Motor Vehicle Operators License,34,2013,2
Q2-2013,Texas,TX,T27,T27 Public Utilities License,0,2013,2
Q2-2013,Texas,TX,T28,"T28 Occupation and Business License, Not Elsewhere Classified",134,2013,2
Q2-2013,Texas,TX,T29,T29 Other License Taxes,37,2013,2
Q2-2013,Texas,TX,T53,T53 Severance Taxes,1212,2013,2
Q2-2013,Texas,TX,TOTAL,Total Taxes,16032,2013,2
Q3-2013,Texas,TX,T09,T09 General Sales and Gross Receipts Taxes,6862,2013,3
Q3-2013,Texas,TX,T10,T10 Alcoholic Beverages Sales Tax,251,2013,3
Q3-2013,Texas,TX,T11,T11 Amusements Sales Tax,8,2013,3
Q3-2013,Texas,TX,T12,T12 Insurance Premiums Sales Tax,656,2013,3
Q3-2013,Texas,TX,T13,T13 Motor Fuels Sales Tax,832,2013,3
Q3-2013,Texas,TX,T14,T14 Pari-Mutuels Sales Tax,2,2013,3
Q3-2013,Texas,TX,T15,T15 Public Utilities Sales Tax,229,2013,3
Q3-2013,Texas,TX,T16,T16 Tobacco Products Sales Tax,391,2013,3
Q3-2013,Texas,TX,T19,T19 Other Selective Sales and Gross Receipts Taxes,1267,2013,3
Q3-2013,Texas,TX,T20,T20 Alcoholic Beverages License,19,2013,3
Q3-2013,Texas,TX,T21,T21 Amusements License,3,2013,3
Q3-2013,Texas,TX,T22,T22 Corporations In General License,39,2013,3
Q3-2013,Texas,TX,T23,T23 Hunting and Fishing License,48,2013,3
Q3-2013,Texas,TX,T24,T24 Motor Vehicles License,541,2013,3
Q3-2013,Texas,TX,T25,T25 Motor Vehicle Operators License,36,2013,3
Q3-2013,Texas,TX,T27,T27 Public Utilities License,5,2013,3
Q3-2013,Texas,TX,T28,"T28 Occupation and Business License, Not Elsewhere Classified",132,2013,3
Q3-2013,Texas,TX,T29,T29 Other License Taxes,35,2013,3
Q3-2013,Texas,TX,T53,T53 Severance Taxes,1395,2013,3
Q3-2013,Texas,TX,TOTAL,Total Taxes,12749,2013,3
Q4-2013,Texas,TX,T09,T09 General Sales and Gross Receipts Taxes,6694,2013,4
Q4-2013,Texas,TX,T10,T10 Alcoholic Beverages Sales Tax,246,2013,4
Q4-2013,Texas,TX,T11,T11 Amusements Sales Tax,7,2013,4
Q4-2013,Texas,TX,T12,T12 Insurance Premiums Sales Tax,46,2013,4
Q4-2013,Texas,TX,T13,T13 Motor Fuels Sales Tax,813,2013,4
Q4-2013,Texas,TX,T14,T14 Pari-Mutuels Sales Tax,2,2013,4
Q4-2013,Texas,TX,T15,T15 Public Utilities Sales Tax,163,2013,4
Q4-2013,Texas,TX,T16,T16 Tobacco Products Sales Tax,372,2013,4
Q4-2013,Texas,TX,T19,T19 Other Selective Sales and Gross Receipts Taxes,1122,2013,4
Q4-2013,Texas,TX,T20,T20 Alcoholic Beverages License,19,2013,4
Q4-2013,Texas,TX,T21,T21 Amusements License,9,2013,4
Q4-2013,Texas,TX,T22,T22 Corporations In General License,18,2013,4
Q4-2013,Texas,TX,T23,T23 Hunting and Fishing License,29,2013,4
Q4-2013,Texas,TX,T24,T24 Motor Vehicles License,496,2013,4
Q4-2013,Texas,TX,T25,T25 Motor Vehicle Operators License,31,2013,4
Q4-2013,Texas,TX,T27,T27 Public Utilities License,6,2013,4
Q4-2013,Texas,TX,T28,"T28 Occupation and Business License, Not Elsewhere Classified",178,2013,4
Q4-2013,Texas,TX,T29,T29 Other License Taxes,50,2013,4
Q4-2013,Texas,TX,T53,T53 Severance Taxes,1346,2013,4
Q4-2013,Texas,TX,TOTAL,Total Taxes,11645,2013,4
Q1-2014,Texas,TX,T09,T09 General Sales and Gross Receipts Taxes,6813,2014,1
Q1-2014,Texas,TX,T10,T10 Alcoholic Beverages Sales Tax,251,2014,1
Q1-2014,Texas,TX,T11,T11 Amusements Sales Tax,7,2014,1
Q1-2014,Texas,TX,T12,T12 Insurance Premiums Sales Tax,1083,2014,1
Q1-2014,Texas,TX,T13,T13 Motor Fuels Sales Tax,787,2014,1
Q1-2014,Texas,TX,T14,T14 Pari-Mutuels Sales Tax,2,2014,1
Q1-2014,Texas,TX,T15,T15 Public Utilities Sales Tax,143,2014,1
Q1-2014,Texas,TX,T16,T16 Tobacco Products Sales Tax,321,2014,1
Q1-2014,Texas,TX,T19,T19 Other Selective Sales and Gross Receipts Taxes,1196,2014,1
Q1-2014,Texas,TX,T20,T20 Alcoholic Beverages License,21,2014,1
Q1-2014,Texas,TX,T21,T21 Amusements License,5,2014,1
Q1-2014,Texas,TX,T22,T22 Corporations In General License,41,2014,1
Q1-2014,Texas,TX,T23,T23 Hunting and Fishing License,11,2014,1
Q1-2014,Texas,TX,T24,T24 Motor Vehicles License,453,2014,1
Q1-2014,Texas,TX,T25,T25 Motor Vehicle Operators License,38,2014,1
Q1-2014,Texas,TX,T27,T27 Public Utilities License,11,2014,1
Q1-2014,Texas,TX,T28,"T28 Occupation and Business License, Not Elsewhere Classified",215,2014,1
Q1-2014,Texas,TX,T29,T29 Other License Taxes,43,2014,1
Q1-2014,Texas,TX,T53,T53 Severance Taxes,1392,2014,1
Q1-2014,Texas,TX,TOTAL,Total Taxes,12831,2014,1
Q2-2014,Texas,TX,T09,T09 General Sales and Gross Receipts Taxes,11549,2014,2
Q2-2014,Texas,TX,T10,T10 Alcoholic Beverages Sales Tax,295,2014,2
Q2-2014,Texas,TX,T11,T11 Amusements Sales Tax,8,2014,2
Q2-2014,Texas,TX,T12,T12 Insurance Premiums Sales Tax,17,2014,2
Q2-2014,Texas,TX,T13,T13 Motor Fuels Sales Tax,862,2014,2
Q2-2014,Texas,TX,T14,T14 Pari-Mutuels Sales Tax,2,2014,2
Q2-2014,Texas,TX,T15,T15 Public Utilities Sales Tax,152,2014,2
Q2-2014,Texas,TX,T16,T16 Tobacco Products Sales Tax,378,2014,2
Q2-2014,Texas,TX,T19,T19 Other Selective Sales and Gross Receipts Taxes,1175,2014,2
Q2-2014,Texas,TX,T20,T20 Alcoholic Beverages License,18,2014,2
Q2-2014,Texas,TX,T21,T21 Amusements License,3,2014,2
Q2-2014,Texas,TX,T22,T22 Corporations In General License,23,2014,2
Q2-2014,Texas,TX,T23,T23 Hunting and Fishing License,16,2014,2
Q2-2014,Texas,TX,T24,T24 Motor Vehicles License,668,2014,2
Q2-2014,Texas,TX,T25,T25 Motor Vehicle Operators License,35,2014,2
Q2-2014,Texas,TX,T27,T27 Public Utilities License,6,2014,2
Q2-2014,Texas,TX,T28,"T28 Occupation and Business License, Not Elsewhere Classified",136,2014,2
Q2-2014,Texas,TX,T29,T29 Other License Taxes,32,2014,2
Q2-2014,Texas,TX,T53,T53 Severance Taxes,1547,2014,2
Q2-2014,Texas,TX,TOTAL,Total Taxes,16921,2014,2
Q3-2014,Texas,TX,T09,T09 General Sales and Gross Receipts Taxes,7280,2014,3
Q3-2014,Texas,TX,T10,T10 Alcoholic Beverages Sales Tax,276,2014,3
Q3-2014,Texas,TX,T11,T11 Amusements Sales Tax,7,2014,3
Q3-2014,Texas,TX,T12,T12 Insurance Premiums Sales Tax,741,2014,3
Q3-2014,Texas,TX,T13,T13 Motor Fuels Sales Tax,865,2014,3
Q3-2014,Texas,TX,T14,T14 Pari-Mutuels Sales Tax,2,2014,3
Q3-2014,Texas,TX,T15,T15 Public Utilities Sales Tax,194,2014,3
Q3-2014,Texas,TX,T16,T16 Tobacco Products Sales Tax,376,2014,3
Q3-2014,Texas,TX,T19,T19 Other Selective Sales and Gross Receipts Taxes,1387,2014,3
Q3-2014,Texas,TX,T20,T20 Alcoholic Beverages License,15,2014,3
Q3-2014,Texas,TX,T21,T21 Amusements License,4,2014,3
Q3-2014,Texas,TX,T22,T22 Corporations In General License,43,2014,3
Q3-2014,Texas,TX,T23,T23 Hunting and Fishing License,48,2014,3
Q3-2014,Texas,TX,T24,T24 Motor Vehicles License,561,2014,3
Q3-2014,Texas,TX,T25,T25 Motor Vehicle Operators License,36,2014,3
Q3-2014,Texas,TX,T27,T27 Public Utilities License,6,2014,3
Q3-2014,Texas,TX,T28,"T28 Occupation and Business License, Not Elsewhere Classified",140,2014,3
Q3-2014,Texas,TX,T29,T29 Other License Taxes,39,2014,3
Q3-2014,Texas,TX,T53,T53 Severance Taxes,1730,2014,3
Q3-2014,Texas,TX,TOTAL,Total Taxes,13749,2014,3
Q4-2014,Texas,TX,T09,T09 General Sales and Gross Receipts Taxes,7050,2014,4
Q4-2014,Texas,TX,T10,T10 Alcoholic Beverages Sales Tax,275,2014,4
Q4-2014,Texas,TX,T11,T11 Amusements Sales Tax,8,2014,4
Q4-2014,Texas,TX,T12,T12 Insurance Premiums Sales Tax,54,2014,4
Q4-2014,Texas,TX,T13,T13 Motor Fuels Sales Tax,861,2014,4
Q4-2014,Texas,TX,T14,T14 Pari-Mutuels Sales Tax,2,2014,4
Q4-2014,Texas,TX,T15,T15 Public Utilities Sales Tax,164,2014,4
Q4-2014,Texas,TX,T16,T16 Tobacco Products Sales Tax,380,2014,4
Q4-2014,Texas,TX,T19,T19 Other Selective Sales and Gross Receipts Taxes,1269,2014,4
Q4-2014,Texas,TX,T20,T20 Alcoholic Beverages License,12,2014,4
Q4-2014,Texas,TX,T21,T21 Amusements License,9,2014,4
Q4-2014,Texas,TX,T22,T22 Corporations In General License,19,2014,4
Q4-2014,Texas,TX,T23,T23 Hunting and Fishing License,31,2014,4
Q4-2014,Texas,TX,T24,T24 Motor Vehicles License,510,2014,4
Q4-2014,Texas,TX,T25,T25 Motor Vehicle Operators License,31,2014,4
Q4-2014,Texas,TX,T27,T27 Public Utilities License,2,2014,4
Q4-2014,Texas,TX,T28,"T28 Occupation and Business License, Not Elsewhere Classified",196,2014,4
Q4-2014,Texas,TX,T29,T29 Other License Taxes,59,2014,4
Q4-2014,Texas,TX,T53,T53 Severance Taxes,1381,2014,4
Q4-2014,Texas,TX,TOTAL,Total Taxes,12312,2014,4
Q1-2015,Texas,TX,T09,T09 General Sales and Gross Receipts Taxes,7462,2015,1
Q1-2015,Texas,TX,T10,T10 Alcoholic Beverages Sales Tax,281,2015,1
Q1-2015,Texas,TX,T11,T11 Amusements Sales Tax,7,2015,1
Q1-2015,Texas,TX,T12,T12 Insurance Premiums Sales Tax,1132,2015,1
Q1-2015,Texas,TX,T13,T13 Motor Fuels Sales Tax,832,2015,1
Q1-2015,Texas,TX,T14,T14 Pari-Mutuels Sales Tax,2,2015,1
Q1-2015,Texas,TX,T15,T15 Public Utilities Sales Tax,152,2015,1
Q1-2015,Texas,TX,T16,T16 Tobacco Products Sales Tax,333,2015,1
Q1-2015,Texas,TX,T19,T19 Other Selective Sales and Gross Receipts Taxes,1256,2015,1
Q1-2015,Texas,TX,T20,T20 Alcoholic Beverages License,18,2015,1
Q1-2015,Texas,TX,T21,T21 Amusements License,5,2015,1
Q1-2015,Texas,TX,T22,T22 Corporations In General License,43,2015,1
Q1-2015,Texas,TX,T23,T23 Hunting and Fishing License,10,2015,1
Q1-2015,Texas,TX,T24,T24 Motor Vehicles License,485,2015,1
Q1-2015,Texas,TX,T25,T25 Motor Vehicle Operators License,34,2015,1
Q1-2015,Texas,TX,T27,T27 Public Utilities License,3,2015,1
Q1-2015,Texas,TX,T28,"T28 Occupation and Business License, Not Elsewhere Classified",209,2015,1
Q1-2015,Texas,TX,T29,T29 Other License Taxes,37,2015,1
Q1-2015,Texas,TX,T53,T53 Severance Taxes,931,2015,1
Q1-2015,Texas,TX,TOTAL,Total Taxes,13233,2015,1
Q2-2015,Texas,TX,T09,T09 General Sales and Gross Receipts Taxes,11803,2015,2
Q2-2015,Texas,TX,T10,T10 Alcoholic Beverages Sales Tax,285,2015,2
Q2-2015,Texas,TX,T11,T11 Amusements Sales Tax,8,2015,2
Q2-2015,Texas,TX,T12,T12 Insurance Premiums Sales Tax,6,2015,2
Q2-2015,Texas,TX,T13,T13 Motor Fuels Sales Tax,857,2015,2
Q2-2015,Texas,TX,T14,T14 Pari-Mutuels Sales Tax,2,2015,2
Q2-2015,Texas,TX,T15,T15 Public Utilities Sales Tax,151,2015,2
Q2-2015,Texas,TX,T16,T16 Tobacco Products Sales Tax,390,2015,2
Q2-2015,Texas,TX,T19,T19 Other Selective Sales and Gross Receipts Taxes,1239,2015,2
Q2-2015,Texas,TX,T20,T20 Alcoholic Beverages License,18,2015,2
Q2-2015,Texas,TX,T21,T21 Amusements License,3,2015,2
Q2-2015,Texas,TX,T22,T22 Corporations In General License,22,2015,2
Q2-2015,Texas,TX,T23,T23 Hunting and Fishing License,16,2015,2
Q2-2015,Texas,TX,T24,T24 Motor Vehicles License,586,2015,2
Q2-2015,Texas,TX,T25,T25 Motor Vehicle Operators License,35,2015,2
Q2-2015,Texas,TX,T27,T27 Public Utilities License,5,2015,2
Q2-2015,Texas,TX,T28,"T28 Occupation and Business License, Not Elsewhere Classified",143,2015,2
Q2-2015,Texas,TX,T29,T29 Other License Taxes,33,2015,2
Q2-2015,Texas,TX,T53,T53 Severance Taxes,833,2015,2
Q2-2015,Texas,TX,TOTAL,Total Taxes,16437,2015,2
Q3-2015,Texas,TX,T09,T09 General Sales and Gross Receipts Taxes,7349,2015,3
Q3-2015,Texas,TX,T10,T10 Alcoholic Beverages Sales Tax,306,2015,3
Q3-2015,Texas,TX,T11,T11 Amusements Sales Tax,8,2015,3
Q3-2015,Texas,TX,T12,T12 Insurance Premiums Sales Tax,796,2015,3
Q3-2015,Texas,TX,T13,T13 Motor Fuels Sales Tax,912,2015,3
Q3-2015,Texas,TX,T14,T14 Pari-Mutuels Sales Tax,2,2015,3
Q3-2015,Texas,TX,T15,T15 Public Utilities Sales Tax,188,2015,3
Q3-2015,Texas,TX,T16,T16 Tobacco Products Sales Tax,388,2015,3
Q3-2015,Texas,TX,T19,T19 Other Selective Sales and Gross Receipts Taxes,1446,2015,3
Q3-2015,Texas,TX,T20,T20 Alcoholic Beverages License,20,2015,3
Q3-2015,Texas,TX,T21,T21 Amusements License,3,2015,3
Q3-2015,Texas,TX,T22,T22 Corporations In General License,44,2015,3
Q3-2015,Texas,TX,T23,T23 Hunting and Fishing License,51,2015,3
Q3-2015,Texas,TX,T24,T24 Motor Vehicles License,527,2015,3
Q3-2015,Texas,TX,T25,T25 Motor Vehicle Operators License,37,2015,3
Q3-2015,Texas,TX,T27,T27 Public Utilities License,-2,2015,3
Q3-2015,Texas,TX,T28,"T28 Occupation and Business License, Not Elsewhere Classified",138,2015,3
Q3-2015,Texas,TX,T29,T29 Other License Taxes,32,2015,3
Q3-2015,Texas,TX,T53,T53 Severance Taxes,861,2015,3
Q3-2015,Texas,TX,TOTAL,Total Taxes,13105,2015,3
Q4-2015,Texas,TX,T09,T09 General Sales and Gross Receipts Taxes,7084,2015,4
Q4-2015,Texas,TX,T10,T10 Alcoholic Beverages Sales Tax,286,2015,4
Q4-2015,Texas,TX,T11,T11 Amusements Sales Tax,8,2015,4
Q4-2015,Texas,TX,T12,T12 Insurance Premiums Sales Tax,54,2015,4
Q4-2015,Texas,TX,T13,T13 Motor Fuels Sales Tax,857,2015,4
Q4-2015,Texas,TX,T14,T14 Pari-Mutuels Sales Tax,2,2015,4
Q4-2015,Texas,TX,T15,T15 Public Utilities Sales Tax,158,2015,4
Q4-2015,Texas,TX,T16,T16 Tobacco Products Sales Tax,376,2015,4
Q4-2015,Texas,TX,T19,T19 Other Selective Sales and Gross Receipts Taxes,1281,2015,4
Q4-2015,Texas,TX,T20,T20 Alcoholic Beverages License,21,2015,4
Q4-2015,Texas,TX,T21,T21 Amusements License,9,2015,4
Q4-2015,Texas,TX,T22,T22 Corporations In General License,21,2015,4
Q4-2015,Texas,TX,T23,T23 Hunting and Fishing License,31,2015,4
Q4-2015,Texas,TX,T24,T24 Motor Vehicles License,510,2015,4
Q4-2015,Texas,TX,T25,T25 Motor Vehicle Operators License,31,2015,4
Q4-2015,Texas,TX,T27,T27 Public Utilities License,8,2015,4
Q4-2015,Texas,TX,T28,"T28 Occupation and Business License, Not Elsewhere Classified",173,2015,4
Q4-2015,Texas,TX,T29,T29 Other License Taxes,60,2015,4
Q4-2015,Texas,TX,T53,T53 Severance Taxes,750,2015,4
Q4-2015,Texas,TX,TOTAL,Total Taxes,11720,2015,4
Q1-2016,Texas,TX,T09,T09 General Sales and Gross Receipts Taxes,7190,2016,1
Q1-2016,Texas,TX,T10,T10 Alcoholic Beverages Sales Tax,296,2016,1
Q1-2016,Texas,TX,T11,T11 Amusements Sales Tax,7,2016,1
Q1-2016,Texas,TX,T12,T12 Insurance Premiums Sales Tax,1265,2016,1
Q1-2016,Texas,TX,T13,T13 Motor Fuels Sales Tax,860,2016,1
Q1-2016,Texas,TX,T14,T14 Pari-Mutuels Sales Tax,2,2016,1
Q1-2016,Texas,TX,T15,T15 Public Utilities Sales Tax,142,2016,1
Q1-2016,Texas,TX,T16,T16 Tobacco Products Sales Tax,347,2016,1
Q1-2016,Texas,TX,T19,T19 Other Selective Sales and Gross Receipts Taxes,1272,2016,1
Q1-2016,Texas,TX,T20,T20 Alcoholic Beverages License,13,2016,1
Q1-2016,Texas,TX,T21,T21 Amusements License,5,2016,1
Q1-2016,Texas,TX,T22,T22 Corporations In General License,44,2016,1
Q1-2016,Texas,TX,T23,T23 Hunting and Fishing License,13,2016,1
Q1-2016,Texas,TX,T24,T24 Motor Vehicles License,517,2016,1
Q1-2016,Texas,TX,T25,T25 Motor Vehicle Operators License,35,2016,1
Q1-2016,Texas,TX,T27,T27 Public Utilities License,5,2016,1
Q1-2016,Texas,TX,T28,"T28 Occupation and Business License, Not Elsewhere Classified",124,2016,1
Q1-2016,Texas,TX,T29,T29 Other License Taxes,43,2016,1
Q1-2016,Texas,TX,T53,T53 Severance Taxes,435,2016,1
Q1-2016,Texas,TX,TOTAL,Total Taxes,12612,2016,1
Q2-2016,Texas,TX,T09,T09 General Sales and Gross Receipts Taxes,10771,2016,2
Q2-2016,Texas,TX,T10,T10 Alcoholic Beverages Sales Tax,315,2016,2
Q2-2016,Texas,TX,T11,T11 Amusements Sales Tax,8,2016,2
Q2-2016,Texas,TX,T12,T12 Insurance Premiums Sales Tax,-23,2016,2
Q2-2016,Texas,TX,T13,T13 Motor Fuels Sales Tax,885,2016,2
Q2-2016,Texas,TX,T14,T14 Pari-Mutuels Sales Tax,2,2016,2
Q2-2016,Texas,TX,T15,T15 Public Utilities Sales Tax,133,2016,2
Q2-2016,Texas,TX,T16,T16 Tobacco Products Sales Tax,385,2016,2
Q2-2016,Texas,TX,T19,T19 Other Selective Sales and Gross Receipts Taxes,1247,2016,2
Q2-2016,Texas,TX,T20,T20 Alcoholic Beverages License,24,2016,2
Q2-2016,Texas,TX,T21,T21 Amusements License,4,2016,2
Q2-2016,Texas,TX,T22,T22 Corporations In General License,27,2016,2
Q2-2016,Texas,TX,T23,T23 Hunting and Fishing License,15,2016,2
Q2-2016,Texas,TX,T24,T24 Motor Vehicles License,634,2016,2
Q2-2016,Texas,TX,T25,T25 Motor Vehicle Operators License,34,2016,2
Q2-2016,Texas,TX,T27,T27 Public Utilities License,4,2016,2
Q2-2016,Texas,TX,T28,"T28 Occupation and Business License, Not Elsewhere Classified",109,2016,2
Q2-2016,Texas,TX,T29,T29 Other License Taxes,31,2016,2
Q2-2016,Texas,TX,T53,T53 Severance Taxes,517,2016,2
Q2-2016,Texas,TX,TOTAL,Total Taxes,15121,2016,2
Q3-2016,Texas,TX,T09,T09 General Sales and Gross Receipts Taxes,7087,2016,3
Q3-2016,Texas,TX,T10,T10 Alcoholic Beverages Sales Tax,295,2016,3
Q3-2016,Texas,TX,T11,T11 Amusements Sales Tax,7,2016,3
Q3-2016,Texas,TX,T12,T12 Insurance Premiums Sales Tax,876,2016,3
Q3-2016,Texas,TX,T13,T13 Motor Fuels Sales Tax,898,2016,3
Q3-2016,Texas,TX,T14,T14 Pari-Mutuels Sales Tax,2,2016,3
Q3-2016,Texas,TX,T15,T15 Public Utilities Sales Tax,174,2016,3
Q3-2016,Texas,TX,T16,T16 Tobacco Products Sales Tax,372,2016,3
Q3-2016,Texas,TX,T19,T19 Other Selective Sales and Gross Receipts Taxes,1454,2016,3
Q3-2016,Texas,TX,T20,T20 Alcoholic Beverages License,16,2016,3
Q3-2016,Texas,TX,T21,T21 Amusements License,2,2016,3
Q3-2016,Texas,TX,T22,T22 Corporations In General License,45,2016,3
Q3-2016,Texas,TX,T23,T23 Hunting and Fishing License,51,2016,3
Q3-2016,Texas,TX,T24,T24 Motor Vehicles License,567,2016,3
Q3-2016,Texas,TX,T25,T25 Motor Vehicle Operators License,37,2016,3
Q3-2016,Texas,TX,T27,T27 Public Utilities License,4,2016,3
Q3-2016,Texas,TX,T28,"T28 Occupation and Business License, Not Elsewhere Classified",112,2016,3
Q3-2016,Texas,TX,T29,T29 Other License Taxes,35,2016,3
Q3-2016,Texas,TX,T53,T53 Severance Taxes,646,2016,3
Q3-2016,Texas,TX,TOTAL,Total Taxes,12680,2016,3
Q4-2016,Texas,TX,T09,T09 General Sales and Gross Receipts Taxes,6991,2016,4
Q4-2016,Texas,TX,T10,T10 Alcoholic Beverages Sales Tax,298,2016,4
Q4-2016,Texas,TX,T11,T11 Amusements Sales Tax,7,2016,4
Q4-2016,Texas,TX,T12,T12 Insurance Premiums Sales Tax,69,2016,4
Q4-2016,Texas,TX,T13,T13 Motor Fuels Sales Tax,891,2016,4
Q4-2016,Texas,TX,T14,T14 Pari-Mutuels Sales Tax,1,2016,4
Q4-2016,Texas,TX,T15,T15 Public Utilities Sales Tax,156,2016,4
Q4-2016,Texas,TX,T16,T16 Tobacco Products Sales Tax,366,2016,4
Q4-2016,Texas,TX,T19,T19 Other Selective Sales and Gross Receipts Taxes,1275,2016,4
Q4-2016,Texas,TX,T20,T20 Alcoholic Beverages License,12,2016,4
Q4-2016,Texas,TX,T21,T21 Amusements License,9,2016,4
Q4-2016,Texas,TX,T22,T22 Corporations In General License,21,2016,4
Q4-2016,Texas,TX,T23,T23 Hunting and Fishing License,31,2016,4
Q4-2016,Texas,TX,T24,T24 Motor Vehicles License,512,2016,4
Q4-2016,Texas,TX,T25,T25 Motor Vehicle Operators License,32,2016,4
Q4-2016,Texas,TX,T27,T27 Public Utilities License,8,2016,4
Q4-2016,Texas,TX,T28,"T28 Occupation and Business License, Not Elsewhere Classified",190,2016,4
Q4-2016,Texas,TX,T29,T29 Other License Taxes,58,2016,4
Q4-2016,Texas,TX,T53,T53 Severance Taxes,723,2016,4
Q4-2016,Texas,TX,TOTAL,Total Taxes,11652,2016,4
Q1-2017,Texas,TX,T09,T09 General Sales and Gross Receipts Taxes,7122,2017,1
Q1-2017,Texas,TX,T10,T10 Alcoholic Beverages Sales Tax,303,2017,1
Q1-2017,Texas,TX,T11,T11 Amusements Sales Tax,7,2017,1
Q1-2017,Texas,TX,T12,T12 Insurance Premiums Sales Tax,1349,2017,1
Q1-2017,Texas,TX,T13,T13 Motor Fuels Sales Tax,852,2017,1
Q1-2017,Texas,TX,T14,T14 Pari-Mutuels Sales Tax,2,2017,1
Q1-2017,Texas,TX,T15,T15 Public Utilities Sales Tax,143,2017,1
Q1-2017,Texas,TX,T16,T16 Tobacco Products Sales Tax,352,2017,1
Q1-2017,Texas,TX,T19,T19 Other Selective Sales and Gross Receipts Taxes,1336,2017,1
Q1-2017,Texas,TX,T20,T20 Alcoholic Beverages License,19,2017,1
Q1-2017,Texas,TX,T21,T21 Amusements License,5,2017,1
Q1-2017,Texas,TX,T22,T22 Corporations In General License,47,2017,1
Q1-2017,Texas,TX,T23,T23 Hunting and Fishing License,14,2017,1
Q1-2017,Texas,TX,T24,T24 Motor Vehicles License,500,2017,1
Q1-2017,Texas,TX,T25,T25 Motor Vehicle Operators License,38,2017,1
Q1-2017,Texas,TX,T27,T27 Public Utilities License,10,2017,1
Q1-2017,Texas,TX,T28,"T28 Occupation and Business License, Not Elsewhere Classified",124,2017,1
Q1-2017,Texas,TX,T29,T29 Other License Taxes,41,2017,1
Q1-2017,Texas,TX,T53,T53 Severance Taxes,845,2017,1
Q1-2017,Texas,TX,TOTAL,Total Taxes,13109,2017,1
Q2-2017,Texas,TX,T09,T09 General Sales and Gross Receipts Taxes,10840,2017,2
Q2-2017,Texas,TX,T10,T10 Alcoholic Beverages Sales Tax,327,2017,2
Q2-2017,Texas,TX,T11,T11 Amusements Sales Tax,8,2017,2
Q2-2017,Texas,TX,T12,T12 Insurance Premiums Sales Tax,-48,2017,2
Q2-2017,Texas,TX,T13,T13 Motor Fuels Sales Tax,933,2017,2
Q2-2017,Texas,TX,T14,T14 Pari-Mutuels Sales Tax,2,2017,2
Q2-2017,Texas,TX,T15,T15 Public Utilities Sales Tax,134,2017,2
Q2-2017,Texas,TX,T16,T16 Tobacco Products Sales Tax,370,2017,2
Q2-2017,Texas,TX,T19,T19 Other Selective Sales and Gross Receipts Taxes,1194,2017,2
Q2-2017,Texas,TX,T20,T20 Alcoholic Beverages License,18,2017,2
Q2-2017,Texas,TX,T21,T21 Amusements License,3,2017,2
Q2-2017,Texas,TX,T22,T22 Corporations In General License,28,2017,2
Q2-2017,Texas,TX,T23,T23 Hunting and Fishing License,16,2017,2
Q2-2017,Texas,TX,T24,T24 Motor Vehicles License,662,2017,2
Q2-2017,Texas,TX,T25,T25 Motor Vehicle Operators License,35,2017,2
Q2-2017,Texas,TX,T27,T27 Public Utilities License,1,2017,2
Q2-2017,Texas,TX,T28,"T28 Occupation and Business License, Not Elsewhere Classified",117,2017,2
Q2-2017,Texas,TX,T29,T29 Other License Taxes,33,2017,2
Q2-2017,Texas,TX,T53,T53 Severance Taxes,856,2017,2
Q2-2017,Texas,TX,TOTAL,Total Taxes,15529,2017,2
Q3-2017,Texas,TX,T09,T09 General Sales and Gross Receipts Taxes,7537,2017,3
Q3-2017,Texas,TX,T10,T10 Alcoholic Beverages Sales Tax,301,2017,3
Q3-2017,Texas,TX,T11,T11 Amusements Sales Tax,8,2017,3
Q3-2017,Texas,TX,T12,T12 Insurance Premiums Sales Tax,956,2017,3
Q3-2017,Texas,TX,T13,T13 Motor Fuels Sales Tax,909,2017,3
Q3-2017,Texas,TX,T14,T14 Pari-Mutuels Sales Tax,1,2017,3
Q3-2017,Texas,TX,T15,T15 Public Utilities Sales Tax,181,2017,3
Q3-2017,Texas,TX,T16,T16 Tobacco Products Sales Tax,379,2017,3
Q3-2017,Texas,TX,T19,T19 Other Selective Sales and Gross Receipts Taxes,1345,2017,3
Q3-2017,Texas,TX,T20,T20 Alcoholic Beverages License,19,2017,3
Q3-2017,Texas,TX,T21,T21 Amusements License,2,2017,3
Q3-2017,Texas,TX,T22,T22 Corporations In General License,45,2017,3
Q3-2017,Texas,TX,T23,T23 Hunting and Fishing License,42,2017,3
Q3-2017,Texas,TX,T24,T24 Motor Vehicles License,562,2017,3
Q3-2017,Texas,TX,T25,T25 Motor Vehicle Operators License,35,2017,3
Q3-2017,Texas,TX,T27,T27 Public Utilities License,3,2017,3
Q3-2017,Texas,TX,T28,"T28 Occupation and Business License, Not Elsewhere Classified",107,2017,3
Q3-2017,Texas,TX,T29,T29 Other License Taxes,32,2017,3
Q3-2017,Texas,TX,T53,T53 Severance Taxes,859,2017,3
Q3-2017,Texas,TX,TOTAL,Total Taxes,13323,2017,3
Q4-2017,Texas,TX,T09,T09 General Sales and Gross Receipts Taxes,7805,2017,4
Q4-2017,Texas,TX,T10,T10 Alcoholic Beverages Sales Tax,318,2017,4
Q4-2017,Texas,TX,T11,T11 Amusements Sales Tax,7,2017,4
Q4-2017,Texas,TX,T12,T12 Insurance Premiums Sales Tax,74,2017,4
Q4-2017,Texas,TX,T13,T13 Motor Fuels Sales Tax,924,2017,4
Q4-2017,Texas,TX,T14,T14 Pari-Mutuels Sales Tax,1,2017,4
Q4-2017,Texas,TX,T15,T15 Public Utilities Sales Tax,152,2017,4
Q4-2017,Texas,TX,T16,T16 Tobacco Products Sales Tax,362,2017,4
Q4-2017,Texas,TX,T19,T19 Other Selective Sales and Gross Receipts Taxes,1442,2017,4
Q4-2017,Texas,TX,T20,T20 Alcoholic Beverages License,19,2017,4
Q4-2017,Texas,TX,T21,T21 Amusements License,7,2017,4
Q4-2017,Texas,TX,T22,T22 Corporations In General License,23,2017,4
Q4-2017,Texas,TX,T23,T23 Hunting and Fishing License,33,2017,4
Q4-2017,Texas,TX,T24,T24 Motor Vehicles License,551,2017,4
Q4-2017,Texas,TX,T25,T25 Motor Vehicle Operators License,33,2017,4
Q4-2017,Texas,TX,T27,T27 Public Utilities License,5,2017,4
Q4-2017,Texas,TX,T28,"T28 Occupation and Business License, Not Elsewhere Classified",190,2017,4
Q4-2017,Texas,TX,T29,T29 Other License Taxes,52,2017,4
Q4-2017,Texas,TX,T53,T53 Severance Taxes,1087,2017,4
Q4-2017,Texas,TX,TOTAL,Total Taxes,13083,2017,4
